run_date,data_latest_completed_day,symbol,name,custom_watchlist,decision,score,tier,market_state,pattern_type,close,change_pct,volume,volume_ratio,ma3,ma8,ma21,ma55,ma144,ma233,ma3_gap_pct,ma8_gap_pct,ma21_gap_pct,macd_hist,key_level,key_level_gap_pct,chip_status,reason,tracking_action
2026-05-05,2026-05-04,3037,欣興,,hold,85.0,secondary_watchlist,strong_uptrend,w_pattern,911.0,3.17,43631191,1.84,865.67,811.88,688.88,,,,,,,,538.0,,,,優先追蹤，等待突破後不跌破 3MA/8MA
2026-05-05,2026-05-04,4958,臻鼎-KY,,hold,85.0,secondary_watchlist,strong_uptrend,w_pattern,432.5,2.73,80952818,1.51,412.17,372.06,301.64,,,,,,,,188.5,,,,優先追蹤，等待突破後不跌破 3MA/8MA
2026-05-05,2026-05-04,6205,詮欣,6205 詮欣,hold,85.0,secondary_watchlist,strong_uptrend,w_pattern,94.5,9.25,11365796,1.56,90.9,84.85,72.26,,,,,,,,66.0,,,,優先追蹤，等待突破後不跌破 3MA/8MA
2026-05-05,2026-05-04,8046,南電,,reject,74.76,secondary_watchlist,strong_uptrend,,986.0,-1.89,22470773,0.98,969.0,903.0,759.52,,,,,,,,515.0,,,,暫不納入進場候選
2026-05-05,2026-05-04,2313,華通,,reject,54.38,lower_priority,strong_uptrend,,268.5,9.82,83875146,1.03,247.67,237.75,255.74,,,,,,,,215.0,,,,暫不納入進場候選
2026-05-04,2026-05-04,3037,欣興,,hold,85.0,secondary_watchlist,strong_uptrend,w_pattern,911.0,3.17,43631191,1.84,865.67,811.88,688.88,,,,,,,,538.0,,,,優先追蹤，等待突破後不跌破 3MA/8MA
2026-05-04,2026-05-04,6205,詮欣,6205 詮欣,hold,85.0,secondary_watchlist,strong_uptrend,w_pattern,94.5,9.25,11365796,1.56,90.9,84.85,72.26,,,,,,,,66.0,,,,優先追蹤，等待突破後不跌破 3MA/8MA
2026-05-04,2026-05-04,4958,臻鼎-KY,,hold,84.92,secondary_watchlist,strong_uptrend,w_pattern,432.5,2.73,81110860,1.49,412.17,372.06,301.64,,,,,,,,188.5,,,,觀察，不追高
2026-05-04,2026-05-04,8046,南電,,reject,74.58,secondary_watchlist,strong_uptrend,,986.0,-1.89,22522372,0.96,969.0,903.0,759.52,,,,,,,,515.0,,,,暫不納入進場候選
2026-05-04,2026-05-04,2313,華通,,reject,54.38,lower_priority,strong_uptrend,,268.5,9.82,83875146,1.03,247.67,237.75,255.74,,,,,,,,215.0,,,,暫不納入進場候選
2026-05-05,2026-05-05,6205,詮欣,6205 詮欣,hold,85.0,secondary_watchlist,strong_uptrend,w_pattern,98.2,3.92,17667577,2.17,93.07,86.22,74.39,,,,,,,,66.0,,,,優先追蹤，等待突破後不跌破 3MA/8MA
2026-05-05,2026-05-05,3037,欣興,,reject,76.89,secondary_watchlist,strong_uptrend,,903.0,-0.88,26817692,1.19,899.0,835.25,708.62,,,,,,,,538.0,,,,暫不納入進場候選
2026-05-05,2026-05-05,4958,臻鼎-KY,,reject,72.41,secondary_watchlist,strong_uptrend,,426.5,-1.39,40318253,0.74,426.67,386.0,311.5,,,,,,,,202.0,,,,暫不納入進場候選
2026-05-05,2026-05-05,8046,南電,,reject,70.49,secondary_watchlist,strong_uptrend,,997.0,1.12,11932373,0.55,996.0,927.25,779.67,,,,,,,,603.0,,,,暫不納入進場候選
2026-05-05,2026-05-05,2313,華通,,hold,70.12,secondary_watchlist,strong_uptrend,w_pattern,274.5,2.23,126129260,1.54,262.5,241.19,256.14,,,,,,,,249.0,,,,觀察，不追高
2026-05-06,2026-05-06,3037,欣興,,hold,85.0,secondary_watchlist,strong_uptrend,w_pattern,858.0,-4.98,44664272,1.95,890.67,851.5,724.76,,,,,,,,538.0,,,,優先追蹤，等待突破後不跌破 3MA/8MA
2026-05-06,2026-05-06,6205,詮欣,6205 詮欣,hold,85.0,secondary_watchlist,strong_uptrend,w_pattern,94.1,-4.18,15836336,1.78,95.6,88.17,76.4,,,,,,,,55.2,,,,優先追蹤，等待突破後不跌破 3MA/8MA
2026-05-06,2026-05-06,4958,臻鼎-KY,,reject,76.24,secondary_watchlist,strong_uptrend,,412.0,-3.4,56667967,1.02,423.67,396.88,320.95,,,,,,,,394.0,,,,暫不納入進場候選
2026-05-06,2026-05-06,8046,南電,,reject,70.5,secondary_watchlist,strong_uptrend,,940.0,-5.72,22794178,1.05,974.33,945.38,797.38,,,,,,,,977.0,,,,暫不納入進場候選
2026-05-06,2026-05-06,2313,華通,,reject,56.46,secondary_watchlist,constructive,,250.0,-8.93,105025955,1.28,264.33,244.62,255.67,,,,,,,,294.0,,,,暫不納入進場候選
2026-05-13,2026-05-06,3037,欣興,,hold,85.0,secondary_watchlist,strong_uptrend,w_pattern,858.0,-4.98,44664272,1.95,890.67,851.5,724.76,,,,,,,,538.0,,,,優先追蹤，等待5K切入點與60K MACD確認
2026-05-13,2026-05-06,6205,詮欣,6205 詮欣,hold,85.0,secondary_watchlist,strong_uptrend,w_pattern,94.1,-4.18,15836336,1.78,95.6,88.17,76.4,,,,,,,,55.2,,,,優先追蹤，等待5K切入點與60K MACD確認
2026-05-13,2026-05-06,4958,臻鼎-KY,,reject,76.24,secondary_watchlist,strong_uptrend,,412.0,-3.4,56667967,1.02,423.67,396.88,320.95,,,,,,,,394.0,,,,暫不納入進場候選
2026-05-13,2026-05-06,8046,南電,,reject,72.5,secondary_watchlist,strong_uptrend,,940.0,-5.72,22794178,1.05,974.33,945.38,797.38,,,,,,,,974.3333333333334,,,,暫不納入進場候選
2026-05-13,2026-05-06,2313,華通,,reject,56.46,secondary_watchlist,constructive,,250.0,-8.93,105025955,1.28,264.33,244.62,255.67,,,,,,,,294.0,,,,暫不納入進場候選
2026-05-13,2026-05-13,4958,臻鼎-KY,,hold,82.28,secondary_watchlist,strong_uptrend,ma_bloom,442.5,8.72,72787309,1.23,420.5,420.06,360.52,,,,,,,,420.5,,,,觀察，不追高
2026-05-13,2026-05-13,3037,欣興,,hold,67.97,secondary_watchlist,strong_uptrend,w_pattern,892.0,1.94,26678000,1.28,876.0,876.75,785.19,,,,,,,,538.0,,,,觀察，不追高
2026-05-13,2026-05-13,6205,詮欣,6205 詮欣,reject,51.14,lower_priority,constructive,,80.4,-6.4,3265504,0.35,84.13,89.35,83.33,,,,,,,,55.2,,,,暫不納入進場候選
2026-05-13,2026-05-13,2313,華通,,reject,51.04,lower_priority,constructive,,237.0,-8.85,94311586,1.19,246.33,254.38,248.36,,,,,,,,294.0,,,,暫不納入進場候選
2026-05-13,2026-05-13,8046,南電,,reject,50.89,lower_priority,strong_uptrend,,880.0,-2.22,11705998,0.58,896.0,926.5,856.29,,,,,,,,1035.0,,,,暫不納入進場候選
2026-05-14,2026-05-13,4958,臻鼎-KY,,hold,82.28,secondary_watchlist,strong_uptrend,ma_bloom,442.5,8.72,72787309,1.23,420.5,420.06,360.52,,,,5.23,5.34,22.74,0.44,420.5,5.23,籌碼未確認,均線分數 100，價格相對主要均線檢查完成；日線 3MA>8MA>21MA True，短均斜率向上 True，站上3MA True；沒有籌碼資料，僅能列入技術觀察，不列最高優先；籌碼未確認偏多，只能列觀察組，不能列實際操作組,觀察，不追高
2026-05-14,2026-05-13,3037,欣興,,hold,67.97,secondary_watchlist,strong_uptrend,w_pattern,892.0,1.94,26678000,1.28,876.0,876.75,785.19,,,,1.83,1.74,13.6,-3.39,538.0,65.8,籌碼未確認,均線分數 65，價格相對主要均線檢查完成；頸線 538.00，第二底不破/假跌破檢查 True；沒有籌碼資料，僅能列入技術觀察，不列最高優先；籌碼未確認偏多，只能列觀察組，不能列實際操作組,觀察，不追高
2026-05-14,2026-05-14,1597,1597,,reject,67.5,secondary_watchlist,strong_uptrend,,180.0,-4.76,1210759,0.25,185.33,180.31,143.67,,,,-2.88,-0.17,25.29,3.24,89.4,101.34,籌碼未確認,均線分數 100，價格相對主要均線檢查完成；頸線 89.40，第二底不破/假跌破檢查 True；沒有籌碼資料，僅能列入技術觀察，不列最高優先；沒有結構，不做；沒有足夠成交量，不列最高優先；籌碼未確認偏多，只能列觀察組，不能列實際操作組,暫不納入進場候選
2026-05-14,2026-05-14,8150,8150,,reject,56.62,secondary_watchlist,strong_uptrend,,83.9,-1.87,31450051,0.65,85.47,88.94,77.71,,,,-1.83,-5.66,7.97,0.5,56.8,47.71,籌碼未確認,均線分數 65，價格相對主要均線檢查完成；頸線 56.80，第二底不破/假跌破檢查 True；沒有籌碼資料，僅能列入技術觀察，不列最高優先；沒有結構，不做；沒有足夠成交量，不列最高優先；籌碼未確認偏多，只能列觀察組，不能列實際操作組,暫不納入進場候選
2026-05-14,2026-05-14,2464,2464,,reject,55.38,secondary_watchlist,strong_uptrend,,115.0,2.22,12923311,0.53,115.17,115.31,101.9,,,,-0.14,-0.27,12.85,0.16,69.2,66.18,籌碼未確認,均線分數 65，價格相對主要均線檢查完成；頸線 69.20，第二底不破/假跌破檢查 True；沒有籌碼資料，僅能列入技術觀察，不列最高優先；沒有結構，不做；沒有足夠成交量，不列最高優先；籌碼未確認偏多，只能列觀察組，不能列實際操作組,暫不納入進場候選
2026-05-14,2026-05-14,2484,2484,,reject,53.74,lower_priority,constructive,,38.3,1.06,7908279,0.61,38.37,40.59,41.42,,,,-0.17,-5.64,-7.53,-0.9,30.9,23.95,籌碼未確認,均線分數 65，價格相對主要均線檢查完成；頸線 30.90，第二底不破/假跌破檢查 True；沒有籌碼資料，僅能列入技術觀察，不列最高優先；沒有結構，不做；沒有足夠成交量，不列最高優先；籌碼未確認偏多，只能列觀察組，不能列實際操作組,暫不納入進場候選
2026-05-14,2026-05-14,3057,3057,,reject,52.97,lower_priority,constructive,,19.1,-4.5,382650,0.53,19.85,20.71,19.74,,,,-3.78,-7.76,-3.26,-0.15,15.95,19.75,籌碼未確認,均線分數 65，價格相對主要均線檢查完成；頸線 15.95，第二底不破/假跌破檢查 True；沒有籌碼資料，僅能列入技術觀察，不列最高優先；沒有結構，不做；沒有足夠成交量，不列最高優先；籌碼未確認偏多，只能列觀察組，不能列實際操作組,暫不納入進場候選
2026-05-14,2026-05-13,6205,詮欣,6205 詮欣,reject,51.14,lower_priority,constructive,,80.4,-6.4,3265504,0.35,84.13,89.35,83.33,,,,-4.44,-10.02,-3.51,-1.45,55.2,45.65,籌碼未確認,均線分數 65，價格相對主要均線檢查完成；頸線 55.20，第二底不破/假跌破檢查 True；沒有籌碼資料，僅能列入技術觀察，不列最高優先；沒有結構，不做；沒有足夠成交量，不列最高優先；籌碼未確認偏多，只能列觀察組，不能列實際操作組,暫不納入進場候選
2026-05-14,2026-05-13,2313,華通,,reject,51.04,lower_priority,constructive,,237.0,-8.85,94311586,1.19,246.33,254.38,248.36,,,,-3.79,-6.83,-4.57,-1.41,294.0,-19.39,籌碼未確認,均線分數 65，價格相對主要均線檢查完成；N 字關鍵位 294.00，量縮回檔 True；沒有籌碼資料，僅能列入技術觀察，不列最高優先；沒有結構，不做；沒有足夠成交量，不列最高優先；籌碼未確認偏多，只能列觀察組，不能列實際操作組,暫不納入進場候選
2026-05-14,2026-05-13,8046,南電,,reject,50.89,lower_priority,strong_uptrend,,880.0,-2.22,11705998,0.58,896.0,926.5,856.29,,,,-1.79,-5.02,2.77,-15.07,1035.0,-14.98,籌碼未確認,均線分數 65，價格相對主要均線檢查完成；N 字關鍵位 1035.00，量縮回檔 False；沒有籌碼資料，僅能列入技術觀察，不列最高優先；沒有結構，不做；沒有足夠成交量，不列最高優先；籌碼未確認偏多，只能列觀察組，不能列實際操作組,暫不納入進場候選
2026-05-15,2026-05-13,4958,臻鼎-KY,,hold,82.28,secondary_watchlist,strong_uptrend,ma_bloom,442.5,8.72,72787309,1.23,420.5,420.06,360.52,,,,5.23,5.34,22.74,0.44,420.5,5.23,籌碼未確認,均線分數 100，價格相對主要均線檢查完成；日線 3MA>8MA>21MA True，短均斜率向上 True，站上3MA True；沒有籌碼資料，僅能列入技術觀察，不列最高優先；籌碼未確認偏多，只能列觀察組，不能列實際操作組,觀察，不追高
2026-05-15,2026-05-15,2464,2464,,reject,73.56,secondary_watchlist,strong_uptrend,,126.5,10.0,21752108,0.86,118.0,117.0,104.39,,,,7.2,8.12,21.18,0.49,69.2,82.8,籌碼未確認,均線分數 100，價格相對主要均線檢查完成；頸線 69.20，第二底不破/假跌破檢查 True；沒有籌碼資料，僅能列入技術觀察，不列最高優先；沒有結構，不做；沒有足夠成交量，不列最高優先；籌碼未確認偏多，只能列觀察組，不能列實際操作組,暫不納入進場候選
2026-05-15,2026-05-15,1597,1597,,reject,68.06,secondary_watchlist,strong_uptrend,,179.5,-0.28,1396454,0.31,182.83,181.12,146.71,,,,-1.82,-0.9,22.35,2.03,90.0,99.44,籌碼未確認,均線分數 100，價格相對主要均線檢查完成；頸線 90.00，第二底不破/假跌破檢查 True；沒有籌碼資料，僅能列入技術觀察，不列最高優先；沒有結構，不做；沒有足夠成交量，不列最高優先；籌碼未確認偏多，只能列觀察組，不能列實際操作組,暫不納入進場候選
2026-05-15,2026-05-13,3037,欣興,,hold,67.97,secondary_watchlist,strong_uptrend,w_pattern,892.0,1.94,26678000,1.28,876.0,876.75,785.19,,,,1.83,1.74,13.6,-3.39,538.0,65.8,籌碼未確認,均線分數 65，價格相對主要均線檢查完成；頸線 538.00，第二底不破/假跌破檢查 True；沒有籌碼資料，僅能列入技術觀察，不列最高優先；籌碼未確認偏多，只能列觀察組，不能列實際操作組,觀察，不追高
2026-05-15,2026-05-15,8150,8150,,reject,55.15,secondary_watchlist,strong_uptrend,,80.9,-3.58,23693876,0.5,83.43,88.54,78.37,,,,-3.04,-8.63,3.23,-0.14,56.8,42.43,籌碼未確認,均線分數 65，價格相對主要均線檢查完成；頸線 56.80，第二底不破/假跌破檢查 True；沒有籌碼資料，僅能列入技術觀察，不列最高優先；沒有結構，不做；沒有足夠成交量，不列最高優先；籌碼未確認偏多，只能列觀察組，不能列實際操作組,暫不納入進場候選
2026-05-15,2026-05-15,3057,3057,,reject,53.31,lower_priority,constructive,,18.4,-3.66,404663,0.57,19.17,20.48,19.71,,,,-4.0,-10.16,-6.67,-0.28,15.95,15.36,籌碼未確認,均線分數 65，價格相對主要均線檢查完成；頸線 15.95，第二底不破/假跌破檢查 True；沒有籌碼資料，僅能列入技術觀察，不列最高優先；沒有結構，不做；沒有足夠成交量，不列最高優先；籌碼未確認偏多，只能列觀察組，不能列實際操作組,暫不納入進場候選
2026-05-15,2026-05-15,2484,2484,,reject,51.77,lower_priority,constructive,,37.3,-2.61,5094692,0.41,37.83,39.93,41.45,,,,-1.41,-6.59,-10.01,-0.97,31.65,17.85,籌碼未確認,均線分數 65，價格相對主要均線檢查完成；頸線 31.65，第二底不破/假跌破檢查 True；沒有籌碼資料，僅能列入技術觀察，不列最高優先；沒有結構，不做；沒有足夠成交量，不列最高優先；籌碼未確認偏多，只能列觀察組，不能列實際操作組,暫不納入進場候選
2026-05-15,2026-05-13,6205,詮欣,6205 詮欣,reject,51.14,lower_priority,constructive,,80.4,-6.4,3265504,0.35,84.13,89.35,83.33,,,,-4.44,-10.02,-3.51,-1.45,55.2,45.65,籌碼未確認,均線分數 65，價格相對主要均線檢查完成；頸線 55.20，第二底不破/假跌破檢查 True；沒有籌碼資料，僅能列入技術觀察，不列最高優先；沒有結構，不做；沒有足夠成交量，不列最高優先；籌碼未確認偏多，只能列觀察組，不能列實際操作組,暫不納入進場候選
2026-05-15,2026-05-13,2313,華通,,reject,51.04,lower_priority,constructive,,237.0,-8.85,94311586,1.19,246.33,254.38,248.36,,,,-3.79,-6.83,-4.57,-1.41,294.0,-19.39,籌碼未確認,均線分數 65，價格相對主要均線檢查完成；N 字關鍵位 294.00，量縮回檔 True；沒有籌碼資料，僅能列入技術觀察，不列最高優先；沒有結構，不做；沒有足夠成交量，不列最高優先；籌碼未確認偏多，只能列觀察組，不能列實際操作組,暫不納入進場候選
2026-05-15,2026-05-13,8046,南電,,reject,50.89,lower_priority,strong_uptrend,,880.0,-2.22,11705998,0.58,896.0,926.5,856.29,,,,-1.79,-5.02,2.77,-15.07,1035.0,-14.98,籌碼未確認,均線分數 65，價格相對主要均線檢查完成；N 字關鍵位 1035.00，量縮回檔 False；沒有籌碼資料，僅能列入技術觀察，不列最高優先；沒有結構，不做；沒有足夠成交量，不列最高優先；籌碼未確認偏多，只能列觀察組，不能列實際操作組,暫不納入進場候選
2026-05-16,2026-05-13,4958,臻鼎-KY,,hold,82.28,secondary_watchlist,strong_uptrend,ma_bloom,442.5,8.72,72787309,1.23,420.5,420.06,360.52,,,,5.23,5.34,22.74,0.44,420.5,5.23,籌碼未確認,均線分數 100，價格相對主要均線檢查完成；日線 3MA>8MA>21MA True，短均斜率向上 True，站上3MA True；沒有籌碼資料，僅能列入技術觀察，不列最高優先；籌碼未確認偏多，只能列觀察組，不能列實際操作組,觀察，不追高
2026-05-16,2026-05-15,2464,2464,,reject,73.46,secondary_watchlist,strong_uptrend,,126.5,10.0,21483050,0.85,118.0,117.0,104.39,,,,7.2,8.12,21.18,0.49,69.2,82.8,籌碼未確認,均線分數 100，價格相對主要均線檢查完成；頸線 69.20，第二底不破/假跌破檢查 True；沒有籌碼資料，僅能列入技術觀察，不列最高優先；沒有結構，不做；沒有足夠成交量，不列最高優先；籌碼未確認偏多，只能列觀察組，不能列實際操作組,暫不納入進場候選
2026-05-16,2026-05-15,1597,1597,,reject,68.02,secondary_watchlist,strong_uptrend,,179.5,-0.28,1361482,0.3,182.83,181.12,146.71,,,,-1.82,-0.9,22.35,2.03,90.0,99.44,籌碼未確認,均線分數 100，價格相對主要均線檢查完成；頸線 90.00，第二底不破/假跌破檢查 True；沒有籌碼資料，僅能列入技術觀察，不列最高優先；沒有結構，不做；沒有足夠成交量，不列最高優先；籌碼未確認偏多，只能列觀察組，不能列實際操作組,暫不納入進場候選
2026-05-16,2026-05-13,3037,欣興,,hold,67.97,secondary_watchlist,strong_uptrend,w_pattern,892.0,1.94,26678000,1.28,876.0,876.75,785.19,,,,1.83,1.74,13.6,-3.39,538.0,65.8,籌碼未確認,均線分數 65，價格相對主要均線檢查完成；頸線 538.00，第二底不破/假跌破檢查 True；沒有籌碼資料，僅能列入技術觀察，不列最高優先；籌碼未確認偏多，只能列觀察組，不能列實際操作組,觀察，不追高
2026-05-16,2026-05-15,8150,8150,,reject,55.12,secondary_watchlist,strong_uptrend,,80.9,-3.58,23364328,0.5,83.43,88.54,78.37,,,,-3.04,-8.63,3.23,-0.14,56.8,42.43,籌碼未確認,均線分數 65，價格相對主要均線檢查完成；頸線 56.80，第二底不破/假跌破檢查 True；沒有籌碼資料，僅能列入技術觀察，不列最高優先；沒有結構，不做；沒有足夠成交量，不列最高優先；籌碼未確認偏多，只能列觀察組，不能列實際操作組,暫不納入進場候選
2026-05-16,2026-05-15,3057,3057,,reject,53.22,lower_priority,constructive,,18.4,-3.66,398315,0.56,19.17,20.48,19.71,,,,-4.0,-10.16,-6.67,-0.28,15.95,15.36,籌碼未確認,均線分數 65，價格相對主要均線檢查完成；頸線 15.95，第二底不破/假跌破檢查 True；沒有籌碼資料，僅能列入技術觀察，不列最高優先；沒有結構，不做；沒有足夠成交量，不列最高優先；籌碼未確認偏多，只能列觀察組，不能列實際操作組,暫不納入進場候選
2026-05-16,2026-05-15,2484,2484,,reject,51.76,lower_priority,constructive,,37.3,-2.61,5078877,0.41,37.83,39.93,41.45,,,,-1.41,-6.59,-10.01,-0.97,31.65,17.85,籌碼未確認,均線分數 65，價格相對主要均線檢查完成；頸線 31.65，第二底不破/假跌破檢查 True；沒有籌碼資料，僅能列入技術觀察，不列最高優先；沒有結構，不做；沒有足夠成交量，不列最高優先；籌碼未確認偏多，只能列觀察組，不能列實際操作組,暫不納入進場候選
2026-05-16,2026-05-13,6205,詮欣,6205 詮欣,reject,51.14,lower_priority,constructive,,80.4,-6.4,3265504,0.35,84.13,89.35,83.33,,,,-4.44,-10.02,-3.51,-1.45,55.2,45.65,籌碼未確認,均線分數 65，價格相對主要均線檢查完成；頸線 55.20，第二底不破/假跌破檢查 True；沒有籌碼資料，僅能列入技術觀察，不列最高優先；沒有結構，不做；沒有足夠成交量，不列最高優先；籌碼未確認偏多，只能列觀察組，不能列實際操作組,暫不納入進場候選
2026-05-16,2026-05-13,2313,華通,,reject,51.04,lower_priority,constructive,,237.0,-8.85,94311586,1.19,246.33,254.38,248.36,,,,-3.79,-6.83,-4.57,-1.41,294.0,-19.39,籌碼未確認,均線分數 65，價格相對主要均線檢查完成；N 字關鍵位 294.00，量縮回檔 True；沒有籌碼資料，僅能列入技術觀察，不列最高優先；沒有結構，不做；沒有足夠成交量，不列最高優先；籌碼未確認偏多，只能列觀察組，不能列實際操作組,暫不納入進場候選
2026-05-16,2026-05-13,8046,南電,,reject,50.89,lower_priority,strong_uptrend,,880.0,-2.22,11705998,0.58,896.0,926.5,856.29,,,,-1.79,-5.02,2.77,-15.07,1035.0,-14.98,籌碼未確認,均線分數 65，價格相對主要均線檢查完成；N 字關鍵位 1035.00，量縮回檔 False；沒有籌碼資料，僅能列入技術觀察，不列最高優先；沒有結構，不做；沒有足夠成交量，不列最高優先；籌碼未確認偏多，只能列觀察組，不能列實際操作組,暫不納入進場候選
2026-05-17,2026-05-13,4958,臻鼎-KY,,hold,82.28,secondary_watchlist,strong_uptrend,ma_bloom,442.5,8.72,72787309,1.23,420.5,420.06,360.52,,,,5.23,5.34,22.74,0.44,420.5,5.23,籌碼未確認,均線分數 100，價格相對主要均線檢查完成；日線 3MA>8MA>21MA True，短均斜率向上 True，站上3MA True；沒有籌碼資料，僅能列入技術觀察，不列最高優先；籌碼未確認偏多，只能列觀察組，不能列實際操作組,觀察，不追高
2026-05-17,2026-05-15,2464,盟立,,reject,73.46,secondary_watchlist,strong_uptrend,,126.5,10.0,21483050,0.85,118.0,117.0,104.39,,,,7.2,8.12,21.18,0.49,69.2,82.8,籌碼未確認,均線分數 100，價格相對主要均線檢查完成；頸線 69.20，第二底不破/假跌破檢查 True；沒有籌碼資料，僅能列入技術觀察，不列最高優先；沒有結構，不做；沒有足夠成交量，不列最高優先；籌碼未確認偏多，只能列觀察組，不能列實際操作組,暫不納入進場候選
2026-05-17,2026-05-15,2492,華新科,,reject,71.2,secondary_watchlist,strong_uptrend,,206.0,-6.36,12339110,0.62,208.67,181.12,155.71,,,,-1.28,13.73,32.29,7.48,120.5,70.95,籌碼未確認,均線分數 100，價格相對主要均線檢查完成；頸線 120.50，第二底不破/假跌破檢查 True；沒有籌碼資料，僅能列入技術觀察，不列最高優先；沒有結構，不做；沒有足夠成交量，不列最高優先；籌碼未確認偏多，只能列觀察組，不能列實際操作組,暫不納入進場候選
2026-05-17,2026-05-15,1597,直得,,reject,68.02,secondary_watchlist,strong_uptrend,,179.5,-0.28,1361482,0.3,182.83,181.12,146.71,,,,-1.82,-0.9,22.35,2.03,90.0,99.44,籌碼未確認,均線分數 100，價格相對主要均線檢查完成；頸線 90.00，第二底不破/假跌破檢查 True；沒有籌碼資料，僅能列入技術觀察，不列最高優先；沒有結構，不做；沒有足夠成交量，不列最高優先；籌碼未確認偏多，只能列觀察組，不能列實際操作組,暫不納入進場候選
2026-05-17,2026-05-13,3037,欣興,,hold,67.97,secondary_watchlist,strong_uptrend,w_pattern,892.0,1.94,26678000,1.28,876.0,876.75,785.19,,,,1.83,1.74,13.6,-3.39,538.0,65.8,籌碼未確認,均線分數 65，價格相對主要均線檢查完成；頸線 538.00，第二底不破/假跌破檢查 True；沒有籌碼資料，僅能列入技術觀察，不列最高優先；籌碼未確認偏多，只能列觀察組，不能列實際操作組,觀察，不追高
2026-05-17,2026-05-15,3450,聯鈞,,reject,67.15,secondary_watchlist,strong_uptrend,,395.5,-6.28,4451008,0.22,419.5,411.0,365.76,,,,-5.72,-3.77,8.13,5.76,258.0,53.29,籌碼未確認,均線分數 100，價格相對主要均線檢查完成；頸線 258.00，第二底不破/假跌破檢查 True；沒有籌碼資料，僅能列入技術觀察，不列最高優先；沒有結構，不做；沒有足夠成交量，不列最高優先；籌碼未確認偏多，只能列觀察組，不能列實際操作組,暫不納入進場候選
2026-05-17,2026-05-15,8150,南茂,,reject,55.12,secondary_watchlist,strong_uptrend,,80.9,-3.58,23364328,0.5,83.43,88.54,78.37,,,,-3.04,-8.63,3.23,-0.14,56.8,42.43,籌碼未確認,均線分數 65，價格相對主要均線檢查完成；頸線 56.80，第二底不破/假跌破檢查 True；沒有籌碼資料，僅能列入技術觀察，不列最高優先；沒有結構，不做；沒有足夠成交量，不列最高優先；籌碼未確認偏多，只能列觀察組，不能列實際操作組,暫不納入進場候選
2026-05-17,2026-05-15,3057,喬鼎,,reject,53.22,lower_priority,constructive,,18.4,-3.66,398315,0.56,19.17,20.48,19.71,,,,-4.0,-10.16,-6.67,-0.28,15.95,15.36,籌碼未確認,均線分數 65，價格相對主要均線檢查完成；頸線 15.95，第二底不破/假跌破檢查 True；沒有籌碼資料，僅能列入技術觀察，不列最高優先；沒有結構，不做；沒有足夠成交量，不列最高優先；籌碼未確認偏多，只能列觀察組，不能列實際操作組,暫不納入進場候選
2026-05-17,2026-05-15,2484,希華,,reject,51.76,lower_priority,constructive,,37.3,-2.61,5078877,0.41,37.83,39.93,41.45,,,,-1.41,-6.59,-10.01,-0.97,31.65,17.85,籌碼未確認,均線分數 65，價格相對主要均線檢查完成；頸線 31.65，第二底不破/假跌破檢查 True；沒有籌碼資料，僅能列入技術觀察，不列最高優先；沒有結構，不做；沒有足夠成交量，不列最高優先；籌碼未確認偏多，只能列觀察組，不能列實際操作組,暫不納入進場候選
2026-05-17,2026-05-13,6205,詮欣,6205 詮欣,reject,51.14,lower_priority,constructive,,80.4,-6.4,3265504,0.35,84.13,89.35,83.33,,,,-4.44,-10.02,-3.51,-1.45,55.2,45.65,籌碼未確認,均線分數 65，價格相對主要均線檢查完成；頸線 55.20，第二底不破/假跌破檢查 True；沒有籌碼資料，僅能列入技術觀察，不列最高優先；沒有結構，不做；沒有足夠成交量，不列最高優先；籌碼未確認偏多，只能列觀察組，不能列實際操作組,暫不納入進場候選
2026-05-17,2026-05-13,2313,華通,,reject,51.04,lower_priority,constructive,,237.0,-8.85,94311586,1.19,246.33,254.38,248.36,,,,-3.79,-6.83,-4.57,-1.41,294.0,-19.39,籌碼未確認,均線分數 65，價格相對主要均線檢查完成；N 字關鍵位 294.00，量縮回檔 True；沒有籌碼資料，僅能列入技術觀察，不列最高優先；沒有結構，不做；沒有足夠成交量，不列最高優先；籌碼未確認偏多，只能列觀察組，不能列實際操作組,暫不納入進場候選
2026-05-17,2026-05-13,8046,南電,,reject,50.89,lower_priority,strong_uptrend,,880.0,-2.22,11705998,0.58,896.0,926.5,856.29,,,,-1.79,-5.02,2.77,-15.07,1035.0,-14.98,籌碼未確認,均線分數 65，價格相對主要均線檢查完成；N 字關鍵位 1035.00，量縮回檔 False；沒有籌碼資料，僅能列入技術觀察，不列最高優先；沒有結構，不做；沒有足夠成交量，不列最高優先；籌碼未確認偏多，只能列觀察組，不能列實際操作組,暫不納入進場候選
2026-05-17,2026-05-15,3033,威健,,hold,85.0,secondary_watchlist,strong_uptrend,w_pattern,47.9,3.23,30397356,1.99,45.75,44.36,38.94,,,,4.7,7.99,23.01,0.83,32.9,45.59,籌碼未確認,均線分數 100，價格相對主要均線檢查完成；頸線 32.90，第二底不破/假跌破檢查 True；沒有籌碼資料，僅能列入技術觀察，不列最高優先；籌碼未確認偏多，只能列觀察組，不能列實際操作組,優先追蹤，等待5K切入點與60K MACD確認
2026-05-17,2026-05-15,3481,群創,,hold,85.0,secondary_watchlist,strong_uptrend,w_pattern,36.1,1.98,890539034,1.83,36.33,33.01,28.15,,,,-0.64,9.37,28.26,1.18,24.7,46.15,籌碼未確認,均線分數 100，價格相對主要均線檢查完成；頸線 24.70，第二底不破/假跌破檢查 True；沒有籌碼資料，僅能列入技術觀察，不列最高優先；籌碼未確認偏多，只能列觀察組，不能列實際操作組,優先追蹤，等待5K切入點與60K MACD確認
2026-05-17,2026-05-15,3048,益登,,hold,72.25,secondary_watchlist,strong_uptrend,w_pattern,56.1,10.0,23929157,2.68,51.18,46.39,41.83,,,,9.61,20.92,34.12,1.52,35.2,59.37,籌碼未確認,均線分數 70，價格相對主要均線檢查完成；頸線 35.20，第二底不破/假跌破檢查 True；沒有籌碼資料，僅能列入技術觀察，不列最高優先；籌碼未確認偏多，只能列觀察組，不能列實際操作組,觀察，不追高
2026-05-17,2026-05-15,3026,禾伸堂,,reject,67.81,secondary_watchlist,strong_uptrend,,327.0,-8.53,2587400,0.28,336.5,321.5,266.55,,,,-2.82,1.71,22.68,5.82,157.5,107.62,籌碼未確認,均線分數 100，價格相對主要均線檢查完成；頸線 157.50，第二底不破/假跌破檢查 True；沒有籌碼資料，僅能列入技術觀察，不列最高優先；沒有結構，不做；沒有足夠成交量，不列最高優先；籌碼未確認偏多，只能列觀察組，不能列實際操作組,暫不納入進場候選
2026-05-18,2026-05-15,3033,威健,,hold,85.0,secondary_watchlist,strong_uptrend,w_pattern,47.9,3.23,30397356,1.99,45.75,44.36,38.94,34.8,32.05,31.89,4.7,7.99,23.01,0.83,32.9,45.59,籌碼未確認,均線分數 100，價格相對主要均線檢查完成；頸線 32.90，第二底不破/假跌破檢查 True；沒有籌碼資料，僅能列入技術觀察，不列最高優先；籌碼未確認偏多，只能列觀察組，不能列實際操作組,優先追蹤，等待5K切入點與60K MACD確認
2026-05-18,2026-05-15,3481,群創,,hold,85.0,secondary_watchlist,strong_uptrend,w_pattern,36.1,1.98,890539034,1.83,36.33,33.01,28.15,27.13,20.74,17.59,-0.64,9.37,28.26,1.18,24.7,46.15,籌碼未確認,均線分數 100，價格相對主要均線檢查完成；頸線 24.70，第二底不破/假跌破檢查 True；沒有籌碼資料，僅能列入技術觀察，不列最高優先；籌碼未確認偏多，只能列觀察組，不能列實際操作組,優先追蹤，等待5K切入點與60K MACD確認
2026-05-18,2026-05-13,4958,臻鼎-KY,,hold,82.28,secondary_watchlist,strong_uptrend,ma_bloom,442.5,8.72,72787309,1.23,420.5,420.06,360.52,264.66,197.33,173.51,5.23,5.34,22.74,0.44,420.5,5.23,籌碼未確認,均線分數 100，價格相對主要均線檢查完成；日線 3MA>8MA>21MA True，短均斜率向上 True，站上3MA True；沒有籌碼資料，僅能列入技術觀察，不列最高優先；籌碼未確認偏多，只能列觀察組，不能列實際操作組,觀察，不追高
2026-05-18,2026-05-15,2464,盟立,,reject,73.46,secondary_watchlist,strong_uptrend,,126.5,10.0,21483050,0.85,118.0,117.0,104.39,83.88,71.64,68.52,7.2,8.12,21.18,0.49,69.2,82.8,籌碼未確認,均線分數 100，價格相對主要均線檢查完成；頸線 69.20，第二底不破/假跌破檢查 True；沒有籌碼資料，僅能列入技術觀察，不列最高優先；沒有結構，不做；沒有足夠成交量，不列最高優先；籌碼未確認偏多，只能列觀察組，不能列實際操作組,暫不納入進場候選
2026-05-18,2026-05-15,3048,益登,,hold,72.25,secondary_watchlist,strong_uptrend,w_pattern,56.1,10.0,23929157,2.68,51.18,46.39,41.83,39.23,39.35,36.13,9.61,20.92,34.12,1.52,35.2,59.37,籌碼未確認,均線分數 70，價格相對主要均線檢查完成；頸線 35.20，第二底不破/假跌破檢查 True；沒有籌碼資料，僅能列入技術觀察，不列最高優先；籌碼未確認偏多，只能列觀察組，不能列實際操作組,觀察，不追高
2026-05-18,2026-05-15,2492,華新科,,reject,71.2,secondary_watchlist,strong_uptrend,,206.0,-6.36,12339110,0.62,208.67,181.12,155.71,140.85,129.59,112.32,-1.28,13.73,32.29,7.48,120.5,70.95,籌碼未確認,均線分數 100，價格相對主要均線檢查完成；頸線 120.50，第二底不破/假跌破檢查 True；沒有籌碼資料，僅能列入技術觀察，不列最高優先；沒有結構，不做；沒有足夠成交量，不列最高優先；籌碼未確認偏多，只能列觀察組，不能列實際操作組,暫不納入進場候選
2026-05-18,2026-05-15,1597,直得,,reject,68.02,secondary_watchlist,strong_uptrend,,179.5,-0.28,1361482,0.3,182.83,181.12,146.71,108.18,88.14,86.76,-1.82,-0.9,22.35,2.03,90.0,99.44,籌碼未確認,均線分數 100，價格相對主要均線檢查完成；頸線 90.00，第二底不破/假跌破檢查 True；沒有籌碼資料，僅能列入技術觀察，不列最高優先；沒有結構，不做；沒有足夠成交量，不列最高優先；籌碼未確認偏多，只能列觀察組，不能列實際操作組,暫不納入進場候選
2026-05-18,2026-05-13,3037,欣興,,hold,67.97,secondary_watchlist,strong_uptrend,w_pattern,892.0,1.94,26678000,1.28,876.0,876.75,785.19,608.31,369.26,277.49,1.83,1.74,13.6,-3.39,538.0,65.8,籌碼未確認,均線分數 65，價格相對主要均線檢查完成；頸線 538.00，第二底不破/假跌破檢查 True；沒有籌碼資料，僅能列入技術觀察，不列最高優先；籌碼未確認偏多，只能列觀察組，不能列實際操作組,觀察，不追高
2026-05-18,2026-05-15,3026,禾伸堂,,reject,67.81,secondary_watchlist,strong_uptrend,,327.0,-8.53,2587400,0.28,336.5,321.5,266.55,185.71,136.46,116.25,-2.82,1.71,22.68,5.82,157.5,107.62,籌碼未確認,均線分數 100，價格相對主要均線檢查完成；頸線 157.50，第二底不破/假跌破檢查 True；沒有籌碼資料，僅能列入技術觀察，不列最高優先；沒有結構，不做；沒有足夠成交量，不列最高優先；籌碼未確認偏多，只能列觀察組，不能列實際操作組,暫不納入進場候選
2026-05-18,2026-05-15,3450,聯鈞,,reject,67.15,secondary_watchlist,strong_uptrend,,395.5,-6.28,4451008,0.22,419.5,411.0,365.76,313.37,277.98,251.85,-5.72,-3.77,8.13,5.76,258.0,53.29,籌碼未確認,均線分數 100，價格相對主要均線檢查完成；頸線 258.00，第二底不破/假跌破檢查 True；沒有籌碼資料，僅能列入技術觀察，不列最高優先；沒有結構，不做；沒有足夠成交量，不列最高優先；籌碼未確認偏多，只能列觀察組，不能列實際操作組,暫不納入進場候選
2026-05-18,2026-05-15,8150,南茂,,reject,55.12,secondary_watchlist,strong_uptrend,,80.9,-3.58,23364328,0.5,83.43,88.54,78.37,67.61,54.55,44.07,-3.04,-8.63,3.23,-0.14,56.8,42.43,籌碼未確認,均線分數 65，價格相對主要均線檢查完成；頸線 56.80，第二底不破/假跌破檢查 True；沒有籌碼資料，僅能列入技術觀察，不列最高優先；沒有結構，不做；沒有足夠成交量，不列最高優先；籌碼未確認偏多，只能列觀察組，不能列實際操作組,暫不納入進場候選
2026-05-18,2026-05-15,3057,喬鼎,,reject,53.22,lower_priority,constructive,,18.4,-3.66,398315,0.56,19.17,20.48,19.71,17.6,16.74,16.38,-4.0,-10.16,-6.67,-0.28,15.95,15.36,籌碼未確認,均線分數 65，價格相對主要均線檢查完成；頸線 15.95，第二底不破/假跌破檢查 True；沒有籌碼資料，僅能列入技術觀察，不列最高優先；沒有結構，不做；沒有足夠成交量，不列最高優先；籌碼未確認偏多，只能列觀察組，不能列實際操作組,暫不納入進場候選
2026-05-18,2026-05-15,2484,希華,,reject,51.76,lower_priority,constructive,,37.3,-2.61,5078877,0.41,37.83,39.93,41.45,33.9,27.09,24.98,-1.41,-6.59,-10.01,-0.97,31.65,17.85,籌碼未確認,均線分數 65，價格相對主要均線檢查完成；頸線 31.65，第二底不破/假跌破檢查 True；沒有籌碼資料，僅能列入技術觀察，不列最高優先；沒有結構，不做；沒有足夠成交量，不列最高優先；籌碼未確認偏多，只能列觀察組，不能列實際操作組,暫不納入進場候選
2026-05-18,2026-05-13,6205,詮欣,6205 詮欣,reject,51.14,lower_priority,constructive,,80.4,-6.4,3265504,0.35,84.13,89.35,83.33,65.48,53.24,49.92,-4.44,-10.02,-3.51,-1.45,55.2,45.65,籌碼未確認,均線分數 65，價格相對主要均線檢查完成；頸線 55.20，第二底不破/假跌破檢查 True；沒有籌碼資料，僅能列入技術觀察，不列最高優先；沒有結構，不做；沒有足夠成交量，不列最高優先；籌碼未確認偏多，只能列觀察組，不能列實際操作組,暫不納入進場候選
2026-05-18,2026-05-13,2313,華通,,reject,51.04,lower_priority,constructive,,237.0,-8.85,94311586,1.19,246.33,254.38,248.36,237.1,155.99,121.89,-3.79,-6.83,-4.57,-1.41,294.0,-19.39,籌碼未確認,均線分數 65，價格相對主要均線檢查完成；N 字關鍵位 294.00，量縮回檔 True；沒有籌碼資料，僅能列入技術觀察，不列最高優先；沒有結構，不做；沒有足夠成交量，不列最高優先；籌碼未確認偏多，只能列觀察組，不能列實際操作組,暫不納入進場候選
2026-05-18,2026-05-13,8046,南電,,reject,50.89,lower_priority,strong_uptrend,,880.0,-2.22,11705998,0.58,896.0,926.5,856.29,657.51,427.77,325.71,-1.79,-5.02,2.77,-15.07,1035.0,-14.98,籌碼未確認,均線分數 65，價格相對主要均線檢查完成；N 字關鍵位 1035.00，量縮回檔 False；沒有籌碼資料，僅能列入技術觀察，不列最高優先；沒有結構，不做；沒有足夠成交量，不列最高優先；籌碼未確認偏多，只能列觀察組，不能列實際操作組,暫不納入進場候選
2026-05-19,2026-05-15,3033,威健,,hold,85.0,secondary_watchlist,strong_uptrend,w_pattern,47.9,3.23,30397356,1.99,45.75,44.36,38.94,34.8,32.05,31.89,4.7,7.99,23.01,0.83,32.9,45.59,籌碼未確認,均線分數 100，價格相對主要均線檢查完成；頸線 32.90，第二底不破/假跌破檢查 True；沒有籌碼資料，僅能列入技術觀察，不列最高優先；籌碼未確認偏多，只能列觀察組，不能列實際操作組,優先追蹤，等待5K切入點與60K MACD確認
2026-05-19,2026-05-15,3481,群創,,hold,85.0,secondary_watchlist,strong_uptrend,w_pattern,36.1,1.98,890539034,1.83,36.33,33.01,28.15,27.13,20.74,17.59,-0.64,9.37,28.26,1.18,24.7,46.15,籌碼未確認,均線分數 100，價格相對主要均線檢查完成；頸線 24.70，第二底不破/假跌破檢查 True；沒有籌碼資料，僅能列入技術觀察，不列最高優先；籌碼未確認偏多，只能列觀察組，不能列實際操作組,優先追蹤，等待5K切入點與60K MACD確認
2026-05-19,2026-05-13,4958,臻鼎-KY,,hold,82.28,secondary_watchlist,strong_uptrend,ma_bloom,442.5,8.72,72787309,1.23,420.5,420.06,360.52,264.66,197.33,173.51,5.23,5.34,22.74,0.44,420.5,5.23,籌碼未確認,均線分數 100，價格相對主要均線檢查完成；日線 3MA>8MA>21MA True，短均斜率向上 True，站上3MA True；沒有籌碼資料，僅能列入技術觀察，不列最高優先；籌碼未確認偏多，只能列觀察組，不能列實際操作組,觀察，不追高
2026-05-19,2026-05-15,2464,盟立,,reject,73.46,secondary_watchlist,strong_uptrend,,126.5,10.0,21483050,0.85,118.0,117.0,104.39,83.88,71.64,68.52,7.2,8.12,21.18,0.49,69.2,82.8,籌碼未確認,均線分數 100，價格相對主要均線檢查完成；頸線 69.20，第二底不破/假跌破檢查 True；沒有籌碼資料，僅能列入技術觀察，不列最高優先；沒有結構，不做；沒有足夠成交量，不列最高優先；籌碼未確認偏多，只能列觀察組，不能列實際操作組,暫不納入進場候選
2026-05-19,2026-05-15,3048,益登,,hold,72.25,secondary_watchlist,strong_uptrend,w_pattern,56.1,10.0,23929157,2.68,51.18,46.39,41.83,39.23,39.35,36.13,9.61,20.92,34.12,1.52,35.2,59.37,籌碼未確認,均線分數 70，價格相對主要均線檢查完成；頸線 35.20，第二底不破/假跌破檢查 True；沒有籌碼資料，僅能列入技術觀察，不列最高優先；籌碼未確認偏多，只能列觀察組，不能列實際操作組,觀察，不追高
2026-05-19,2026-05-15,2492,華新科,,reject,71.2,secondary_watchlist,strong_uptrend,,206.0,-6.36,12339110,0.62,208.67,181.12,155.71,140.85,129.59,112.32,-1.28,13.73,32.29,7.48,120.5,70.95,籌碼未確認,均線分數 100，價格相對主要均線檢查完成；頸線 120.50，第二底不破/假跌破檢查 True；沒有籌碼資料，僅能列入技術觀察，不列最高優先；沒有結構，不做；沒有足夠成交量，不列最高優先；籌碼未確認偏多，只能列觀察組，不能列實際操作組,暫不納入進場候選
2026-05-19,2026-05-15,1597,直得,,reject,68.02,secondary_watchlist,strong_uptrend,,179.5,-0.28,1361482,0.3,182.83,181.12,146.71,108.18,88.14,86.76,-1.82,-0.9,22.35,2.03,90.0,99.44,籌碼未確認,均線分數 100，價格相對主要均線檢查完成；頸線 90.00，第二底不破/假跌破檢查 True；沒有籌碼資料，僅能列入技術觀察，不列最高優先；沒有結構，不做；沒有足夠成交量，不列最高優先；籌碼未確認偏多，只能列觀察組，不能列實際操作組,暫不納入進場候選
2026-05-19,2026-05-13,3037,欣興,,hold,67.97,secondary_watchlist,strong_uptrend,w_pattern,892.0,1.94,26678000,1.28,876.0,876.75,785.19,608.31,369.26,277.49,1.83,1.74,13.6,-3.39,538.0,65.8,籌碼未確認,均線分數 65，價格相對主要均線檢查完成；頸線 538.00，第二底不破/假跌破檢查 True；沒有籌碼資料，僅能列入技術觀察，不列最高優先；籌碼未確認偏多，只能列觀察組，不能列實際操作組,觀察，不追高
2026-05-19,2026-05-15,3026,禾伸堂,,reject,67.81,secondary_watchlist,strong_uptrend,,327.0,-8.53,2587400,0.28,336.5,321.5,266.55,185.71,136.46,116.25,-2.82,1.71,22.68,5.82,157.5,107.62,籌碼未確認,均線分數 100，價格相對主要均線檢查完成；頸線 157.50，第二底不破/假跌破檢查 True；沒有籌碼資料，僅能列入技術觀察，不列最高優先；沒有結構，不做；沒有足夠成交量，不列最高優先；籌碼未確認偏多，只能列觀察組，不能列實際操作組,暫不納入進場候選
2026-05-19,2026-05-15,3450,聯鈞,,reject,67.15,secondary_watchlist,strong_uptrend,,395.5,-6.28,4451008,0.22,419.5,411.0,365.76,313.37,277.98,251.85,-5.72,-3.77,8.13,5.76,258.0,53.29,籌碼未確認,均線分數 100，價格相對主要均線檢查完成；頸線 258.00，第二底不破/假跌破檢查 True；沒有籌碼資料，僅能列入技術觀察，不列最高優先；沒有結構，不做；沒有足夠成交量，不列最高優先；籌碼未確認偏多，只能列觀察組，不能列實際操作組,暫不納入進場候選
2026-05-19,2026-05-15,8150,南茂,,reject,55.12,secondary_watchlist,strong_uptrend,,80.9,-3.58,23364328,0.5,83.43,88.54,78.37,67.61,54.55,44.07,-3.04,-8.63,3.23,-0.14,56.8,42.43,籌碼未確認,均線分數 65，價格相對主要均線檢查完成；頸線 56.80，第二底不破/假跌破檢查 True；沒有籌碼資料，僅能列入技術觀察，不列最高優先；沒有結構，不做；沒有足夠成交量，不列最高優先；籌碼未確認偏多，只能列觀察組，不能列實際操作組,暫不納入進場候選
2026-05-19,2026-05-15,3057,喬鼎,,reject,53.22,lower_priority,constructive,,18.4,-3.66,398315,0.56,19.17,20.48,19.71,17.6,16.74,16.38,-4.0,-10.16,-6.67,-0.28,15.95,15.36,籌碼未確認,均線分數 65，價格相對主要均線檢查完成；頸線 15.95，第二底不破/假跌破檢查 True；沒有籌碼資料，僅能列入技術觀察，不列最高優先；沒有結構，不做；沒有足夠成交量，不列最高優先；籌碼未確認偏多，只能列觀察組，不能列實際操作組,暫不納入進場候選
2026-05-19,2026-05-15,2484,希華,,reject,51.76,lower_priority,constructive,,37.3,-2.61,5078877,0.41,37.83,39.93,41.45,33.9,27.09,24.98,-1.41,-6.59,-10.01,-0.97,31.65,17.85,籌碼未確認,均線分數 65，價格相對主要均線檢查完成；頸線 31.65，第二底不破/假跌破檢查 True；沒有籌碼資料，僅能列入技術觀察，不列最高優先；沒有結構，不做；沒有足夠成交量，不列最高優先；籌碼未確認偏多，只能列觀察組，不能列實際操作組,暫不納入進場候選
2026-05-19,2026-05-13,6205,詮欣,6205 詮欣,reject,51.14,lower_priority,constructive,,80.4,-6.4,3265504,0.35,84.13,89.35,83.33,65.48,53.24,49.92,-4.44,-10.02,-3.51,-1.45,55.2,45.65,籌碼未確認,均線分數 65，價格相對主要均線檢查完成；頸線 55.20，第二底不破/假跌破檢查 True；沒有籌碼資料，僅能列入技術觀察，不列最高優先；沒有結構，不做；沒有足夠成交量，不列最高優先；籌碼未確認偏多，只能列觀察組，不能列實際操作組,暫不納入進場候選
2026-05-19,2026-05-13,2313,華通,,reject,51.04,lower_priority,constructive,,237.0,-8.85,94311586,1.19,246.33,254.38,248.36,237.1,155.99,121.89,-3.79,-6.83,-4.57,-1.41,294.0,-19.39,籌碼未確認,均線分數 65，價格相對主要均線檢查完成；N 字關鍵位 294.00，量縮回檔 True；沒有籌碼資料，僅能列入技術觀察，不列最高優先；沒有結構，不做；沒有足夠成交量，不列最高優先；籌碼未確認偏多，只能列觀察組，不能列實際操作組,暫不納入進場候選
2026-05-19,2026-05-13,8046,南電,,reject,50.89,lower_priority,strong_uptrend,,880.0,-2.22,11705998,0.58,896.0,926.5,856.29,657.51,427.77,325.71,-1.79,-5.02,2.77,-15.07,1035.0,-14.98,籌碼未確認,均線分數 65，價格相對主要均線檢查完成；N 字關鍵位 1035.00，量縮回檔 False；沒有籌碼資料，僅能列入技術觀察，不列最高優先；沒有結構，不做；沒有足夠成交量，不列最高優先；籌碼未確認偏多，只能列觀察組，不能列實際操作組,暫不納入進場候選
2026-05-20,2026-05-15,3033,威健,,hold,85.0,secondary_watchlist,strong_uptrend,w_pattern,47.9,3.23,30397356,1.99,45.75,44.36,38.94,34.8,32.05,31.89,4.7,7.99,23.01,0.83,32.9,45.59,籌碼未確認,均線分數 100，價格相對主要均線檢查完成；頸線 32.90，第二底不破/假跌破檢查 True；沒有籌碼資料，僅能列入技術觀察，不列最高優先；籌碼未確認偏多，只能列觀察組，不能列實際操作組,優先追蹤，等待5K切入點與60K MACD確認
2026-05-20,2026-05-15,3481,群創,,hold,85.0,secondary_watchlist,strong_uptrend,w_pattern,36.1,1.98,890539034,1.83,36.33,33.01,28.15,27.13,20.74,17.59,-0.64,9.37,28.26,1.18,24.7,46.15,籌碼未確認,均線分數 100，價格相對主要均線檢查完成；頸線 24.70，第二底不破/假跌破檢查 True；沒有籌碼資料，僅能列入技術觀察，不列最高優先；籌碼未確認偏多，只能列觀察組，不能列實際操作組,優先追蹤，等待5K切入點與60K MACD確認
2026-05-20,2026-05-13,4958,臻鼎-KY,,hold,82.28,secondary_watchlist,strong_uptrend,ma_bloom,442.5,8.72,72787309,1.23,420.5,420.06,360.52,264.66,197.33,173.51,5.23,5.34,22.74,0.44,420.5,5.23,籌碼未確認,均線分數 100，價格相對主要均線檢查完成；日線 3MA>8MA>21MA True，短均斜率向上 True，站上3MA True；沒有籌碼資料，僅能列入技術觀察，不列最高優先；籌碼未確認偏多，只能列觀察組，不能列實際操作組,觀察，不追高
2026-05-20,2026-05-15,2464,盟立,,reject,73.46,secondary_watchlist,strong_uptrend,,126.5,10.0,21483050,0.85,118.0,117.0,104.39,83.88,71.64,68.52,7.2,8.12,21.18,0.49,69.2,82.8,籌碼未確認,均線分數 100，價格相對主要均線檢查完成；頸線 69.20，第二底不破/假跌破檢查 True；沒有籌碼資料，僅能列入技術觀察，不列最高優先；沒有結構，不做；沒有足夠成交量，不列最高優先；籌碼未確認偏多，只能列觀察組，不能列實際操作組,暫不納入進場候選
2026-05-20,2026-05-15,3048,益登,,hold,72.25,secondary_watchlist,strong_uptrend,w_pattern,56.1,10.0,23929157,2.68,51.18,46.39,41.83,39.23,39.35,36.13,9.61,20.92,34.12,1.52,35.2,59.37,籌碼未確認,均線分數 70，價格相對主要均線檢查完成；頸線 35.20，第二底不破/假跌破檢查 True；沒有籌碼資料，僅能列入技術觀察，不列最高優先；籌碼未確認偏多，只能列觀察組，不能列實際操作組,觀察，不追高
2026-05-20,2026-05-15,2492,華新科,,reject,71.2,secondary_watchlist,strong_uptrend,,206.0,-6.36,12339110,0.62,208.67,181.12,155.71,140.85,129.59,112.32,-1.28,13.73,32.29,7.48,120.5,70.95,籌碼未確認,均線分數 100，價格相對主要均線檢查完成；頸線 120.50，第二底不破/假跌破檢查 True；沒有籌碼資料，僅能列入技術觀察，不列最高優先；沒有結構，不做；沒有足夠成交量，不列最高優先；籌碼未確認偏多，只能列觀察組，不能列實際操作組,暫不納入進場候選
2026-05-20,2026-05-15,1597,直得,,reject,68.02,secondary_watchlist,strong_uptrend,,179.5,-0.28,1361482,0.3,182.83,181.12,146.71,108.18,88.14,86.76,-1.82,-0.9,22.35,2.03,90.0,99.44,籌碼未確認,均線分數 100，價格相對主要均線檢查完成；頸線 90.00，第二底不破/假跌破檢查 True；沒有籌碼資料，僅能列入技術觀察，不列最高優先；沒有結構，不做；沒有足夠成交量，不列最高優先；籌碼未確認偏多，只能列觀察組，不能列實際操作組,暫不納入進場候選
2026-05-20,2026-05-13,3037,欣興,,hold,67.97,secondary_watchlist,strong_uptrend,w_pattern,892.0,1.94,26678000,1.28,876.0,876.75,785.19,608.31,369.26,277.49,1.83,1.74,13.6,-3.39,538.0,65.8,籌碼未確認,均線分數 65，價格相對主要均線檢查完成；頸線 538.00，第二底不破/假跌破檢查 True；沒有籌碼資料，僅能列入技術觀察，不列最高優先；籌碼未確認偏多，只能列觀察組，不能列實際操作組,觀察，不追高
2026-05-20,2026-05-15,3026,禾伸堂,,reject,67.81,secondary_watchlist,strong_uptrend,,327.0,-8.53,2587400,0.28,336.5,321.5,266.55,185.71,136.46,116.25,-2.82,1.71,22.68,5.82,157.5,107.62,籌碼未確認,均線分數 100，價格相對主要均線檢查完成；頸線 157.50，第二底不破/假跌破檢查 True；沒有籌碼資料，僅能列入技術觀察，不列最高優先；沒有結構，不做；沒有足夠成交量，不列最高優先；籌碼未確認偏多，只能列觀察組，不能列實際操作組,暫不納入進場候選
2026-05-20,2026-05-15,3450,聯鈞,,reject,67.15,secondary_watchlist,strong_uptrend,,395.5,-6.28,4451008,0.22,419.5,411.0,365.76,313.37,277.98,251.85,-5.72,-3.77,8.13,5.76,258.0,53.29,籌碼未確認,均線分數 100，價格相對主要均線檢查完成；頸線 258.00，第二底不破/假跌破檢查 True；沒有籌碼資料，僅能列入技術觀察，不列最高優先；沒有結構，不做；沒有足夠成交量，不列最高優先；籌碼未確認偏多，只能列觀察組，不能列實際操作組,暫不納入進場候選
2026-05-20,2026-05-15,8150,南茂,,reject,55.12,secondary_watchlist,strong_uptrend,,80.9,-3.58,23364328,0.5,83.43,88.54,78.37,67.61,54.55,44.07,-3.04,-8.63,3.23,-0.14,56.8,42.43,籌碼未確認,均線分數 65，價格相對主要均線檢查完成；頸線 56.80，第二底不破/假跌破檢查 True；沒有籌碼資料，僅能列入技術觀察，不列最高優先；沒有結構，不做；沒有足夠成交量，不列最高優先；籌碼未確認偏多，只能列觀察組，不能列實際操作組,暫不納入進場候選
2026-05-20,2026-05-15,3057,喬鼎,,reject,53.22,lower_priority,constructive,,18.4,-3.66,398315,0.56,19.17,20.48,19.71,17.6,16.74,16.38,-4.0,-10.16,-6.67,-0.28,15.95,15.36,籌碼未確認,均線分數 65，價格相對主要均線檢查完成；頸線 15.95，第二底不破/假跌破檢查 True；沒有籌碼資料，僅能列入技術觀察，不列最高優先；沒有結構，不做；沒有足夠成交量，不列最高優先；籌碼未確認偏多，只能列觀察組，不能列實際操作組,暫不納入進場候選
2026-05-20,2026-05-15,2484,希華,,reject,51.76,lower_priority,constructive,,37.3,-2.61,5078877,0.41,37.83,39.93,41.45,33.9,27.09,24.98,-1.41,-6.59,-10.01,-0.97,31.65,17.85,籌碼未確認,均線分數 65，價格相對主要均線檢查完成；頸線 31.65，第二底不破/假跌破檢查 True；沒有籌碼資料，僅能列入技術觀察，不列最高優先；沒有結構，不做；沒有足夠成交量，不列最高優先；籌碼未確認偏多，只能列觀察組，不能列實際操作組,暫不納入進場候選
2026-05-20,2026-05-13,6205,詮欣,6205 詮欣,reject,51.14,lower_priority,constructive,,80.4,-6.4,3265504,0.35,84.13,89.35,83.33,65.48,53.24,49.92,-4.44,-10.02,-3.51,-1.45,55.2,45.65,籌碼未確認,均線分數 65，價格相對主要均線檢查完成；頸線 55.20，第二底不破/假跌破檢查 True；沒有籌碼資料，僅能列入技術觀察，不列最高優先；沒有結構，不做；沒有足夠成交量，不列最高優先；籌碼未確認偏多，只能列觀察組，不能列實際操作組,暫不納入進場候選
2026-05-20,2026-05-13,2313,華通,,reject,51.04,lower_priority,constructive,,237.0,-8.85,94311586,1.19,246.33,254.38,248.36,237.1,155.99,121.89,-3.79,-6.83,-4.57,-1.41,294.0,-19.39,籌碼未確認,均線分數 65，價格相對主要均線檢查完成；N 字關鍵位 294.00，量縮回檔 True；沒有籌碼資料，僅能列入技術觀察，不列最高優先；沒有結構，不做；沒有足夠成交量，不列最高優先；籌碼未確認偏多，只能列觀察組，不能列實際操作組,暫不納入進場候選
2026-05-20,2026-05-13,8046,南電,,reject,50.89,lower_priority,strong_uptrend,,880.0,-2.22,11705998,0.58,896.0,926.5,856.29,657.51,427.77,325.71,-1.79,-5.02,2.77,-15.07,1035.0,-14.98,籌碼未確認,均線分數 65，價格相對主要均線檢查完成；N 字關鍵位 1035.00，量縮回檔 False；沒有籌碼資料，僅能列入技術觀察，不列最高優先；沒有結構，不做；沒有足夠成交量，不列最高優先；籌碼未確認偏多，只能列觀察組，不能列實際操作組,暫不納入進場候選
2026-05-20,2026-05-19,3033,威健,,hold,85.0,secondary_watchlist,strong_uptrend,w_pattern,48.8,0.21,26802319,1.51,48.47,45.88,40.3,35.42,32.31,32.03,0.69,6.36,21.08,0.81,32.9,48.33,籌碼未確認,均線分數 100，價格相對主要均線檢查完成；頸線 32.90，第二底不破/假跌破檢查 True；沒有籌碼資料，僅能列入技術觀察，不列最高優先；籌碼未確認偏多，只能列觀察組，不能列實際操作組,優先追蹤，等待5K切入點與60K MACD確認
2026-05-20,2026-05-19,3048,益登,,hold,85.0,secondary_watchlist,strong_uptrend,w_pattern,56.1,-2.09,20065126,1.63,56.5,50.16,43.48,39.85,39.59,36.4,-0.71,11.85,29.01,1.73,35.2,59.37,籌碼未確認,均線分數 100，價格相對主要均線檢查完成；頸線 35.20，第二底不破/假跌破檢查 True；沒有籌碼資料，僅能列入技術觀察，不列最高優先；籌碼未確認偏多，只能列觀察組，不能列實際操作組,優先追蹤，等待5K切入點與60K MACD確認
2026-05-20,2026-05-19,2492,華新科,,reject,70.61,secondary_watchlist,strong_uptrend,,220.0,1.15,8921819,0.46,214.5,197.44,162.48,143.25,131.19,113.52,2.56,11.43,35.4,7.28,214.5,2.56,籌碼未確認,均線分數 100，價格相對主要均線檢查完成；日線 3MA>8MA>21MA True，短均斜率向上 True，站上3MA True；沒有籌碼資料，僅能列入技術觀察，不列最高優先；沒有結構，不做；沒有足夠成交量，不列最高優先；籌碼未確認偏多，只能列觀察組，不能列實際操作組,暫不納入進場候選
2026-05-20,2026-05-19,1597,直得,,reject,70.42,secondary_watchlist,strong_uptrend,,179.5,-5.28,2231121,0.54,182.83,182.44,153.12,112.01,89.59,87.61,-1.82,-1.61,17.23,0.45,88.5,102.82,籌碼未確認,均線分數 100，價格相對主要均線檢查完成；頸線 88.50，第二底不破/假跌破檢查 True；沒有籌碼資料，僅能列入技術觀察，不列最高優先；沒有結構，不做；沒有足夠成交量，不列最高優先；籌碼未確認偏多，只能列觀察組，不能列實際操作組,暫不納入進場候選
2026-05-20,2026-05-19,3026,禾伸堂,,reject,67.61,secondary_watchlist,strong_uptrend,,365.0,1.53,1461233,0.16,350.5,340.44,278.48,194.55,140.1,118.63,4.14,7.21,31.07,5.73,350.5,4.14,籌碼未確認,均線分數 100，價格相對主要均線檢查完成；日線 3MA>8MA>21MA True，短均斜率向上 True，站上3MA True；沒有籌碼資料，僅能列入技術觀察，不列最高優先；沒有結構，不做；沒有足夠成交量，不列最高優先；籌碼未確認偏多，只能列觀察組，不能列實際操作組,暫不納入進場候選
2026-05-20,2026-05-19,3450,聯鈞,,reject,51.31,lower_priority,strong_uptrend,,392.5,-4.27,2115690,0.12,399.33,421.19,370.31,317.75,279.6,253.73,-1.71,-6.81,5.99,0.94,258.0,52.13,籌碼未確認,均線分數 65，價格相對主要均線檢查完成；頸線 258.00，第二底不破/假跌破檢查 True；沒有籌碼資料，僅能列入技術觀察，不列最高優先；沒有結構，不做；沒有足夠成交量，不列最高優先；籌碼未確認偏多，只能列觀察組，不能列實際操作組,暫不納入進場候選
2026-05-20,2026-05-19,3057,喬鼎,,reject,50.25,lower_priority,constructive,,18.45,-2.38,180482,0.26,18.58,19.82,19.75,17.67,16.81,16.38,-0.72,-6.94,-6.56,-0.37,15.95,15.67,籌碼未確認,均線分數 65，價格相對主要均線檢查完成；頸線 15.95，第二底不破/假跌破檢查 True；沒有籌碼資料，僅能列入技術觀察，不列最高優先；沒有結構，不做；沒有足夠成交量，不列最高優先；籌碼未確認偏多，只能列觀察組，不能列實際操作組,暫不納入進場候選
2026-05-20,2026-05-20,3033,威健,,hold,85.0,secondary_watchlist,strong_uptrend,w_pattern,51.4,5.33,43995620,2.23,49.63,46.83,41.11,35.77,32.46,32.1,3.56,9.77,25.04,0.88,32.9,56.23,籌碼未確認,均線分數 100，價格相對主要均線檢查完成；頸線 32.90，第二底不破/假跌破檢查 True；沒有籌碼資料，僅能列入技術觀察，不列最高優先；籌碼未確認偏多，只能列觀察組，不能列實際操作組,優先追蹤，等待5K切入點與60K MACD確認
2026-05-20,2026-05-20,3048,益登,,reject,76.72,secondary_watchlist,strong_uptrend,,61.7,9.98,13852273,1.07,58.37,52.57,44.55,40.24,39.76,36.55,5.71,17.37,38.5,1.96,58.366666666666674,5.71,籌碼未確認,均線分數 100，價格相對主要均線檢查完成；日線 3MA>8MA>21MA True，短均斜率向上 True，站上3MA True；沒有籌碼資料，僅能列入技術觀察，不列最高優先；沒有結構，不做；沒有足夠成交量，不列最高優先；籌碼未確認偏多，只能列觀察組，不能列實際操作組,暫不納入進場候選
2026-05-20,2026-05-20,3481,群創,,reject,76.07,secondary_watchlist,strong_uptrend,,36.95,-1.34,623707539,1.11,37.7,36.24,29.75,27.8,21.21,17.92,-1.99,1.97,24.18,0.92,24.7,49.6,籌碼未確認,均線分數 100，價格相對主要均線檢查完成；頸線 24.70，第二底不破/假跌破檢查 True；沒有籌碼資料，僅能列入技術觀察，不列最高優先；沒有結構，不做；沒有足夠成交量，不列最高優先；籌碼未確認偏多，只能列觀察組，不能列實際操作組,暫不納入進場候選
2026-05-20,2026-05-20,2464,盟立,,reject,75.14,secondary_watchlist,strong_uptrend,,124.5,-7.78,26407677,0.91,132.83,123.81,111.97,87.15,73.02,69.48,-6.27,0.56,11.19,0.72,123.0,1.22,籌碼未確認,均線分數 100，價格相對主要均線檢查完成；N 字關鍵位 123.00，量縮回檔 False；沒有籌碼資料，僅能列入技術觀察，不列最高優先；沒有結構，不做；沒有足夠成交量，不列最高優先；籌碼未確認偏多，只能列觀察組，不能列實際操作組,暫不納入進場候選
2026-05-20,2026-05-20,2492,華新科,,reject,71.11,secondary_watchlist,strong_uptrend,,242.0,10.0,9929636,0.51,226.5,208.19,166.88,144.82,132.15,114.21,6.84,16.24,45.01,7.99,226.5,6.84,籌碼未確認,均線分數 100，價格相對主要均線檢查完成；日線 3MA>8MA>21MA True，短均斜率向上 True，站上3MA True；沒有籌碼資料，僅能列入技術觀察，不列最高優先；沒有結構，不做；沒有足夠成交量，不列最高優先；籌碼未確認偏多，只能列觀察組，不能列實際操作組,暫不納入進場候選
2026-05-20,2026-05-20,2484,希華,,hold,70.12,secondary_watchlist,strong_uptrend,w_pattern,44.3,9.93,23415990,2.47,41.87,39.7,41.27,34.52,27.5,25.23,5.81,11.59,7.34,-0.28,31.65,39.97,籌碼未確認,均線分數 65，價格相對主要均線檢查完成；頸線 31.65，第二底不破/假跌破檢查 True；沒有籌碼資料，僅能列入技術觀察，不列最高優先；籌碼未確認偏多，只能列觀察組，不能列實際操作組,觀察，不追高
2026-05-20,2026-05-20,3026,禾伸堂,,reject,69.58,secondary_watchlist,strong_uptrend,,394.5,8.08,3232647,0.36,373.0,348.5,286.12,199.56,142.13,119.96,5.76,13.2,37.88,6.82,373.0,5.76,籌碼未確認,均線分數 100，價格相對主要均線檢查完成；日線 3MA>8MA>21MA True，短均斜率向上 True，站上3MA True；沒有籌碼資料，僅能列入技術觀察，不列最高優先；沒有結構，不做；沒有足夠成交量，不列最高優先；籌碼未確認偏多，只能列觀察組，不能列實際操作組,暫不納入進場候選
2026-05-20,2026-05-20,1597,直得,,reject,53.01,lower_priority,strong_uptrend,,171.0,-4.74,1177617,0.29,180.0,182.19,155.76,113.7,90.22,87.95,-5.0,-6.14,9.78,-1.04,89.0,92.13,籌碼未確認,均線分數 65，價格相對主要均線檢查完成；頸線 89.00，第二底不破/假跌破檢查 True；沒有籌碼資料，僅能列入技術觀察，不列最高優先；沒有結構，不做；沒有足夠成交量，不列最高優先；籌碼未確認偏多，只能列觀察組，不能列實際操作組,暫不納入進場候選
2026-05-20,2026-05-20,3450,聯鈞,,reject,51.39,lower_priority,strong_uptrend,,413.5,5.35,2160292,0.13,405.33,421.62,371.76,319.65,280.59,254.71,2.01,-1.93,11.23,0.21,258.0,60.27,籌碼未確認,均線分數 65，價格相對主要均線檢查完成；頸線 258.00，第二底不破/假跌破檢查 True；沒有籌碼資料，僅能列入技術觀察，不列最高優先；沒有結構，不做；沒有足夠成交量，不列最高優先；籌碼未確認偏多，只能列觀察組，不能列實際操作組,暫不納入進場候選
2026-05-20,2026-05-20,8150,南茂,,reject,51.3,lower_priority,constructive,,74.4,-4.12,14999743,0.37,78.1,82.83,79.6,68.31,55.52,44.72,-4.74,-10.17,-6.54,-1.6,56.8,30.99,籌碼未確認,均線分數 65，價格相對主要均線檢查完成；頸線 56.80，第二底不破/假跌破檢查 True；沒有籌碼資料，僅能列入技術觀察，不列最高優先；沒有結構，不做；沒有足夠成交量，不列最高優先；籌碼未確認偏多，只能列觀察組，不能列實際操作組,暫不納入進場候選
2026-05-20,2026-05-20,3057,喬鼎,,reject,49.08,lower_priority,constructive,,18.25,-1.08,98406,0.15,18.53,19.41,19.73,17.7,16.85,16.38,-1.53,-5.96,-7.52,-0.39,15.95,14.42,籌碼未確認,均線分數 65，價格相對主要均線檢查完成；頸線 15.95，第二底不破/假跌破檢查 True；沒有籌碼資料，僅能列入技術觀察，不列最高優先；沒有結構，不做；沒有足夠成交量，不列最高優先；籌碼未確認偏多，只能列觀察組，不能列實際操作組,暫不納入進場候選
2026-05-21,2026-05-21,3033,威健,,hold,82.74,secondary_watchlist,strong_uptrend,w_pattern,52.5,2.14,26581924,1.27,50.9,47.89,41.95,36.15,32.62,32.18,3.14,9.63,25.16,0.92,32.9,59.57,籌碼未確認,均線分數 100，價格相對主要均線檢查完成；頸線 32.90，第二底不破/假跌破檢查 True；沒有籌碼資料，僅能列入技術觀察，不列最高優先；籌碼未確認偏多，只能列觀察組，不能列實際操作組,觀察，不追高
2026-05-21,2026-05-13,4958,臻鼎-KY,,hold,82.28,secondary_watchlist,strong_uptrend,ma_bloom,442.5,8.72,72787309,1.23,420.5,420.06,360.52,264.66,197.33,173.51,5.23,5.34,22.74,0.44,420.5,5.23,籌碼未確認,均線分數 100，價格相對主要均線檢查完成；日線 3MA>8MA>21MA True，短均斜率向上 True，站上3MA True；沒有籌碼資料，僅能列入技術觀察，不列最高優先；籌碼未確認偏多，只能列觀察組，不能列實際操作組,觀察，不追高
2026-05-21,2026-05-21,2464,盟立,,reject,75.89,secondary_watchlist,strong_uptrend,,136.0,9.24,28418474,0.99,131.83,125.81,114.35,88.27,73.52,69.8,3.16,8.1,18.94,0.83,131.83333333333334,3.16,籌碼未確認,均線分數 100，價格相對主要均線檢查完成；日線 3MA>8MA>21MA True，短均斜率向上 True，站上3MA True；沒有籌碼資料，僅能列入技術觀察，不列最高優先；沒有結構，不做；沒有足夠成交量，不列最高優先；籌碼未確認偏多，只能列觀察組，不能列實際操作組,暫不納入進場候選
2026-05-21,2026-05-21,3481,群創,,reject,74.94,secondary_watchlist,strong_uptrend,,40.6,9.88,519658679,0.89,38.33,37.27,30.45,28.02,21.38,18.05,5.91,8.92,33.33,0.96,38.33333333333334,5.91,籌碼未確認,均線分數 100，價格相對主要均線檢查完成；日線 3MA>8MA>21MA True，短均斜率向上 True，站上3MA True；沒有籌碼資料，僅能列入技術觀察，不列最高優先；沒有結構，不做；沒有足夠成交量，不列最高優先；籌碼未確認偏多，只能列觀察組，不能列實際操作組,暫不納入進場候選
2026-05-21,2026-05-21,1597,直得,,hold,70.12,secondary_watchlist,strong_uptrend,w_pattern,166.5,-2.63,6804024,1.71,172.33,180.25,158.26,115.25,90.83,88.29,-3.38,-7.63,5.21,-2.4,89.0,87.08,籌碼未確認,均線分數 65，價格相對主要均線檢查完成；頸線 89.00，第二底不破/假跌破檢查 True；沒有籌碼資料，僅能列入技術觀察，不列最高優先；籌碼未確認偏多，只能列觀察組，不能列實際操作組,觀察，不追高
2026-05-21,2026-05-21,2484,希華,,hold,70.12,secondary_watchlist,strong_uptrend,w_pattern,44.85,1.24,38928798,3.51,43.15,40.36,41.06,34.79,27.66,25.33,3.94,11.14,9.23,-0.02,32.5,38.0,籌碼未確認,均線分數 65，價格相對主要均線檢查完成；頸線 32.50，第二底不破/假跌破檢查 True；沒有籌碼資料，僅能列入技術觀察，不列最高優先；籌碼未確認偏多，只能列觀察組，不能列實際操作組,觀察，不追高
2026-05-21,2026-05-21,2492,華新科,,reject,69.72,secondary_watchlist,strong_uptrend,,266.0,9.92,7170604,0.37,242.67,220.0,172.45,146.96,133.31,115.01,9.62,20.91,54.25,9.41,242.66666666666666,9.62,籌碼未確認,均線分數 100，價格相對主要均線檢查完成；日線 3MA>8MA>21MA True，短均斜率向上 True，站上3MA True；沒有籌碼資料，僅能列入技術觀察，不列最高優先；沒有結構，不做；沒有足夠成交量，不列最高優先；籌碼未確認偏多，只能列觀察組，不能列實際操作組,暫不納入進場候選
2026-05-21,2026-05-21,3048,益登,,reject,68.78,secondary_watchlist,strong_uptrend,,67.8,9.89,3562942,0.28,61.87,55.42,45.91,40.76,39.97,36.72,9.59,22.34,47.68,2.35,61.866666666666674,9.59,籌碼未確認,均線分數 100，價格相對主要均線檢查完成；日線 3MA>8MA>21MA True，短均斜率向上 True，站上3MA True；沒有籌碼資料，僅能列入技術觀察，不列最高優先；沒有結構，不做；沒有足夠成交量，不列最高優先；籌碼未確認偏多，只能列觀察組，不能列實際操作組,暫不納入進場候選
2026-05-21,2026-05-21,3026,禾伸堂,,reject,68.3,secondary_watchlist,strong_uptrend,,433.5,9.89,2071284,0.23,397.67,361.5,294.62,205.35,144.43,121.45,9.01,19.92,47.14,9.27,397.6666666666667,9.01,籌碼未確認,均線分數 100，價格相對主要均線檢查完成；日線 3MA>8MA>21MA True，短均斜率向上 True，站上3MA True；沒有籌碼資料，僅能列入技術觀察，不列最高優先；沒有結構，不做；沒有足夠成交量，不列最高優先；籌碼未確認偏多，只能列觀察組，不能列實際操作組,暫不納入進場候選
2026-05-21,2026-05-13,3037,欣興,,hold,67.97,secondary_watchlist,strong_uptrend,w_pattern,892.0,1.94,26678000,1.28,876.0,876.75,785.19,608.31,369.26,277.49,1.83,1.74,13.6,-3.39,538.0,65.8,籌碼未確認,均線分數 65，價格相對主要均線檢查完成；頸線 538.00，第二底不破/假跌破檢查 True；沒有籌碼資料，僅能列入技術觀察，不列最高優先；籌碼未確認偏多，只能列觀察組，不能列實際操作組,觀察，不追高
2026-05-21,2026-05-21,3450,聯鈞,,reject,51.98,lower_priority,strong_uptrend,,440.0,6.41,3059910,0.19,415.33,423.12,374.62,322.12,281.83,255.82,5.94,3.99,17.45,1.18,258.0,70.54,籌碼未確認,均線分數 65，價格相對主要均線檢查完成；頸線 258.00，第二底不破/假跌破檢查 True；沒有籌碼資料，僅能列入技術觀察，不列最高優先；沒有結構，不做；沒有足夠成交量，不列最高優先；籌碼未確認偏多，只能列觀察組，不能列實際操作組,暫不納入進場候選
2026-05-21,2026-05-21,8150,南茂,,reject,51.45,lower_priority,constructive,,75.9,2.02,13770468,0.38,75.97,80.94,79.69,68.45,55.84,44.92,-0.09,-6.22,-4.76,-1.81,56.3,34.81,籌碼未確認,均線分數 65，價格相對主要均線檢查完成；頸線 56.30，第二底不破/假跌破檢查 True；沒有籌碼資料，僅能列入技術觀察，不列最高優先；沒有結構，不做；沒有足夠成交量，不列最高優先；籌碼未確認偏多，只能列觀察組，不能列實際操作組,暫不納入進場候選
2026-05-21,2026-05-13,6205,詮欣,6205 詮欣,reject,51.14,lower_priority,constructive,,80.4,-6.4,3265504,0.35,84.13,89.35,83.33,65.48,53.24,49.92,-4.44,-10.02,-3.51,-1.45,55.2,45.65,籌碼未確認,均線分數 65，價格相對主要均線檢查完成；頸線 55.20，第二底不破/假跌破檢查 True；沒有籌碼資料，僅能列入技術觀察，不列最高優先；沒有結構，不做；沒有足夠成交量，不列最高優先；籌碼未確認偏多，只能列觀察組，不能列實際操作組,暫不納入進場候選
2026-05-21,2026-05-13,2313,華通,,reject,51.04,lower_priority,constructive,,237.0,-8.85,94311586,1.19,246.33,254.38,248.36,237.1,155.99,121.89,-3.79,-6.83,-4.57,-1.41,294.0,-19.39,籌碼未確認,均線分數 65，價格相對主要均線檢查完成；N 字關鍵位 294.00，量縮回檔 True；沒有籌碼資料，僅能列入技術觀察，不列最高優先；沒有結構，不做；沒有足夠成交量，不列最高優先；籌碼未確認偏多，只能列觀察組，不能列實際操作組,暫不納入進場候選
2026-05-21,2026-05-13,8046,南電,,reject,50.89,lower_priority,strong_uptrend,,880.0,-2.22,11705998,0.58,896.0,926.5,856.29,657.51,427.77,325.71,-1.79,-5.02,2.77,-15.07,1035.0,-14.98,籌碼未確認,均線分數 65，價格相對主要均線檢查完成；N 字關鍵位 1035.00，量縮回檔 False；沒有籌碼資料，僅能列入技術觀察，不列最高優先；沒有結構，不做；沒有足夠成交量，不列最高優先；籌碼未確認偏多，只能列觀察組，不能列實際操作組,暫不納入進場候選
2026-05-21,2026-05-21,3057,喬鼎,,reject,49.81,lower_priority,constructive,,19.15,4.93,142953,0.22,18.62,19.09,19.76,17.74,16.89,16.38,2.86,0.33,-3.07,-0.34,15.95,20.06,籌碼未確認,均線分數 65，價格相對主要均線檢查完成；頸線 15.95，第二底不破/假跌破檢查 True；沒有籌碼資料，僅能列入技術觀察，不列最高優先；沒有結構，不做；沒有足夠成交量，不列最高優先；籌碼未確認偏多，只能列觀察組，不能列實際操作組,暫不納入進場候選
2026-05-22,2026-05-22,2484,希華,,hold,85.0,secondary_watchlist,strong_uptrend,w_pattern,49.3,9.92,34513068,2.76,46.15,41.66,41.15,35.17,27.86,25.45,6.83,18.35,19.81,0.41,32.5,51.69,籌碼未確認,均線分數 100，價格相對主要均線檢查完成；頸線 32.50，第二底不破/假跌破檢查 True；沒有籌碼資料，僅能列入技術觀察，不列最高優先；籌碼未確認偏多，只能列觀察組，不能列實際操作組,優先追蹤，等待5K切入點與60K MACD確認
2026-05-22,2026-05-22,3048,益登,,hold,85.0,secondary_watchlist,strong_uptrend,w_pattern,74.5,9.88,21793143,1.58,68.0,58.87,47.53,41.44,40.24,36.92,9.56,26.55,56.76,2.88,35.2,111.65,籌碼未確認,均線分數 100，價格相對主要均線檢查完成；頸線 35.20，第二底不破/假跌破檢查 True；沒有籌碼資料，僅能列入技術觀察，不列最高優先；籌碼未確認偏多，只能列觀察組，不能列實際操作組,優先追蹤，等待5K切入點與60K MACD確認
2026-05-22,2026-05-22,2464,盟立,,hold,82.68,secondary_watchlist,strong_uptrend,w_pattern,144.0,5.88,37525700,1.27,134.83,129.06,116.73,89.58,74.08,70.16,6.8,11.57,23.36,1.26,69.2,108.09,籌碼未確認,均線分數 100，價格相對主要均線檢查完成；頸線 69.20，第二底不破/假跌破檢查 True；沒有籌碼資料，僅能列入技術觀察，不列最高優先；籌碼未確認偏多，只能列觀察組，不能列實際操作組,觀察，不追高
2026-05-22,2026-05-13,4958,臻鼎-KY,,hold,82.28,secondary_watchlist,strong_uptrend,ma_bloom,442.5,8.72,72787309,1.23,420.5,420.06,360.52,264.66,197.33,173.51,5.23,5.34,22.74,0.44,420.5,5.23,籌碼未確認,均線分數 100，價格相對主要均線檢查完成；日線 3MA>8MA>21MA True，短均斜率向上 True，站上3MA True；沒有籌碼資料，僅能列入技術觀察，不列最高優先；籌碼未確認偏多，只能列觀察組，不能列實際操作組,觀察，不追高
2026-05-22,2026-05-22,3033,威健,,reject,77.0,secondary_watchlist,strong_uptrend,,53.9,2.67,24025434,1.1,52.6,49.07,42.84,36.58,32.79,32.27,2.47,9.85,25.82,0.96,52.599999999999994,2.47,籌碼未確認,均線分數 100，價格相對主要均線檢查完成；日線 3MA>8MA>21MA True，短均斜率向上 True，站上3MA True；沒有籌碼資料，僅能列入技術觀察，不列最高優先；沒有結構，不做；沒有足夠成交量，不列最高優先；籌碼未確認偏多，只能列觀察組，不能列實際操作組,暫不納入進場候選
2026-05-22,2026-05-22,3481,群創,,reject,72.63,secondary_watchlist,strong_uptrend,,44.65,9.98,388361570,0.66,40.73,38.42,31.36,28.36,21.59,18.19,9.62,16.22,42.39,1.18,40.73333333333334,9.62,籌碼未確認,均線分數 100，價格相對主要均線檢查完成；日線 3MA>8MA>21MA True，短均斜率向上 True，站上3MA True；沒有籌碼資料，僅能列入技術觀察，不列最高優先；沒有結構，不做；沒有足夠成交量，不列最高優先；籌碼未確認偏多，只能列觀察組，不能列實際操作組,暫不納入進場候選
2026-05-22,2026-05-22,2492,華新科,,reject,71.66,secondary_watchlist,strong_uptrend,,292.5,9.96,11024695,0.57,266.83,233.0,179.6,149.74,134.68,115.92,9.62,25.54,62.87,11.33,266.8333333333333,9.62,籌碼未確認,均線分數 100，價格相對主要均線檢查完成；日線 3MA>8MA>21MA True，短均斜率向上 True，站上3MA True；沒有籌碼資料，僅能列入技術觀察，不列最高優先；沒有結構，不做；沒有足夠成交量，不列最高優先；籌碼未確認偏多，只能列觀察組，不能列實際操作組,暫不納入進場候選
2026-05-22,2026-05-13,3037,欣興,,hold,67.97,secondary_watchlist,strong_uptrend,w_pattern,892.0,1.94,26678000,1.28,876.0,876.75,785.19,608.31,369.26,277.49,1.83,1.74,13.6,-3.39,538.0,65.8,籌碼未確認,均線分數 65，價格相對主要均線檢查完成；頸線 538.00，第二底不破/假跌破檢查 True；沒有籌碼資料，僅能列入技術觀察，不列最高優先；籌碼未確認偏多，只能列觀察組，不能列實際操作組,觀察，不追高
2026-05-22,2026-05-22,3450,聯鈞,,reject,67.92,secondary_watchlist,strong_uptrend,,459.5,4.43,2939729,0.19,437.67,421.75,379.19,324.4,283.34,257.02,4.99,8.95,21.18,2.71,437.6666666666667,4.99,籌碼未確認,均線分數 100，價格相對主要均線檢查完成；日線 3MA>8MA>21MA True，短均斜率向上 True，站上3MA True；沒有籌碼資料，僅能列入技術觀察，不列最高優先；沒有結構，不做；沒有足夠成交量，不列最高優先；籌碼未確認偏多，只能列觀察組，不能列實際操作組,暫不納入進場候選
2026-05-22,2026-05-22,3026,禾伸堂,,reject,67.9,secondary_watchlist,strong_uptrend,,476.5,9.92,1700070,0.19,434.83,379.81,305.5,211.95,147.04,123.12,9.58,25.46,55.97,12.68,383.0,24.41,籌碼未確認,均線分數 100，價格相對主要均線檢查完成；N 字關鍵位 383.00，量縮回檔 False；沒有籌碼資料，僅能列入技術觀察，不列最高優先；沒有結構，不做；沒有足夠成交量，不列最高優先；籌碼未確認偏多，只能列觀察組，不能列實際操作組,暫不納入進場候選
2026-05-22,2026-05-22,1597,直得,,hold,67.64,secondary_watchlist,strong_uptrend,w_pattern,183.0,9.91,4946548,1.25,173.5,179.75,161.48,117.18,91.56,88.69,5.48,1.81,13.33,-2.25,88.5,106.78,籌碼未確認,均線分數 65，價格相對主要均線檢查完成；頸線 88.50，第二底不破/假跌破檢查 True；沒有籌碼資料，僅能列入技術觀察，不列最高優先；籌碼未確認偏多，只能列觀察組，不能列實際操作組,觀察，不追高
2026-05-22,2026-05-22,8150,南茂,,hold,65.58,secondary_watchlist,constructive,w_pattern,79.1,4.22,46238424,1.3,76.47,79.95,79.66,68.77,56.18,45.13,3.44,-1.06,-0.7,-1.69,57.7,37.09,籌碼未確認,均線分數 65，價格相對主要均線檢查完成；頸線 57.70，第二底不破/假跌破檢查 True；沒有籌碼資料，僅能列入技術觀察，不列最高優先；籌碼未確認偏多，只能列觀察組，不能列實際操作組,觀察，不追高
2026-05-22,2026-05-22,3057,喬鼎,,reject,51.91,lower_priority,constructive,,19.75,3.13,280108,0.43,19.05,19.0,19.78,17.81,16.94,14.57,3.67,3.95,-0.16,-0.25,16.3,21.17,籌碼未確認,均線分數 65，價格相對主要均線檢查完成；頸線 16.30，第二底不破/假跌破檢查 True；沒有籌碼資料，僅能列入技術觀察，不列最高優先；沒有結構，不做；沒有足夠成交量，不列最高優先；籌碼未確認偏多，只能列觀察組，不能列實際操作組,暫不納入進場候選
2026-05-22,2026-05-13,6205,詮欣,6205 詮欣,reject,51.14,lower_priority,constructive,,80.4,-6.4,3265504,0.35,84.13,89.35,83.33,65.48,53.24,49.92,-4.44,-10.02,-3.51,-1.45,55.2,45.65,籌碼未確認,均線分數 65，價格相對主要均線檢查完成；頸線 55.20，第二底不破/假跌破檢查 True；沒有籌碼資料，僅能列入技術觀察，不列最高優先；沒有結構，不做；沒有足夠成交量，不列最高優先；籌碼未確認偏多，只能列觀察組，不能列實際操作組,暫不納入進場候選
2026-05-22,2026-05-13,2313,華通,,reject,51.04,lower_priority,constructive,,237.0,-8.85,94311586,1.19,246.33,254.38,248.36,237.1,155.99,121.89,-3.79,-6.83,-4.57,-1.41,294.0,-19.39,籌碼未確認,均線分數 65，價格相對主要均線檢查完成；N 字關鍵位 294.00，量縮回檔 True；沒有籌碼資料，僅能列入技術觀察，不列最高優先；沒有結構，不做；沒有足夠成交量，不列最高優先；籌碼未確認偏多，只能列觀察組，不能列實際操作組,暫不納入進場候選
2026-05-22,2026-05-13,8046,南電,,reject,50.89,lower_priority,strong_uptrend,,880.0,-2.22,11705998,0.58,896.0,926.5,856.29,657.51,427.77,325.71,-1.79,-5.02,2.77,-15.07,1035.0,-14.98,籌碼未確認,均線分數 65，價格相對主要均線檢查完成；N 字關鍵位 1035.00，量縮回檔 False；沒有籌碼資料，僅能列入技術觀察，不列最高優先；沒有結構，不做；沒有足夠成交量，不列最高優先；籌碼未確認偏多，只能列觀察組，不能列實際操作組,暫不納入進場候選
2026-05-23,2026-05-22,2484,希華,,hold,85.0,secondary_watchlist,strong_uptrend,w_pattern,49.3,9.92,34316257,2.76,46.15,41.66,41.15,35.17,27.86,25.45,6.83,18.35,19.81,0.41,32.5,51.69,籌碼未確認,均線分數 100，價格相對主要均線檢查完成；頸線 32.50，第二底不破/假跌破檢查 True；沒有籌碼資料，僅能列入技術觀察，不列最高優先；籌碼未確認偏多，只能列觀察組，不能列實際操作組,優先追蹤，等待5K切入點與60K MACD確認
2026-05-23,2026-05-22,3048,益登,,hold,85.0,secondary_watchlist,strong_uptrend,w_pattern,74.5,9.88,21619749,1.58,68.0,58.87,47.53,41.44,40.24,36.92,9.56,26.55,56.76,2.88,35.2,111.65,籌碼未確認,均線分數 100，價格相對主要均線檢查完成；頸線 35.20，第二底不破/假跌破檢查 True；沒有籌碼資料，僅能列入技術觀察，不列最高優先；籌碼未確認偏多，只能列觀察組，不能列實際操作組,優先追蹤，等待5K切入點與60K MACD確認
2026-05-23,2026-05-22,4916,4916,,hold,85.0,secondary_watchlist,strong_uptrend,w_pattern,98.3,-0.51,50135316,4.23,95.67,80.38,70.27,64.06,59.11,56.9,2.75,22.3,39.9,3.62,58.5,68.03,籌碼未確認,均線分數 100，價格相對主要均線檢查完成；頸線 58.50，第二底不破/假跌破檢查 True；沒有籌碼資料，僅能列入技術觀察，不列最高優先；籌碼未確認偏多，只能列觀察組，不能列實際操作組,優先追蹤，等待5K切入點與60K MACD確認
2026-05-23,2026-05-22,2464,盟立,,hold,82.57,secondary_watchlist,strong_uptrend,w_pattern,144.0,5.88,37154737,1.26,134.83,129.06,116.73,89.58,74.08,70.16,6.8,11.57,23.36,1.26,69.2,108.09,籌碼未確認,均線分數 100，價格相對主要均線檢查完成；頸線 69.20，第二底不破/假跌破檢查 True；沒有籌碼資料，僅能列入技術觀察，不列最高優先；籌碼未確認偏多，只能列觀察組，不能列實際操作組,觀察，不追高
2026-05-23,2026-05-13,4958,臻鼎-KY,,hold,82.28,secondary_watchlist,strong_uptrend,ma_bloom,442.5,8.72,72787309,1.23,420.5,420.06,360.52,264.66,197.33,173.51,5.23,5.34,22.74,0.44,420.5,5.23,籌碼未確認,均線分數 100，價格相對主要均線檢查完成；日線 3MA>8MA>21MA True，短均斜率向上 True，站上3MA True；沒有籌碼資料，僅能列入技術觀察，不列最高優先；籌碼未確認偏多，只能列觀察組，不能列實際操作組,觀察，不追高
2026-05-23,2026-05-22,3033,威健,,reject,76.98,secondary_watchlist,strong_uptrend,,53.9,2.67,23850001,1.1,52.6,49.07,42.84,36.58,32.79,32.27,2.47,9.85,25.82,0.96,52.599999999999994,2.47,籌碼未確認,均線分數 100，價格相對主要均線檢查完成；日線 3MA>8MA>21MA True，短均斜率向上 True，站上3MA True；沒有籌碼資料，僅能列入技術觀察，不列最高優先；沒有結構，不做；沒有足夠成交量，不列最高優先；籌碼未確認偏多，只能列觀察組，不能列實際操作組,暫不納入進場候選
2026-05-23,2026-05-22,3481,群創,,reject,72.63,secondary_watchlist,strong_uptrend,,44.65,9.98,386510344,0.66,40.73,38.42,31.36,28.36,21.59,18.19,9.62,16.22,42.39,1.18,40.73333333333334,9.62,籌碼未確認,均線分數 100，價格相對主要均線檢查完成；日線 3MA>8MA>21MA True，短均斜率向上 True，站上3MA True；沒有籌碼資料，僅能列入技術觀察，不列最高優先；沒有結構，不做；沒有足夠成交量，不列最高優先；籌碼未確認偏多，只能列觀察組，不能列實際操作組,暫不納入進場候選
2026-05-23,2026-05-22,2492,華新科,,reject,71.61,secondary_watchlist,strong_uptrend,,292.5,9.96,10755860,0.56,266.83,233.0,179.6,149.74,134.68,115.92,9.62,25.54,62.87,11.33,266.8333333333333,9.62,籌碼未確認,均線分數 100，價格相對主要均線檢查完成；日線 3MA>8MA>21MA True，短均斜率向上 True，站上3MA True；沒有籌碼資料，僅能列入技術觀察，不列最高優先；沒有結構，不做；沒有足夠成交量，不列最高優先；籌碼未確認偏多，只能列觀察組，不能列實際操作組,暫不納入進場候選
2026-05-23,2026-05-22,2478,2478,,reject,71.27,secondary_watchlist,strong_uptrend,,127.5,9.91,3645302,0.53,116.33,97.95,82.34,72.75,66.45,57.92,9.6,30.17,54.84,4.7,116.33333333333333,9.6,籌碼未確認,均線分數 100，價格相對主要均線檢查完成；日線 3MA>8MA>21MA True，短均斜率向上 True，站上3MA True；沒有籌碼資料，僅能列入技術觀察，不列最高優先；沒有結構，不做；沒有足夠成交量，不列最高優先；籌碼未確認偏多，只能列觀察組，不能列實際操作組,暫不納入進場候選
2026-05-23,2026-05-13,3037,欣興,,hold,67.97,secondary_watchlist,strong_uptrend,w_pattern,892.0,1.94,26678000,1.28,876.0,876.75,785.19,608.31,369.26,277.49,1.83,1.74,13.6,-3.39,538.0,65.8,籌碼未確認,均線分數 65，價格相對主要均線檢查完成；頸線 538.00，第二底不破/假跌破檢查 True；沒有籌碼資料，僅能列入技術觀察，不列最高優先；籌碼未確認偏多，只能列觀察組，不能列實際操作組,觀察，不追高
2026-05-23,2026-05-22,3450,聯鈞,,reject,67.87,secondary_watchlist,strong_uptrend,,459.5,4.43,2797046,0.19,437.67,421.75,379.19,324.4,283.34,257.02,4.99,8.95,21.18,2.71,437.6666666666667,4.99,籌碼未確認,均線分數 100，價格相對主要均線檢查完成；日線 3MA>8MA>21MA True，短均斜率向上 True，站上3MA True；沒有籌碼資料，僅能列入技術觀察，不列最高優先；沒有結構，不做；沒有足夠成交量，不列最高優先；籌碼未確認偏多，只能列觀察組，不能列實際操作組,暫不納入進場候選
2026-05-23,2026-05-22,3026,禾伸堂,,reject,67.85,secondary_watchlist,strong_uptrend,,476.5,9.92,1629087,0.18,434.83,379.81,305.5,211.95,147.04,123.12,9.58,25.46,55.97,12.68,383.0,24.41,籌碼未確認,均線分數 100，價格相對主要均線檢查完成；N 字關鍵位 383.00，量縮回檔 False；沒有籌碼資料，僅能列入技術觀察，不列最高優先；沒有結構，不做；沒有足夠成交量，不列最高優先；籌碼未確認偏多，只能列觀察組，不能列實際操作組,暫不納入進場候選
2026-05-23,2026-05-22,1597,直得,,hold,67.64,secondary_watchlist,strong_uptrend,w_pattern,183.0,9.91,4868124,1.25,173.5,179.75,161.48,117.18,91.56,88.69,5.48,1.81,13.33,-2.25,88.5,106.78,籌碼未確認,均線分數 65，價格相對主要均線檢查完成；頸線 88.50，第二底不破/假跌破檢查 True；沒有籌碼資料，僅能列入技術觀察，不列最高優先；籌碼未確認偏多，只能列觀察組，不能列實際操作組,觀察，不追高
2026-05-23,2026-05-22,8150,南茂,,hold,65.59,secondary_watchlist,constructive,w_pattern,79.1,4.22,45852530,1.3,76.47,79.95,79.66,68.77,56.18,45.13,3.44,-1.06,-0.7,-1.69,57.7,37.09,籌碼未確認,均線分數 65，價格相對主要均線檢查完成；頸線 57.70，第二底不破/假跌破檢查 True；沒有籌碼資料，僅能列入技術觀察，不列最高優先；籌碼未確認偏多，只能列觀察組，不能列實際操作組,觀察，不追高
2026-05-23,2026-05-22,3057,喬鼎,,reject,51.95,lower_priority,constructive,,19.75,3.13,275904,0.43,19.05,19.0,19.78,17.81,16.94,16.39,3.67,3.95,-0.16,-0.25,16.3,21.17,籌碼未確認,均線分數 65，價格相對主要均線檢查完成；頸線 16.30，第二底不破/假跌破檢查 True；沒有籌碼資料，僅能列入技術觀察，不列最高優先；沒有結構，不做；沒有足夠成交量，不列最高優先；籌碼未確認偏多，只能列觀察組，不能列實際操作組,暫不納入進場候選
2026-05-23,2026-05-13,6205,詮欣,6205 詮欣,reject,51.14,lower_priority,constructive,,80.4,-6.4,3265504,0.35,84.13,89.35,83.33,65.48,53.24,49.92,-4.44,-10.02,-3.51,-1.45,55.2,45.65,籌碼未確認,均線分數 65，價格相對主要均線檢查完成；頸線 55.20，第二底不破/假跌破檢查 True；沒有籌碼資料，僅能列入技術觀察，不列最高優先；沒有結構，不做；沒有足夠成交量，不列最高優先；籌碼未確認偏多，只能列觀察組，不能列實際操作組,暫不納入進場候選
2026-05-23,2026-05-13,2313,華通,,reject,51.04,lower_priority,constructive,,237.0,-8.85,94311586,1.19,246.33,254.38,248.36,237.1,155.99,121.89,-3.79,-6.83,-4.57,-1.41,294.0,-19.39,籌碼未確認,均線分數 65，價格相對主要均線檢查完成；N 字關鍵位 294.00，量縮回檔 True；沒有籌碼資料，僅能列入技術觀察，不列最高優先；沒有結構，不做；沒有足夠成交量，不列最高優先；籌碼未確認偏多，只能列觀察組，不能列實際操作組,暫不納入進場候選
2026-05-23,2026-05-13,8046,南電,,reject,50.89,lower_priority,strong_uptrend,,880.0,-2.22,11705998,0.58,896.0,926.5,856.29,657.51,427.77,325.71,-1.79,-5.02,2.77,-15.07,1035.0,-14.98,籌碼未確認,均線分數 65，價格相對主要均線檢查完成；N 字關鍵位 1035.00，量縮回檔 False；沒有籌碼資料，僅能列入技術觀察，不列最高優先；沒有結構，不做；沒有足夠成交量，不列最高優先；籌碼未確認偏多，只能列觀察組，不能列實際操作組,暫不納入進場候選
2026-05-24,2026-05-22,2484,希華,,hold,85.0,secondary_watchlist,strong_uptrend,w_pattern,49.3,9.92,34316257,2.76,46.15,41.66,41.15,35.17,27.86,25.45,6.83,18.35,19.81,0.41,32.5,51.69,籌碼未確認,均線分數 100，價格相對主要均線檢查完成；頸線 32.50，第二底不破/假跌破檢查 True；沒有籌碼資料，僅能列入技術觀察，不列最高優先；籌碼未確認偏多，只能列觀察組，不能列實際操作組,優先追蹤，等待5K切入點與60K MACD確認
2026-05-24,2026-05-22,3048,益登,,hold,85.0,secondary_watchlist,strong_uptrend,w_pattern,74.5,9.88,21619749,1.58,68.0,58.87,47.53,41.44,40.24,36.92,9.56,26.55,56.76,2.88,35.2,111.65,籌碼未確認,均線分數 100，價格相對主要均線檢查完成；頸線 35.20，第二底不破/假跌破檢查 True；沒有籌碼資料，僅能列入技術觀察，不列最高優先；籌碼未確認偏多，只能列觀察組，不能列實際操作組,優先追蹤，等待5K切入點與60K MACD確認
2026-05-24,2026-05-22,4916,4916,,hold,85.0,secondary_watchlist,strong_uptrend,w_pattern,98.3,-0.51,50135316,4.23,95.67,80.38,70.27,64.06,59.11,56.9,2.75,22.3,39.9,3.62,58.5,68.03,籌碼未確認,均線分數 100，價格相對主要均線檢查完成；頸線 58.50，第二底不破/假跌破檢查 True；沒有籌碼資料，僅能列入技術觀察，不列最高優先；籌碼未確認偏多，只能列觀察組，不能列實際操作組,優先追蹤，等待5K切入點與60K MACD確認
2026-05-24,2026-05-22,2464,盟立,,hold,82.57,secondary_watchlist,strong_uptrend,w_pattern,144.0,5.88,37154737,1.26,134.83,129.06,116.73,89.58,74.08,70.16,6.8,11.57,23.36,1.26,69.2,108.09,籌碼未確認,均線分數 100，價格相對主要均線檢查完成；頸線 69.20，第二底不破/假跌破檢查 True；沒有籌碼資料，僅能列入技術觀察，不列最高優先；籌碼未確認偏多，只能列觀察組，不能列實際操作組,觀察，不追高
2026-05-24,2026-05-13,4958,臻鼎-KY,,hold,82.28,secondary_watchlist,strong_uptrend,ma_bloom,442.5,8.72,72787309,1.23,420.5,420.06,360.52,264.66,197.33,173.51,5.23,5.34,22.74,0.44,420.5,5.23,籌碼未確認,均線分數 100，價格相對主要均線檢查完成；日線 3MA>8MA>21MA True，短均斜率向上 True，站上3MA True；沒有籌碼資料，僅能列入技術觀察，不列最高優先；籌碼未確認偏多，只能列觀察組，不能列實際操作組,觀察，不追高
2026-05-24,2026-05-22,3033,威健,,reject,76.98,secondary_watchlist,strong_uptrend,,53.9,2.67,23850001,1.1,52.6,49.07,42.84,36.58,32.79,32.27,2.47,9.85,25.82,0.96,52.599999999999994,2.47,籌碼未確認,均線分數 100，價格相對主要均線檢查完成；日線 3MA>8MA>21MA True，短均斜率向上 True，站上3MA True；沒有籌碼資料，僅能列入技術觀察，不列最高優先；沒有結構，不做；沒有足夠成交量，不列最高優先；籌碼未確認偏多，只能列觀察組，不能列實際操作組,暫不納入進場候選
2026-05-24,2026-05-22,3481,群創,,reject,72.63,secondary_watchlist,strong_uptrend,,44.65,9.98,386510344,0.66,40.73,38.42,31.36,28.36,21.59,18.19,9.62,16.22,42.39,1.18,40.73333333333334,9.62,籌碼未確認,均線分數 100，價格相對主要均線檢查完成；日線 3MA>8MA>21MA True，短均斜率向上 True，站上3MA True；沒有籌碼資料，僅能列入技術觀察，不列最高優先；沒有結構，不做；沒有足夠成交量，不列最高優先；籌碼未確認偏多，只能列觀察組，不能列實際操作組,暫不納入進場候選
2026-05-24,2026-05-22,2492,華新科,,reject,71.61,secondary_watchlist,strong_uptrend,,292.5,9.96,10755860,0.56,266.83,233.0,179.6,149.74,134.68,115.92,9.62,25.54,62.87,11.33,266.8333333333333,9.62,籌碼未確認,均線分數 100，價格相對主要均線檢查完成；日線 3MA>8MA>21MA True，短均斜率向上 True，站上3MA True；沒有籌碼資料，僅能列入技術觀察，不列最高優先；沒有結構，不做；沒有足夠成交量，不列最高優先；籌碼未確認偏多，只能列觀察組，不能列實際操作組,暫不納入進場候選
2026-05-24,2026-05-22,2478,2478,,reject,71.27,secondary_watchlist,strong_uptrend,,127.5,9.91,3645302,0.53,116.33,97.95,82.34,72.75,66.45,57.92,9.6,30.17,54.84,4.7,116.33333333333333,9.6,籌碼未確認,均線分數 100，價格相對主要均線檢查完成；日線 3MA>8MA>21MA True，短均斜率向上 True，站上3MA True；沒有籌碼資料，僅能列入技術觀察，不列最高優先；沒有結構，不做；沒有足夠成交量，不列最高優先；籌碼未確認偏多，只能列觀察組，不能列實際操作組,暫不納入進場候選
2026-05-24,2026-05-13,3037,欣興,,hold,67.97,secondary_watchlist,strong_uptrend,w_pattern,892.0,1.94,26678000,1.28,876.0,876.75,785.19,608.31,369.26,277.49,1.83,1.74,13.6,-3.39,538.0,65.8,籌碼未確認,均線分數 65，價格相對主要均線檢查完成；頸線 538.00，第二底不破/假跌破檢查 True；沒有籌碼資料，僅能列入技術觀察，不列最高優先；籌碼未確認偏多，只能列觀察組，不能列實際操作組,觀察，不追高
2026-05-24,2026-05-22,3450,聯鈞,,reject,67.87,secondary_watchlist,strong_uptrend,,459.5,4.43,2797046,0.19,437.67,421.75,379.19,324.4,283.34,257.02,4.99,8.95,21.18,2.71,437.6666666666667,4.99,籌碼未確認,均線分數 100，價格相對主要均線檢查完成；日線 3MA>8MA>21MA True，短均斜率向上 True，站上3MA True；沒有籌碼資料，僅能列入技術觀察，不列最高優先；沒有結構，不做；沒有足夠成交量，不列最高優先；籌碼未確認偏多，只能列觀察組，不能列實際操作組,暫不納入進場候選
2026-05-24,2026-05-22,3026,禾伸堂,,reject,67.85,secondary_watchlist,strong_uptrend,,476.5,9.92,1629087,0.18,434.83,379.81,305.5,211.95,147.04,123.12,9.58,25.46,55.97,12.68,383.0,24.41,籌碼未確認,均線分數 100，價格相對主要均線檢查完成；N 字關鍵位 383.00，量縮回檔 False；沒有籌碼資料，僅能列入技術觀察，不列最高優先；沒有結構，不做；沒有足夠成交量，不列最高優先；籌碼未確認偏多，只能列觀察組，不能列實際操作組,暫不納入進場候選
2026-05-24,2026-05-22,1597,直得,,hold,67.64,secondary_watchlist,strong_uptrend,w_pattern,183.0,9.91,4868124,1.25,173.5,179.75,161.48,117.18,91.56,88.69,5.48,1.81,13.33,-2.25,88.5,106.78,籌碼未確認,均線分數 65，價格相對主要均線檢查完成；頸線 88.50，第二底不破/假跌破檢查 True；沒有籌碼資料，僅能列入技術觀察，不列最高優先；籌碼未確認偏多，只能列觀察組，不能列實際操作組,觀察，不追高
2026-05-24,2026-05-22,8150,南茂,,hold,65.59,secondary_watchlist,constructive,w_pattern,79.1,4.22,45852530,1.3,76.47,79.95,79.66,68.77,56.18,45.13,3.44,-1.06,-0.7,-1.69,57.7,37.09,籌碼未確認,均線分數 65，價格相對主要均線檢查完成；頸線 57.70，第二底不破/假跌破檢查 True；沒有籌碼資料，僅能列入技術觀察，不列最高優先；籌碼未確認偏多，只能列觀察組，不能列實際操作組,觀察，不追高
2026-05-24,2026-05-22,3057,喬鼎,,reject,51.95,lower_priority,constructive,,19.75,3.13,275904,0.43,19.05,19.0,19.78,17.81,16.94,16.39,3.67,3.95,-0.16,-0.25,16.3,21.17,籌碼未確認,均線分數 65，價格相對主要均線檢查完成；頸線 16.30，第二底不破/假跌破檢查 True；沒有籌碼資料，僅能列入技術觀察，不列最高優先；沒有結構，不做；沒有足夠成交量，不列最高優先；籌碼未確認偏多，只能列觀察組，不能列實際操作組,暫不納入進場候選
2026-05-24,2026-05-13,6205,詮欣,6205 詮欣,reject,51.14,lower_priority,constructive,,80.4,-6.4,3265504,0.35,84.13,89.35,83.33,65.48,53.24,49.92,-4.44,-10.02,-3.51,-1.45,55.2,45.65,籌碼未確認,均線分數 65，價格相對主要均線檢查完成；頸線 55.20，第二底不破/假跌破檢查 True；沒有籌碼資料，僅能列入技術觀察，不列最高優先；沒有結構，不做；沒有足夠成交量，不列最高優先；籌碼未確認偏多，只能列觀察組，不能列實際操作組,暫不納入進場候選
2026-05-24,2026-05-13,2313,華通,,reject,51.04,lower_priority,constructive,,237.0,-8.85,94311586,1.19,246.33,254.38,248.36,237.1,155.99,121.89,-3.79,-6.83,-4.57,-1.41,294.0,-19.39,籌碼未確認,均線分數 65，價格相對主要均線檢查完成；N 字關鍵位 294.00，量縮回檔 True；沒有籌碼資料，僅能列入技術觀察，不列最高優先；沒有結構，不做；沒有足夠成交量，不列最高優先；籌碼未確認偏多，只能列觀察組，不能列實際操作組,暫不納入進場候選
2026-05-24,2026-05-13,8046,南電,,reject,50.89,lower_priority,strong_uptrend,,880.0,-2.22,11705998,0.58,896.0,926.5,856.29,657.51,427.77,325.71,-1.79,-5.02,2.77,-15.07,1035.0,-14.98,籌碼未確認,均線分數 65，價格相對主要均線檢查完成；N 字關鍵位 1035.00，量縮回檔 False；沒有籌碼資料，僅能列入技術觀察，不列最高優先；沒有結構，不做；沒有足夠成交量，不列最高優先；籌碼未確認偏多，只能列觀察組，不能列實際操作組,暫不納入進場候選
2026-05-26,2026-05-26,1597,直得,,hold,85.0,secondary_watchlist,strong_uptrend,w_pattern,221.0,9.95,9245026,2.2,201.67,186.38,171.29,122.15,93.41,89.75,9.59,18.58,29.02,0.82,94.9,132.88,籌碼未確認,均線分數 100，價格相對主要均線檢查完成；頸線 94.90，第二底不破/假跌破檢查 True；沒有籌碼資料，僅能列入技術觀察，不列最高優先；籌碼未確認偏多，只能列觀察組，不能列實際操作組,優先追蹤，等待5K切入點與60K MACD確認
2026-05-26,2026-05-26,2484,希華,,hold,85.0,secondary_watchlist,strong_uptrend,w_pattern,56.0,3.32,44842410,2.79,53.17,45.91,42.42,36.18,28.32,25.73,5.33,21.99,32.0,1.34,30.55,83.31,籌碼未確認,均線分數 100，價格相對主要均線檢查完成；頸線 30.55，第二底不破/假跌破檢查 True；沒有籌碼資料，僅能列入技術觀察，不列最高優先；籌碼未確認偏多，只能列觀察組，不能列實際操作組,優先追蹤，等待5K切入點與60K MACD確認
2026-05-26,2026-05-26,3481,群創,,hold,85.0,secondary_watchlist,strong_uptrend,w_pattern,45.7,-6.92,1461785472,2.3,46.48,41.16,33.61,29.16,22.05,18.49,-1.69,11.04,35.97,1.39,24.7,85.02,籌碼未確認,均線分數 100，價格相對主要均線檢查完成；頸線 24.70，第二底不破/假跌破檢查 True；沒有籌碼資料，僅能列入技術觀察，不列最高優先；籌碼未確認偏多，只能列觀察組，不能列實際操作組,優先追蹤，等待5K切入點與60K MACD確認
2026-05-26,2026-05-13,4958,臻鼎-KY,,hold,82.28,secondary_watchlist,strong_uptrend,ma_bloom,442.5,8.72,72787309,1.23,420.5,420.06,360.52,264.66,197.33,173.51,5.23,5.34,22.74,0.44,420.5,5.23,籌碼未確認,均線分數 100，價格相對主要均線檢查完成；日線 3MA>8MA>21MA True，短均斜率向上 True，站上3MA True；沒有籌碼資料，僅能列入技術觀察，不列最高優先；籌碼未確認偏多，只能列觀察組，不能列實際操作組,觀察，不追高
2026-05-26,2026-05-26,3048,益登,,reject,74.46,secondary_watchlist,strong_uptrend,,73.0,-0.41,15214715,0.95,73.6,64.97,50.88,42.82,40.76,37.32,-0.82,12.35,43.47,2.75,35.9,103.34,籌碼未確認,均線分數 100，價格相對主要均線檢查完成；頸線 35.90，第二底不破/假跌破檢查 True；沒有籌碼資料，僅能列入技術觀察，不列最高優先；沒有結構，不做；沒有足夠成交量，不列最高優先；籌碼未確認偏多，只能列觀察組，不能列實際操作組,暫不納入進場候選
2026-05-26,2026-05-26,2492,華新科,,reject,73.17,secondary_watchlist,strong_uptrend,,328.5,2.18,14020929,0.72,314.17,261.75,198.17,156.84,137.85,118.01,4.56,25.5,65.77,14.52,314.1666666666667,4.56,籌碼未確認,均線分數 100，價格相對主要均線檢查完成；日線 3MA>8MA>21MA True，短均斜率向上 True，站上3MA True；沒有籌碼資料，僅能列入技術觀察，不列最高優先；沒有結構，不做；沒有足夠成交量，不列最高優先；籌碼未確認偏多，只能列觀察組，不能列實際操作組,暫不納入進場候選
2026-05-26,2026-05-26,2464,盟立,,reject,72.38,secondary_watchlist,strong_uptrend,,173.5,9.81,17711571,0.64,158.5,142.06,124.12,93.15,75.51,71.07,9.46,22.13,39.79,3.62,140.5,23.49,籌碼未確認,均線分數 100，價格相對主要均線檢查完成；N 字關鍵位 140.50，量縮回檔 False；沒有籌碼資料，僅能列入技術觀察，不列最高優先；沒有結構，不做；沒有足夠成交量，不列最高優先；籌碼未確認偏多，只能列觀察組，不能列實際操作組,暫不納入進場候選
2026-05-26,2026-05-26,3033,威健,,reject,72.14,secondary_watchlist,strong_uptrend,,50.3,2.24,17220523,0.71,51.13,50.34,44.26,37.3,33.08,32.4,-1.63,-0.07,13.64,0.38,33.15,51.73,籌碼未確認,均線分數 100，價格相對主要均線檢查完成；頸線 33.15，第二底不破/假跌破檢查 True；沒有籌碼資料，僅能列入技術觀察，不列最高優先；沒有結構，不做；沒有足夠成交量，不列最高優先；籌碼未確認偏多，只能列觀察組，不能列實際操作組,暫不納入進場候選
2026-05-26,2026-05-26,4916,4916,,reject,70.32,secondary_watchlist,strong_uptrend,,100.5,-0.99,5515128,0.43,100.1,89.11,73.6,65.58,59.74,57.42,0.4,12.78,36.54,3.66,100.09999999999998,0.4,籌碼未確認,均線分數 100，價格相對主要均線檢查完成；日線 3MA>8MA>21MA True，短均斜率向上 True，站上3MA True；沒有籌碼資料，僅能列入技術觀察，不列最高優先；沒有結構，不做；沒有足夠成交量，不列最高優先；籌碼未確認偏多，只能列觀察組，不能列實際操作組,暫不納入進場候選
2026-05-26,2026-05-26,3026,禾伸堂,,reject,69.86,secondary_watchlist,strong_uptrend,,570.0,8.99,3371183,0.39,523.17,431.12,336.62,227.93,153.2,127.08,8.95,32.21,69.33,20.89,386.0,47.67,籌碼未確認,均線分數 100，價格相對主要均線檢查完成；N 字關鍵位 386.00，量縮回檔 False；沒有籌碼資料，僅能列入技術觀察，不列最高優先；沒有結構，不做；沒有足夠成交量，不列最高優先；籌碼未確認偏多，只能列觀察組，不能列實際操作組,暫不納入進場候選
2026-05-26,2026-05-26,2478,2478,,reject,69.69,secondary_watchlist,strong_uptrend,,119.0,-0.83,3872204,0.47,122.17,107.45,87.44,74.57,67.4,58.56,-2.59,10.75,36.1,4.17,63.0,88.89,籌碼未確認,均線分數 100，價格相對主要均線檢查完成；頸線 63.00，第二底不破/假跌破檢查 True；沒有籌碼資料，僅能列入技術觀察，不列最高優先；沒有結構，不做；沒有足夠成交量，不列最高優先；籌碼未確認偏多，只能列觀察組，不能列實際操作組,暫不納入進場候選
2026-05-26,2026-05-26,3450,聯鈞,,reject,69.23,secondary_watchlist,strong_uptrend,,530.0,5.79,4368304,0.32,496.83,442.75,397.26,332.45,286.99,259.85,6.68,19.71,33.41,9.18,496.8333333333333,6.68,籌碼未確認,均線分數 100，價格相對主要均線檢查完成；日線 3MA>8MA>21MA True，短均斜率向上 True，站上3MA True；沒有籌碼資料，僅能列入技術觀察，不列最高優先；沒有結構，不做；沒有足夠成交量，不列最高優先；籌碼未確認偏多，只能列觀察組，不能列實際操作組,暫不納入進場候選
2026-05-26,2026-05-13,3037,欣興,,hold,67.97,secondary_watchlist,strong_uptrend,w_pattern,892.0,1.94,26678000,1.28,876.0,876.75,785.19,608.31,369.26,277.49,1.83,1.74,13.6,-3.39,538.0,65.8,籌碼未確認,均線分數 65，價格相對主要均線檢查完成；頸線 538.00，第二底不破/假跌破檢查 True；沒有籌碼資料，僅能列入技術觀察，不列最高優先；籌碼未確認偏多，只能列觀察組，不能列實際操作組,觀察，不追高
2026-05-26,2026-05-26,8150,南茂,,reject,61.97,secondary_watchlist,strong_uptrend,,85.4,-1.61,44164249,1.18,83.77,80.3,81.11,69.7,56.95,45.62,1.95,6.35,5.29,-0.75,61.6,38.64,籌碼未確認,均線分數 65，價格相對主要均線檢查完成；頸線 61.60，第二底不破/假跌破檢查 True；沒有籌碼資料，僅能列入技術觀察，不列最高優先；沒有結構，不做；沒有足夠成交量，不列最高優先；籌碼未確認偏多，只能列觀察組，不能列實際操作組,暫不納入進場候選
2026-05-26,2026-05-26,3057,喬鼎,,reject,55.12,secondary_watchlist,strong_uptrend,,20.0,0.0,318010,0.5,19.92,19.11,19.87,17.98,17.05,16.4,0.42,4.64,0.66,-0.12,16.15,23.84,籌碼未確認,均線分數 65，價格相對主要均線檢查完成；頸線 16.15，第二底不破/假跌破檢查 True；沒有籌碼資料，僅能列入技術觀察，不列最高優先；沒有結構，不做；沒有足夠成交量，不列最高優先；籌碼未確認偏多，只能列觀察組，不能列實際操作組,暫不納入進場候選
2026-05-26,2026-05-13,6205,詮欣,6205 詮欣,reject,51.14,lower_priority,constructive,,80.4,-6.4,3265504,0.35,84.13,89.35,83.33,65.48,53.24,49.92,-4.44,-10.02,-3.51,-1.45,55.2,45.65,籌碼未確認,均線分數 65，價格相對主要均線檢查完成；頸線 55.20，第二底不破/假跌破檢查 True；沒有籌碼資料，僅能列入技術觀察，不列最高優先；沒有結構，不做；沒有足夠成交量，不列最高優先；籌碼未確認偏多，只能列觀察組，不能列實際操作組,暫不納入進場候選
2026-05-26,2026-05-13,2313,華通,,reject,51.04,lower_priority,constructive,,237.0,-8.85,94311586,1.19,246.33,254.38,248.36,237.1,155.99,121.89,-3.79,-6.83,-4.57,-1.41,294.0,-19.39,籌碼未確認,均線分數 65，價格相對主要均線檢查完成；N 字關鍵位 294.00，量縮回檔 True；沒有籌碼資料，僅能列入技術觀察，不列最高優先；沒有結構，不做；沒有足夠成交量，不列最高優先；籌碼未確認偏多，只能列觀察組，不能列實際操作組,暫不納入進場候選
2026-05-26,2026-05-13,8046,南電,,reject,50.89,lower_priority,strong_uptrend,,880.0,-2.22,11705998,0.58,896.0,926.5,856.29,657.51,427.77,325.71,-1.79,-5.02,2.77,-15.07,1035.0,-14.98,籌碼未確認,均線分數 65，價格相對主要均線檢查完成；N 字關鍵位 1035.00，量縮回檔 False；沒有籌碼資料，僅能列入技術觀察，不列最高優先；沒有結構，不做；沒有足夠成交量，不列最高優先；籌碼未確認偏多，只能列觀察組，不能列實際操作組,暫不納入進場候選
2026-05-27,2026-05-27,1597,直得,,hold,85.0,secondary_watchlist,strong_uptrend,w_pattern,199.0,-9.95,9327929,2.07,207.0,188.81,175.5,124.41,94.25,90.22,-3.86,5.4,13.39,0.38,94.9,109.69,籌碼未確認,均線分數 100，價格相對主要均線檢查完成；頸線 94.90，第二底不破/假跌破檢查 True；沒有籌碼資料，僅能列入技術觀察，不列最高優先；籌碼未確認偏多，只能列觀察組，不能列實際操作組,優先追蹤，等待5K切入點與60K MACD確認
2026-05-27,2026-05-27,3481,群創,,hold,85.0,secondary_watchlist,strong_uptrend,w_pattern,50.2,9.85,1370411333,1.96,48.33,42.92,34.84,29.58,22.29,18.65,3.86,16.97,44.08,1.5,24.7,103.24,籌碼未確認,均線分數 100，價格相對主要均線檢查完成；頸線 24.70，第二底不破/假跌破檢查 True；沒有籌碼資料，僅能列入技術觀察，不列最高優先；籌碼未確認偏多，只能列觀察組，不能列實際操作組,優先追蹤，等待5K切入點與60K MACD確認
2026-05-27,2026-05-27,2484,希華,,hold,82.83,secondary_watchlist,strong_uptrend,w_pattern,52.6,-6.07,21846397,1.28,54.27,47.82,43.16,36.64,28.53,25.86,-3.07,10.0,21.88,1.28,30.55,72.18,籌碼未確認,均線分數 100，價格相對主要均線檢查完成；頸線 30.55，第二底不破/假跌破檢查 True；沒有籌碼資料，僅能列入技術觀察，不列最高優先；籌碼未確認偏多，只能列觀察組，不能列實際操作組,觀察，不追高
2026-05-27,2026-05-27,3450,聯鈞,,hold,82.55,secondary_watchlist,strong_uptrend,w_pattern,501.0,-5.47,17294205,1.25,510.67,455.94,406.76,336.43,288.72,261.17,-1.89,9.88,23.17,8.6,298.5,67.84,籌碼未確認,均線分數 100，價格相對主要均線檢查完成；頸線 298.50，第二底不破/假跌破檢查 True；沒有籌碼資料，僅能列入技術觀察，不列最高優先；籌碼未確認偏多，只能列觀察組，不能列實際操作組,觀察，不追高
2026-05-27,2026-05-13,4958,臻鼎-KY,,hold,82.28,secondary_watchlist,strong_uptrend,ma_bloom,442.5,8.72,72787309,1.23,420.5,420.06,360.52,264.66,197.33,173.51,5.23,5.34,22.74,0.44,420.5,5.23,籌碼未確認,均線分數 100，價格相對主要均線檢查完成；日線 3MA>8MA>21MA True，短均斜率向上 True，站上3MA True；沒有籌碼資料，僅能列入技術觀察，不列最高優先；籌碼未確認偏多，只能列觀察組，不能列實際操作組,觀察，不追高
2026-05-27,2026-05-27,2464,盟立,,reject,77.66,secondary_watchlist,strong_uptrend,,177.0,2.02,32476859,1.17,169.5,148.38,127.93,95.13,76.31,71.56,4.42,19.29,38.36,4.39,140.5,25.98,籌碼未確認,均線分數 100，價格相對主要均線檢查完成；N 字關鍵位 140.50，量縮回檔 False；沒有籌碼資料，僅能列入技術觀察，不列最高優先；沒有結構，不做；沒有足夠成交量，不列最高優先；籌碼未確認偏多，只能列觀察組，不能列實際操作組,暫不納入進場候選
2026-05-27,2026-05-27,3048,益登,,reject,73.55,secondary_watchlist,strong_uptrend,,70.0,-4.11,14262463,0.85,72.1,66.71,52.36,43.41,41.0,37.5,-2.91,4.93,33.7,2.25,36.45,92.04,籌碼未確認,均線分數 100，價格相對主要均線檢查完成；頸線 36.45，第二底不破/假跌破檢查 True；沒有籌碼資料，僅能列入技術觀察，不列最高優先；沒有結構，不做；沒有足夠成交量，不列最高優先；籌碼未確認偏多，只能列觀察組，不能列實際操作組,暫不納入進場候選
2026-05-27,2026-05-27,2478,2478,,reject,70.43,secondary_watchlist,strong_uptrend,,120.0,0.84,3718085,0.44,119.67,112.01,90.0,75.49,67.83,58.88,0.28,7.13,33.34,3.66,119.66666666666667,0.28,籌碼未確認,均線分數 100，價格相對主要均線檢查完成；日線 3MA>8MA>21MA True，短均斜率向上 True，站上3MA True；沒有籌碼資料，僅能列入技術觀察，不列最高優先；沒有結構，不做；沒有足夠成交量，不列最高優先；籌碼未確認偏多，只能列觀察組，不能列實際操作組,暫不納入進場候選
2026-05-27,2026-05-27,8150,南茂,,hold,70.12,secondary_watchlist,strong_uptrend,w_pattern,93.9,9.95,90869606,2.2,88.7,81.92,82.35,70.28,57.38,45.89,5.86,14.62,14.02,-0.01,62.1,51.21,籌碼未確認,均線分數 65，價格相對主要均線檢查完成；頸線 62.10，第二底不破/假跌破檢查 True；沒有籌碼資料，僅能列入技術觀察，不列最高優先；籌碼未確認偏多，只能列觀察組，不能列實際操作組,觀察，不追高
2026-05-27,2026-05-27,2492,華新科,,reject,68.71,secondary_watchlist,strong_uptrend,,361.0,9.89,5324682,0.27,337.0,281.12,209.19,160.96,139.64,119.2,7.12,28.41,72.57,16.16,242.0,49.17,籌碼未確認,均線分數 100，價格相對主要均線檢查完成；N 字關鍵位 242.00，量縮回檔 False；沒有籌碼資料，僅能列入技術觀察，不列最高優先；沒有結構，不做；沒有足夠成交量，不列最高優先；籌碼未確認偏多，只能列觀察組，不能列實際操作組,暫不納入進場候選
2026-05-27,2026-05-27,3026,禾伸堂,,reject,68.19,secondary_watchlist,strong_uptrend,,608.0,6.67,1894952,0.22,567.0,466.25,355.19,236.99,156.69,129.32,7.23,30.4,71.18,24.34,567.0,7.23,籌碼未確認,均線分數 100，價格相對主要均線檢查完成；日線 3MA>8MA>21MA True，短均斜率向上 True，站上3MA True；沒有籌碼資料，僅能列入技術觀察，不列最高優先；沒有結構，不做；沒有足夠成交量，不列最高優先；籌碼未確認偏多，只能列觀察組，不能列實際操作組,暫不納入進場候選
2026-05-27,2026-05-13,3037,欣興,,hold,67.97,secondary_watchlist,strong_uptrend,w_pattern,892.0,1.94,26678000,1.28,876.0,876.75,785.19,608.31,369.26,277.49,1.83,1.74,13.6,-3.39,538.0,65.8,籌碼未確認,均線分數 65，價格相對主要均線檢查完成；頸線 538.00，第二底不破/假跌破檢查 True；沒有籌碼資料，僅能列入技術觀察，不列最高優先；籌碼未確認偏多，只能列觀察組，不能列實際操作組,觀察，不追高
2026-05-27,2026-05-27,4916,4916,,reject,67.58,secondary_watchlist,strong_uptrend,,99.4,-1.09,3292175,0.26,100.47,93.08,75.37,66.27,60.06,57.67,-1.06,6.8,31.89,3.24,57.5,72.87,籌碼未確認,均線分數 100，價格相對主要均線檢查完成；頸線 57.50，第二底不破/假跌破檢查 True；沒有籌碼資料，僅能列入技術觀察，不列最高優先；沒有結構，不做；沒有足夠成交量，不列最高優先；籌碼未確認偏多，只能列觀察組，不能列實際操作組,暫不納入進場候選
2026-05-27,2026-05-27,3033,威健,,reject,57.33,secondary_watchlist,strong_uptrend,,50.7,0.8,17641953,0.72,50.07,50.69,44.98,37.68,33.23,32.48,1.26,0.02,12.71,0.21,33.35,52.02,籌碼未確認,均線分數 65，價格相對主要均線檢查完成；頸線 33.35，第二底不破/假跌破檢查 True；沒有籌碼資料，僅能列入技術觀察，不列最高優先；沒有結構，不做；沒有足夠成交量，不列最高優先；籌碼未確認偏多，只能列觀察組，不能列實際操作組,暫不納入進場候選
2026-05-27,2026-05-27,3057,喬鼎,,reject,55.53,secondary_watchlist,strong_uptrend,,20.25,1.25,353871,0.54,20.08,19.34,19.94,18.06,17.1,15.55,0.83,4.68,1.58,-0.07,16.15,25.39,籌碼未確認,均線分數 65，價格相對主要均線檢查完成；頸線 16.15，第二底不破/假跌破檢查 True；沒有籌碼資料，僅能列入技術觀察，不列最高優先；沒有結構，不做；沒有足夠成交量，不列最高優先；籌碼未確認偏多，只能列觀察組，不能列實際操作組,暫不納入進場候選
2026-05-27,2026-05-13,6205,詮欣,6205 詮欣,reject,51.14,lower_priority,constructive,,80.4,-6.4,3265504,0.35,84.13,89.35,83.33,65.48,53.24,49.92,-4.44,-10.02,-3.51,-1.45,55.2,45.65,籌碼未確認,均線分數 65，價格相對主要均線檢查完成；頸線 55.20，第二底不破/假跌破檢查 True；沒有籌碼資料，僅能列入技術觀察，不列最高優先；沒有結構，不做；沒有足夠成交量，不列最高優先；籌碼未確認偏多，只能列觀察組，不能列實際操作組,暫不納入進場候選
2026-05-27,2026-05-13,2313,華通,,reject,51.04,lower_priority,constructive,,237.0,-8.85,94311586,1.19,246.33,254.38,248.36,237.1,155.99,121.89,-3.79,-6.83,-4.57,-1.41,294.0,-19.39,籌碼未確認,均線分數 65，價格相對主要均線檢查完成；N 字關鍵位 294.00，量縮回檔 True；沒有籌碼資料，僅能列入技術觀察，不列最高優先；沒有結構，不做；沒有足夠成交量，不列最高優先；籌碼未確認偏多，只能列觀察組，不能列實際操作組,暫不納入進場候選
2026-05-27,2026-05-13,8046,南電,,reject,50.89,lower_priority,strong_uptrend,,880.0,-2.22,11705998,0.58,896.0,926.5,856.29,657.51,427.77,325.71,-1.79,-5.02,2.77,-15.07,1035.0,-14.98,籌碼未確認,均線分數 65，價格相對主要均線檢查完成；N 字關鍵位 1035.00，量縮回檔 False；沒有籌碼資料，僅能列入技術觀察，不列最高優先；沒有結構，不做；沒有足夠成交量，不列最高優先；籌碼未確認偏多，只能列觀察組，不能列實際操作組,暫不納入進場候選
2026-05-28,2026-05-28,1597,直得,,hold,85.0,secondary_watchlist,strong_uptrend,w_pattern,180.5,-9.3,7590728,1.88,200.17,187.69,178.31,126.42,94.97,90.61,-9.83,-3.83,1.23,-1.28,99.1,82.14,籌碼未確認,均線分數 100，價格相對主要均線檢查完成；頸線 99.10，第二底不破/假跌破檢查 True；沒有籌碼資料，僅能列入技術觀察，不列最高優先；籌碼未確認偏多，只能列觀察組，不能列實際操作組,優先追蹤，等待5K切入點與60K MACD確認
2026-05-28,2026-05-28,2484,希華,,hold,85.0,secondary_watchlist,strong_uptrend,w_pattern,55.2,4.94,43139769,2.27,54.6,49.59,43.86,37.17,28.75,26.01,1.1,11.3,25.86,1.31,33.0,67.27,籌碼未確認,均線分數 100，價格相對主要均線檢查完成；頸線 33.00，第二底不破/假跌破檢查 True；沒有籌碼資料，僅能列入技術觀察，不列最高優先；籌碼未確認偏多，只能列觀察組，不能列實際操作組,優先追蹤，等待5K切入點與60K MACD確認
2026-05-28,2026-05-28,3048,益登,,hold,85.0,secondary_watchlist,strong_uptrend,w_pattern,72.2,3.14,29697572,1.64,71.73,68.58,53.92,44.08,41.25,37.69,0.65,5.29,33.91,1.9,38.0,90.0,籌碼未確認,均線分數 100，價格相對主要均線檢查完成；頸線 38.00，第二底不破/假跌破檢查 True；沒有籌碼資料，僅能列入技術觀察，不列最高優先；籌碼未確認偏多，只能列觀察組，不能列實際操作組,優先追蹤，等待5K切入點與60K MACD確認
2026-05-28,2026-05-28,3481,群創,,hold,85.0,secondary_watchlist,strong_uptrend,w_pattern,46.4,-7.57,1257195758,1.67,47.43,43.88,35.89,29.91,22.52,18.8,-2.18,5.74,29.27,1.21,24.7,87.85,籌碼未確認,均線分數 100，價格相對主要均線檢查完成；頸線 24.70，第二底不破/假跌破檢查 True；沒有籌碼資料，僅能列入技術觀察，不列最高優先；籌碼未確認偏多，只能列觀察組，不能列實際操作組,優先追蹤，等待5K切入點與60K MACD確認
2026-05-28,2026-05-28,8150,南茂,,hold,85.0,secondary_watchlist,strong_uptrend,w_pattern,103.0,9.69,112388509,2.43,94.1,84.51,84.0,71.09,57.87,46.21,9.46,21.88,22.61,1.01,64.5,59.69,籌碼未確認,均線分數 100，價格相對主要均線檢查完成；頸線 64.50，第二底不破/假跌破檢查 True；沒有籌碼資料，僅能列入技術觀察，不列最高優先；籌碼未確認偏多，只能列觀察組，不能列實際操作組,優先追蹤，等待5K切入點與60K MACD確認
2026-05-28,2026-05-13,4958,臻鼎-KY,,hold,82.28,secondary_watchlist,strong_uptrend,ma_bloom,442.5,8.72,72787309,1.23,420.5,420.06,360.52,264.66,197.33,173.51,5.23,5.34,22.74,0.44,420.5,5.23,籌碼未確認,均線分數 100，價格相對主要均線檢查完成；日線 3MA>8MA>21MA True，短均斜率向上 True，站上3MA True；沒有籌碼資料，僅能列入技術觀察，不列最高優先；籌碼未確認偏多，只能列觀察組，不能列實際操作組,觀察，不追高
2026-05-28,2026-05-28,3450,聯鈞,,hold,81.08,secondary_watchlist,strong_uptrend,n_pattern,481.0,-3.99,15632883,1.11,504.0,464.81,415.12,340.55,290.17,262.35,-4.56,3.48,15.87,6.19,470.5,2.23,籌碼未確認,均線分數 100，價格相對主要均線檢查完成；N 字關鍵位 470.50，量縮回檔 True；沒有籌碼資料，僅能列入技術觀察，不列最高優先；沒有足夠成交量，不列最高優先；籌碼未確認偏多，只能列觀察組，不能列實際操作組,觀察，不追高
2026-05-28,2026-05-28,2478,2478,,reject,72.91,secondary_watchlist,strong_uptrend,,127.0,5.83,5894189,0.69,122.0,116.41,92.79,76.6,68.28,59.23,4.1,9.09,36.87,3.51,116.0,9.48,籌碼未確認,均線分數 100，價格相對主要均線檢查完成；N 字關鍵位 116.00，量縮回檔 False；沒有籌碼資料，僅能列入技術觀察，不列最高優先；沒有結構，不做；沒有足夠成交量，不列最高優先；籌碼未確認偏多，只能列觀察組，不能列實際操作組,暫不納入進場候選
2026-05-28,2026-05-28,2464,盟立,,reject,72.78,secondary_watchlist,strong_uptrend,,168.0,-5.08,17660065,0.68,172.83,152.0,130.86,97.03,77.03,72.01,-2.8,10.53,28.38,3.94,140.5,19.57,籌碼未確認,均線分數 100，價格相對主要均線檢查完成；N 字關鍵位 140.50，量縮回檔 False；沒有籌碼資料，僅能列入技術觀察，不列最高優先；沒有結構，不做；沒有足夠成交量，不列最高優先；籌碼未確認偏多，只能列觀察組，不能列實際操作組,暫不納入進場候選
2026-05-28,2026-05-28,4916,4916,,reject,70.65,secondary_watchlist,strong_uptrend,,102.5,3.12,5999683,0.46,100.8,96.59,77.3,67.12,60.4,57.93,1.69,6.12,32.61,2.94,100.8,1.69,籌碼未確認,均線分數 100，價格相對主要均線檢查完成；日線 3MA>8MA>21MA True，短均斜率向上 True，站上3MA True；沒有籌碼資料，僅能列入技術觀察，不列最高優先；沒有結構，不做；沒有足夠成交量，不列最高優先；籌碼未確認偏多，只能列觀察組，不能列實際操作組,暫不納入進場候選
2026-05-28,2026-05-28,3026,禾伸堂,,reject,69.12,secondary_watchlist,strong_uptrend,,605.0,-0.49,2501719,0.31,594.33,496.94,372.86,246.12,160.09,131.55,1.79,21.75,62.26,24.48,594.3333333333334,1.79,籌碼未確認,均線分數 100，價格相對主要均線檢查完成；日線 3MA>8MA>21MA True，短均斜率向上 True，站上3MA True；沒有籌碼資料，僅能列入技術觀察，不列最高優先；沒有結構，不做；沒有足夠成交量，不列最高優先；籌碼未確認偏多，只能列觀察組，不能列實際操作組,暫不納入進場候選
2026-05-28,2026-05-28,2492,華新科,,reject,69.1,secondary_watchlist,strong_uptrend,,390.0,8.03,5997371,0.31,359.83,302.69,221.0,165.82,141.56,120.52,8.38,28.85,76.47,17.9,266.0,46.62,籌碼未確認,均線分數 100，價格相對主要均線檢查完成；N 字關鍵位 266.00，量縮回檔 False；沒有籌碼資料，僅能列入技術觀察，不列最高優先；沒有結構，不做；沒有足夠成交量，不列最高優先；籌碼未確認偏多，只能列觀察組，不能列實際操作組,暫不納入進場候選
2026-05-28,2026-05-13,3037,欣興,,hold,67.97,secondary_watchlist,strong_uptrend,w_pattern,892.0,1.94,26678000,1.28,876.0,876.75,785.19,608.31,369.26,277.49,1.83,1.74,13.6,-3.39,538.0,65.8,籌碼未確認,均線分數 65，價格相對主要均線檢查完成；頸線 538.00，第二底不破/假跌破檢查 True；沒有籌碼資料，僅能列入技術觀察，不列最高優先；籌碼未確認偏多，只能列觀察組，不能列實際操作組,觀察，不追高
2026-05-28,2026-05-28,3057,喬鼎,,reject,55.48,secondary_watchlist,strong_uptrend,,20.05,-0.99,297698,0.54,20.1,19.49,19.99,18.16,17.15,16.42,-0.25,2.89,0.29,-0.05,17.8,12.64,籌碼未確認,均線分數 65，價格相對主要均線檢查完成；頸線 17.80，第二底不破/假跌破檢查 True；沒有籌碼資料，僅能列入技術觀察，不列最高優先；沒有結構，不做；沒有足夠成交量，不列最高優先；籌碼未確認偏多，只能列觀察組，不能列實際操作組,暫不納入進場候選
2026-05-28,2026-05-28,3033,威健,,reject,55.03,secondary_watchlist,strong_uptrend,,50.1,-1.18,12212870,0.49,50.37,50.86,45.64,38.06,33.37,32.55,-0.53,-1.5,9.77,0.02,35.1,42.74,籌碼未確認,均線分數 65，價格相對主要均線檢查完成；頸線 35.10，第二底不破/假跌破檢查 True；沒有籌碼資料，僅能列入技術觀察，不列最高優先；沒有結構，不做；沒有足夠成交量，不列最高優先；籌碼未確認偏多，只能列觀察組，不能列實際操作組,暫不納入進場候選
2026-05-28,2026-05-13,6205,詮欣,6205 詮欣,reject,51.14,lower_priority,constructive,,80.4,-6.4,3265504,0.35,84.13,89.35,83.33,65.48,53.24,49.92,-4.44,-10.02,-3.51,-1.45,55.2,45.65,籌碼未確認,均線分數 65，價格相對主要均線檢查完成；頸線 55.20，第二底不破/假跌破檢查 True；沒有籌碼資料，僅能列入技術觀察，不列最高優先；沒有結構，不做；沒有足夠成交量，不列最高優先；籌碼未確認偏多，只能列觀察組，不能列實際操作組,暫不納入進場候選
2026-05-28,2026-05-13,2313,華通,,reject,51.04,lower_priority,constructive,,237.0,-8.85,94311586,1.19,246.33,254.38,248.36,237.1,155.99,121.89,-3.79,-6.83,-4.57,-1.41,294.0,-19.39,籌碼未確認,均線分數 65，價格相對主要均線檢查完成；N 字關鍵位 294.00，量縮回檔 True；沒有籌碼資料，僅能列入技術觀察，不列最高優先；沒有結構，不做；沒有足夠成交量，不列最高優先；籌碼未確認偏多，只能列觀察組，不能列實際操作組,暫不納入進場候選
2026-05-28,2026-05-13,8046,南電,,reject,50.89,lower_priority,strong_uptrend,,880.0,-2.22,11705998,0.58,896.0,926.5,856.29,657.51,427.77,325.71,-1.79,-5.02,2.77,-15.07,1035.0,-14.98,籌碼未確認,均線分數 65，價格相對主要均線檢查完成；N 字關鍵位 1035.00，量縮回檔 False；沒有籌碼資料，僅能列入技術觀察，不列最高優先；沒有結構，不做；沒有足夠成交量，不列最高優先；籌碼未確認偏多，只能列觀察組，不能列實際操作組,暫不納入進場候選
2026-05-29,2026-05-29,2484,希華,,hold,82.71,secondary_watchlist,strong_uptrend,w_pattern,54.3,-1.63,25851618,1.27,54.03,51.34,44.53,37.68,28.97,26.15,0.49,5.76,21.94,1.18,34.9,55.59,籌碼未確認,均線分數 100，價格相對主要均線檢查完成；頸線 34.90，第二底不破/假跌破檢查 True；沒有籌碼資料，僅能列入技術觀察，不列最高優先；籌碼未確認偏多，只能列觀察組，不能列實際操作組,觀察，不追高
2026-05-29,2026-05-13,4958,臻鼎-KY,,hold,82.28,secondary_watchlist,strong_uptrend,ma_bloom,442.5,8.72,72787309,1.23,420.5,420.06,360.52,264.66,197.33,173.51,5.23,5.34,22.74,0.44,420.5,5.23,籌碼未確認,均線分數 100，價格相對主要均線檢查完成；日線 3MA>8MA>21MA True，短均斜率向上 True，站上3MA True；沒有籌碼資料，僅能列入技術觀察，不列最高優先；籌碼未確認偏多，只能列觀察組，不能列實際操作組,觀察，不追高
2026-05-29,2026-05-29,3481,群創,,reject,77.31,secondary_watchlist,strong_uptrend,,51.0,9.91,896163505,1.13,49.2,45.58,37.18,30.34,22.78,18.97,3.66,11.9,37.17,1.22,49.20000000000001,3.66,籌碼未確認,均線分數 100，價格相對主要均線檢查完成；日線 3MA>8MA>21MA True，短均斜率向上 True，站上3MA True；沒有籌碼資料，僅能列入技術觀察，不列最高優先；沒有結構，不做；沒有足夠成交量，不列最高優先；籌碼未確認偏多，只能列觀察組，不能列實際操作組,暫不納入進場候選
2026-05-29,2026-05-29,3450,聯鈞,,hold,76.75,secondary_watchlist,strong_uptrend,n_pattern,490.5,1.98,9170565,0.68,490.83,477.06,424.1,344.95,291.71,263.61,-0.07,2.82,15.66,4.63,470.5,4.25,籌碼未確認,均線分數 100，價格相對主要均線檢查完成；N 字關鍵位 470.50，量縮回檔 True；沒有籌碼資料，僅能列入技術觀察，不列最高優先；沒有足夠成交量，不列最高優先；籌碼未確認偏多，只能列觀察組，不能列實際操作組,觀察，不追高
2026-05-29,2026-05-29,3048,益登,,reject,74.5,secondary_watchlist,strong_uptrend,,72.0,-0.28,17963876,0.95,71.4,70.56,55.5,44.73,41.49,37.88,0.84,2.04,29.72,1.51,41.7,72.66,籌碼未確認,均線分數 100，價格相對主要均線檢查完成；頸線 41.70，第二底不破/假跌破檢查 True；沒有籌碼資料，僅能列入技術觀察，不列最高優先；沒有結構，不做；沒有足夠成交量，不列最高優先；籌碼未確認偏多，只能列觀察組，不能列實際操作組,暫不納入進場候選
2026-05-29,2026-05-29,2464,盟立,,reject,71.78,secondary_watchlist,strong_uptrend,,184.5,9.82,14597665,0.58,176.5,158.19,134.19,99.17,77.83,72.54,4.53,16.63,37.49,4.36,149.0,23.83,籌碼未確認,均線分數 100，價格相對主要均線檢查完成；N 字關鍵位 149.00，量縮回檔 False；沒有籌碼資料，僅能列入技術觀察，不列最高優先；沒有結構，不做；沒有足夠成交量，不列最高優先；籌碼未確認偏多，只能列觀察組，不能列實際操作組,暫不納入進場候選
2026-05-29,2026-05-29,4916,4916,,reject,71.08,secondary_watchlist,strong_uptrend,,112.5,9.76,6667076,0.51,104.8,100.43,79.68,68.11,60.81,58.23,7.35,12.02,41.2,3.17,104.8,7.35,籌碼未確認,均線分數 100，價格相對主要均線檢查完成；日線 3MA>8MA>21MA True，短均斜率向上 True，站上3MA True；沒有籌碼資料，僅能列入技術觀察，不列最高優先；沒有結構，不做；沒有足夠成交量，不列最高優先；籌碼未確認偏多，只能列觀察組，不能列實際操作組,暫不納入進場候選
2026-05-29,2026-05-29,2478,2478,,reject,70.85,secondary_watchlist,strong_uptrend,,139.0,9.45,4181839,0.48,128.67,121.75,96.11,77.87,68.83,59.64,8.03,14.17,44.63,3.9,127.5,9.02,籌碼未確認,均線分數 100，價格相對主要均線檢查完成；N 字關鍵位 127.50，量縮回檔 False；沒有籌碼資料，僅能列入技術觀察，不列最高優先；沒有結構，不做；沒有足夠成交量，不列最高優先；籌碼未確認偏多，只能列觀察組，不能列實際操作組,暫不納入進場候選
2026-05-29,2026-05-29,8150,南茂,,reject,69.04,secondary_watchlist,strong_uptrend,,113.0,9.71,13898178,0.3,103.3,88.94,86.2,72.06,58.43,46.57,9.39,27.06,31.1,2.19,103.0,9.71,籌碼未確認,均線分數 100，價格相對主要均線檢查完成；N 字關鍵位 103.00，量縮回檔 False；沒有籌碼資料，僅能列入技術觀察，不列最高優先；沒有結構，不做；沒有足夠成交量，不列最高優先；籌碼未確認偏多，只能列觀察組，不能列實際操作組,暫不納入進場候選
2026-05-29,2026-05-29,2492,華新科,,reject,68.39,secondary_watchlist,strong_uptrend,,394.0,1.03,4492007,0.24,381.67,324.44,233.36,170.67,143.51,121.86,3.23,21.44,68.84,17.97,381.6666666666667,3.23,籌碼未確認,均線分數 100，價格相對主要均線檢查完成；日線 3MA>8MA>21MA True，短均斜率向上 True，站上3MA True；沒有籌碼資料，僅能列入技術觀察，不列最高優先；沒有結構，不做；沒有足夠成交量，不列最高優先；籌碼未確認偏多，只能列觀察組，不能列實際操作組,暫不納入進場候選
2026-05-29,2026-05-29,3026,禾伸堂,,reject,68.14,secondary_watchlist,strong_uptrend,,641.0,5.95,1553134,0.21,618.0,531.44,392.14,255.86,163.75,133.95,3.72,20.62,63.46,24.96,476.5,34.52,籌碼未確認,均線分數 100，價格相對主要均線檢查完成；N 字關鍵位 476.50，量縮回檔 False；沒有籌碼資料，僅能列入技術觀察，不列最高優先；沒有結構，不做；沒有足夠成交量，不列最高優先；籌碼未確認偏多，只能列觀察組，不能列實際操作組,暫不納入進場候選
2026-05-29,2026-05-13,3037,欣興,,hold,67.97,secondary_watchlist,strong_uptrend,w_pattern,892.0,1.94,26678000,1.28,876.0,876.75,785.19,608.31,369.26,277.49,1.83,1.74,13.6,-3.39,538.0,65.8,籌碼未確認,均線分數 65，價格相對主要均線檢查完成；頸線 538.00，第二底不破/假跌破檢查 True；沒有籌碼資料，僅能列入技術觀察，不列最高優先；籌碼未確認偏多，只能列觀察組，不能列實際操作組,觀察，不追高
2026-05-29,2026-05-29,1597,直得,,hold,67.62,secondary_watchlist,constructive,w_pattern,180.0,-0.28,7231172,1.73,186.5,187.75,180.67,128.38,95.67,91.01,-3.49,-4.13,-0.37,-2.46,125.0,44.0,籌碼未確認,均線分數 65，價格相對主要均線檢查完成；頸線 125.00，第二底不破/假跌破檢查 True；沒有籌碼資料，僅能列入技術觀察，不列最高優先；籌碼未確認偏多，只能列觀察組，不能列實際操作組,觀察，不追高
2026-05-29,2026-05-29,3057,喬鼎,,reject,59.81,secondary_watchlist,strong_uptrend,,20.45,2.0,445548,0.97,20.25,19.74,19.98,18.26,17.21,16.44,0.99,3.61,2.35,-0.01,17.8,14.89,籌碼未確認,均線分數 65，價格相對主要均線檢查完成；頸線 17.80，第二底不破/假跌破檢查 True；沒有籌碼資料，僅能列入技術觀察，不列最高優先；沒有結構，不做；沒有足夠成交量，不列最高優先；籌碼未確認偏多，只能列觀察組，不能列實際操作組,暫不納入進場候選
2026-05-29,2026-05-29,3033,威健,,reject,54.31,lower_priority,strong_uptrend,,50.3,0.4,10583149,0.42,50.37,51.05,46.33,38.44,33.51,32.62,-0.13,-1.47,8.57,-0.12,35.1,43.3,籌碼未確認,均線分數 65，價格相對主要均線檢查完成；頸線 35.10，第二底不破/假跌破檢查 True；沒有籌碼資料，僅能列入技術觀察，不列最高優先；沒有結構，不做；沒有足夠成交量，不列最高優先；籌碼未確認偏多，只能列觀察組，不能列實際操作組,暫不納入進場候選
2026-05-29,2026-05-13,6205,詮欣,6205 詮欣,reject,51.14,lower_priority,constructive,,80.4,-6.4,3265504,0.35,84.13,89.35,83.33,65.48,53.24,49.92,-4.44,-10.02,-3.51,-1.45,55.2,45.65,籌碼未確認,均線分數 65，價格相對主要均線檢查完成；頸線 55.20，第二底不破/假跌破檢查 True；沒有籌碼資料，僅能列入技術觀察，不列最高優先；沒有結構，不做；沒有足夠成交量，不列最高優先；籌碼未確認偏多，只能列觀察組，不能列實際操作組,暫不納入進場候選
2026-05-29,2026-05-13,2313,華通,,reject,51.04,lower_priority,constructive,,237.0,-8.85,94311586,1.19,246.33,254.38,248.36,237.1,155.99,121.89,-3.79,-6.83,-4.57,-1.41,294.0,-19.39,籌碼未確認,均線分數 65，價格相對主要均線檢查完成；N 字關鍵位 294.00，量縮回檔 True；沒有籌碼資料，僅能列入技術觀察，不列最高優先；沒有結構，不做；沒有足夠成交量，不列最高優先；籌碼未確認偏多，只能列觀察組，不能列實際操作組,暫不納入進場候選
2026-05-29,2026-05-13,8046,南電,,reject,50.89,lower_priority,strong_uptrend,,880.0,-2.22,11705998,0.58,896.0,926.5,856.29,657.51,427.77,325.71,-1.79,-5.02,2.77,-15.07,1035.0,-14.98,籌碼未確認,均線分數 65，價格相對主要均線檢查完成；N 字關鍵位 1035.00，量縮回檔 False；沒有籌碼資料，僅能列入技術觀察，不列最高優先；沒有結構，不做；沒有足夠成交量，不列最高優先；籌碼未確認偏多，只能列觀察組，不能列實際操作組,暫不納入進場候選
2026-05-30,2026-05-29,6141,6141,,hold,85.0,secondary_watchlist,strong_uptrend,w_pattern,46.0,6.48,9845253,2.81,42.83,37.41,34.35,28.71,18.16,16.09,7.39,22.97,33.91,1.08,39.0,17.95,籌碼未確認,均線分數 100，價格相對主要均線檢查完成；頸線 39.00，第二底不破/假跌破檢查 True；沒有籌碼資料，僅能列入技術觀察，不列最高優先；籌碼未確認偏多，只能列觀察組，不能列實際操作組,優先追蹤，等待5K切入點與60K MACD確認
2026-05-30,2026-05-29,6770,6770,,hold,85.0,secondary_watchlist,strong_uptrend,w_pattern,88.7,9.91,825215915,2.94,81.4,70.41,63.7,60.91,51.72,39.03,8.97,25.97,39.25,2.75,59.1,50.08,籌碼未確認,均線分數 100，價格相對主要均線檢查完成；頸線 59.10，第二底不破/假跌破檢查 True；沒有籌碼資料，僅能列入技術觀察，不列最高優先；籌碼未確認偏多，只能列觀察組，不能列實際操作組,優先追蹤，等待5K切入點與60K MACD確認
2026-05-30,2026-05-29,2484,希華,,hold,82.72,secondary_watchlist,strong_uptrend,w_pattern,54.3,-1.63,25723654,1.27,54.03,51.34,44.53,37.68,28.97,26.15,0.49,5.76,21.94,1.18,34.9,55.59,籌碼未確認,均線分數 100，價格相對主要均線檢查完成；頸線 34.90，第二底不破/假跌破檢查 True；沒有籌碼資料，僅能列入技術觀察，不列最高優先；籌碼未確認偏多，只能列觀察組，不能列實際操作組,觀察，不追高
2026-05-30,2026-05-13,4958,臻鼎-KY,,hold,82.28,secondary_watchlist,strong_uptrend,ma_bloom,442.5,8.72,72787309,1.23,420.5,420.06,360.52,264.66,197.33,173.51,5.23,5.34,22.74,0.44,420.5,5.23,籌碼未確認,均線分數 100，價格相對主要均線檢查完成；日線 3MA>8MA>21MA True，短均斜率向上 True，站上3MA True；沒有籌碼資料，僅能列入技術觀察，不列最高優先；籌碼未確認偏多，只能列觀察組，不能列實際操作組,觀察，不追高
2026-05-30,2026-05-29,3481,群創,,reject,77.27,secondary_watchlist,strong_uptrend,,51.0,9.91,892395040,1.13,49.2,45.58,37.18,30.34,22.78,18.97,3.66,11.9,37.17,1.22,49.20000000000001,3.66,籌碼未確認,均線分數 100，價格相對主要均線檢查完成；日線 3MA>8MA>21MA True，短均斜率向上 True，站上3MA True；沒有籌碼資料，僅能列入技術觀察，不列最高優先；沒有結構，不做；沒有足夠成交量，不列最高優先；籌碼未確認偏多，只能列觀察組，不能列實際操作組,暫不納入進場候選
2026-05-30,2026-05-29,3450,聯鈞,,hold,76.65,secondary_watchlist,strong_uptrend,n_pattern,490.5,1.98,9027344,0.66,490.83,477.06,424.1,344.95,291.71,263.61,-0.07,2.82,15.66,4.63,470.5,4.25,籌碼未確認,均線分數 100，價格相對主要均線檢查完成；N 字關鍵位 470.50，量縮回檔 True；沒有籌碼資料，僅能列入技術觀察，不列最高優先；沒有足夠成交量，不列最高優先；籌碼未確認偏多，只能列觀察組，不能列實際操作組,觀察，不追高
2026-05-30,2026-05-29,3048,益登,,reject,74.51,secondary_watchlist,strong_uptrend,,72.0,-0.28,17840568,0.95,71.4,70.56,55.5,44.73,41.49,37.88,0.84,2.04,29.72,1.51,41.7,72.66,籌碼未確認,均線分數 100，價格相對主要均線檢查完成；頸線 41.70，第二底不破/假跌破檢查 True；沒有籌碼資料，僅能列入技術觀察，不列最高優先；沒有結構，不做；沒有足夠成交量，不列最高優先；籌碼未確認偏多，只能列觀察組，不能列實際操作組,暫不納入進場候選
2026-05-30,2026-05-29,2375,2375,,hold,72.25,secondary_watchlist,strong_uptrend,w_pattern,166.5,3.1,46947635,2.82,158.33,139.44,111.22,92.7,92.71,81.32,5.16,19.41,49.7,6.18,95.9,73.62,籌碼未確認,均線分數 70，價格相對主要均線檢查完成；頸線 95.90，第二底不破/假跌破檢查 True；沒有籌碼資料，僅能列入技術觀察，不列最高優先；籌碼未確認偏多，只能列觀察組，不能列實際操作組,觀察，不追高
2026-05-30,2026-05-29,2464,盟立,,reject,71.71,secondary_watchlist,strong_uptrend,,184.5,9.82,14396152,0.57,176.5,158.19,134.19,99.17,77.83,72.54,4.53,16.63,37.49,4.36,149.0,23.83,籌碼未確認,均線分數 100，價格相對主要均線檢查完成；N 字關鍵位 149.00，量縮回檔 False；沒有籌碼資料，僅能列入技術觀察，不列最高優先；沒有結構，不做；沒有足夠成交量，不列最高優先；籌碼未確認偏多，只能列觀察組，不能列實際操作組,暫不納入進場候選
2026-05-30,2026-05-29,4916,4916,,reject,71.02,secondary_watchlist,strong_uptrend,,112.5,9.76,6535464,0.5,104.8,100.43,79.68,68.11,60.81,58.23,7.35,12.02,41.2,3.17,104.8,7.35,籌碼未確認,均線分數 100，價格相對主要均線檢查完成；日線 3MA>8MA>21MA True，短均斜率向上 True，站上3MA True；沒有籌碼資料，僅能列入技術觀察，不列最高優先；沒有結構，不做；沒有足夠成交量，不列最高優先；籌碼未確認偏多，只能列觀察組，不能列實際操作組,暫不納入進場候選
2026-05-30,2026-05-29,2478,2478,,reject,70.8,secondary_watchlist,strong_uptrend,,139.0,9.45,4138387,0.48,128.67,121.75,96.11,77.87,68.83,59.64,8.03,14.17,44.63,3.9,127.5,9.02,籌碼未確認,均線分數 100，價格相對主要均線檢查完成；N 字關鍵位 127.50，量縮回檔 False；沒有籌碼資料，僅能列入技術觀察，不列最高優先；沒有結構，不做；沒有足夠成交量，不列最高優先；籌碼未確認偏多，只能列觀察組，不能列實際操作組,暫不納入進場候選
2026-05-30,2026-05-29,8150,南茂,,reject,69.03,secondary_watchlist,strong_uptrend,,113.0,9.71,13718900,0.3,103.3,88.94,86.2,72.06,58.43,46.57,9.39,27.06,31.1,2.19,103.0,9.71,籌碼未確認,均線分數 100，價格相對主要均線檢查完成；N 字關鍵位 103.00，量縮回檔 False；沒有籌碼資料，僅能列入技術觀察，不列最高優先；沒有結構，不做；沒有足夠成交量，不列最高優先；籌碼未確認偏多，只能列觀察組，不能列實際操作組,暫不納入進場候選
2026-05-30,2026-05-29,2492,華新科,,reject,68.31,secondary_watchlist,strong_uptrend,,394.0,1.03,4340915,0.23,381.67,324.44,233.36,170.67,143.51,121.86,3.23,21.44,68.84,17.97,381.6666666666667,3.23,籌碼未確認,均線分數 100，價格相對主要均線檢查完成；日線 3MA>8MA>21MA True，短均斜率向上 True，站上3MA True；沒有籌碼資料，僅能列入技術觀察，不列最高優先；沒有結構，不做；沒有足夠成交量，不列最高優先；籌碼未確認偏多，只能列觀察組，不能列實際操作組,暫不納入進場候選
2026-05-30,2026-05-29,3026,禾伸堂,,reject,68.07,secondary_watchlist,strong_uptrend,,641.0,5.95,1497206,0.21,618.0,531.44,392.14,255.86,163.75,133.95,3.72,20.62,63.46,24.96,476.5,34.52,籌碼未確認,均線分數 100，價格相對主要均線檢查完成；N 字關鍵位 476.50，量縮回檔 False；沒有籌碼資料，僅能列入技術觀察，不列最高優先；沒有結構，不做；沒有足夠成交量，不列最高優先；籌碼未確認偏多，只能列觀察組，不能列實際操作組,暫不納入進場候選
2026-05-30,2026-05-13,3037,欣興,,hold,67.97,secondary_watchlist,strong_uptrend,w_pattern,892.0,1.94,26678000,1.28,876.0,876.75,785.19,608.31,369.26,277.49,1.83,1.74,13.6,-3.39,538.0,65.8,籌碼未確認,均線分數 65，價格相對主要均線檢查完成；頸線 538.00，第二底不破/假跌破檢查 True；沒有籌碼資料，僅能列入技術觀察，不列最高優先；籌碼未確認偏多，只能列觀察組，不能列實際操作組,觀察，不追高
2026-05-30,2026-05-29,1597,直得,,hold,67.62,secondary_watchlist,constructive,w_pattern,180.0,-0.28,7086919,1.7,186.5,187.75,180.67,128.38,95.67,91.01,-3.49,-4.13,-0.37,-2.46,125.0,44.0,籌碼未確認,均線分數 65，價格相對主要均線檢查完成；頸線 125.00，第二底不破/假跌破檢查 True；沒有籌碼資料，僅能列入技術觀察，不列最高優先；籌碼未確認偏多，只能列觀察組，不能列實際操作組,觀察，不追高
2026-05-30,2026-05-29,3057,喬鼎,,reject,59.41,secondary_watchlist,strong_uptrend,,20.45,2.0,426651,0.93,20.25,19.74,19.98,18.26,17.21,16.44,0.99,3.61,2.35,-0.01,17.8,14.89,籌碼未確認,均線分數 65，價格相對主要均線檢查完成；頸線 17.80，第二底不破/假跌破檢查 True；沒有籌碼資料，僅能列入技術觀察，不列最高優先；沒有結構，不做；沒有足夠成交量，不列最高優先；籌碼未確認偏多，只能列觀察組，不能列實際操作組,暫不納入進場候選
2026-05-30,2026-05-29,3033,威健,,reject,54.29,lower_priority,strong_uptrend,,50.3,0.4,10533292,0.42,50.37,51.05,46.33,38.44,33.51,32.62,-0.13,-1.47,8.57,-0.12,35.1,43.3,籌碼未確認,均線分數 65，價格相對主要均線檢查完成；頸線 35.10，第二底不破/假跌破檢查 True；沒有籌碼資料，僅能列入技術觀察，不列最高優先；沒有結構，不做；沒有足夠成交量，不列最高優先；籌碼未確認偏多，只能列觀察組，不能列實際操作組,暫不納入進場候選
2026-05-30,2026-05-13,6205,詮欣,6205 詮欣,reject,51.14,lower_priority,constructive,,80.4,-6.4,3265504,0.35,84.13,89.35,83.33,65.48,53.24,49.92,-4.44,-10.02,-3.51,-1.45,55.2,45.65,籌碼未確認,均線分數 65，價格相對主要均線檢查完成；頸線 55.20，第二底不破/假跌破檢查 True；沒有籌碼資料，僅能列入技術觀察，不列最高優先；沒有結構，不做；沒有足夠成交量，不列最高優先；籌碼未確認偏多，只能列觀察組，不能列實際操作組,暫不納入進場候選
2026-05-30,2026-05-13,2313,華通,,reject,51.04,lower_priority,constructive,,237.0,-8.85,94311586,1.19,246.33,254.38,248.36,237.1,155.99,121.89,-3.79,-6.83,-4.57,-1.41,294.0,-19.39,籌碼未確認,均線分數 65，價格相對主要均線檢查完成；N 字關鍵位 294.00，量縮回檔 True；沒有籌碼資料，僅能列入技術觀察，不列最高優先；沒有結構，不做；沒有足夠成交量，不列最高優先；籌碼未確認偏多，只能列觀察組，不能列實際操作組,暫不納入進場候選
2026-05-30,2026-05-13,8046,南電,,reject,50.89,lower_priority,strong_uptrend,,880.0,-2.22,11705998,0.58,896.0,926.5,856.29,657.51,427.77,325.71,-1.79,-5.02,2.77,-15.07,1035.0,-14.98,籌碼未確認,均線分數 65，價格相對主要均線檢查完成；N 字關鍵位 1035.00，量縮回檔 False；沒有籌碼資料，僅能列入技術觀察，不列最高優先；沒有結構，不做；沒有足夠成交量，不列最高優先；籌碼未確認偏多，只能列觀察組，不能列實際操作組,暫不納入進場候選
2026-05-31,2026-05-29,6141,6141,,hold,85.0,secondary_watchlist,strong_uptrend,w_pattern,46.0,6.48,9845253,2.81,42.83,37.41,34.35,28.71,18.16,16.09,7.39,22.97,33.91,1.08,39.0,17.95,籌碼未確認,均線分數 100，價格相對主要均線檢查完成；頸線 39.00，第二底不破/假跌破檢查 True；沒有籌碼資料，僅能列入技術觀察，不列最高優先；籌碼未確認偏多，只能列觀察組，不能列實際操作組,優先追蹤，等待5K切入點與60K MACD確認
2026-05-31,2026-05-29,6770,6770,,hold,85.0,secondary_watchlist,strong_uptrend,w_pattern,88.7,9.91,825215915,2.94,81.4,70.41,63.7,60.91,51.72,39.03,8.97,25.97,39.25,2.75,59.1,50.08,籌碼未確認,均線分數 100，價格相對主要均線檢查完成；頸線 59.10，第二底不破/假跌破檢查 True；沒有籌碼資料，僅能列入技術觀察，不列最高優先；籌碼未確認偏多，只能列觀察組，不能列實際操作組,優先追蹤，等待5K切入點與60K MACD確認
2026-05-31,2026-05-29,2484,希華,,hold,82.72,secondary_watchlist,strong_uptrend,w_pattern,54.3,-1.63,25723654,1.27,54.03,51.34,44.53,37.68,28.97,26.15,0.49,5.76,21.94,1.18,34.9,55.59,籌碼未確認,均線分數 100，價格相對主要均線檢查完成；頸線 34.90，第二底不破/假跌破檢查 True；沒有籌碼資料，僅能列入技術觀察，不列最高優先；籌碼未確認偏多，只能列觀察組，不能列實際操作組,觀察，不追高
2026-05-31,2026-05-13,4958,臻鼎-KY,,hold,82.28,secondary_watchlist,strong_uptrend,ma_bloom,442.5,8.72,72787309,1.23,420.5,420.06,360.52,264.66,197.33,173.51,5.23,5.34,22.74,0.44,420.5,5.23,籌碼未確認,均線分數 100，價格相對主要均線檢查完成；日線 3MA>8MA>21MA True，短均斜率向上 True，站上3MA True；沒有籌碼資料，僅能列入技術觀察，不列最高優先；籌碼未確認偏多，只能列觀察組，不能列實際操作組,觀察，不追高
2026-05-31,2026-05-29,3481,群創,,reject,77.27,secondary_watchlist,strong_uptrend,,51.0,9.91,892395040,1.13,49.2,45.58,37.18,30.34,22.78,18.97,3.66,11.9,37.17,1.22,49.20000000000001,3.66,籌碼未確認,均線分數 100，價格相對主要均線檢查完成；日線 3MA>8MA>21MA True，短均斜率向上 True，站上3MA True；沒有籌碼資料，僅能列入技術觀察，不列最高優先；沒有結構，不做；沒有足夠成交量，不列最高優先；籌碼未確認偏多，只能列觀察組，不能列實際操作組,暫不納入進場候選
2026-05-31,2026-05-29,3450,聯鈞,,hold,76.65,secondary_watchlist,strong_uptrend,n_pattern,490.5,1.98,9027344,0.66,490.83,477.06,424.1,344.95,291.71,263.61,-0.07,2.82,15.66,4.63,470.5,4.25,籌碼未確認,均線分數 100，價格相對主要均線檢查完成；N 字關鍵位 470.50，量縮回檔 True；沒有籌碼資料，僅能列入技術觀察，不列最高優先；沒有足夠成交量，不列最高優先；籌碼未確認偏多，只能列觀察組，不能列實際操作組,觀察，不追高
2026-05-31,2026-05-29,3048,益登,,reject,74.51,secondary_watchlist,strong_uptrend,,72.0,-0.28,17840568,0.95,71.4,70.56,55.5,44.73,41.49,37.88,0.84,2.04,29.72,1.51,41.7,72.66,籌碼未確認,均線分數 100，價格相對主要均線檢查完成；頸線 41.70，第二底不破/假跌破檢查 True；沒有籌碼資料，僅能列入技術觀察，不列最高優先；沒有結構，不做；沒有足夠成交量，不列最高優先；籌碼未確認偏多，只能列觀察組，不能列實際操作組,暫不納入進場候選
2026-05-31,2026-05-29,2375,2375,,hold,72.25,secondary_watchlist,strong_uptrend,w_pattern,166.5,3.1,46947635,2.82,158.33,139.44,111.22,92.7,92.71,81.32,5.16,19.41,49.7,6.18,95.9,73.62,籌碼未確認,均線分數 70，價格相對主要均線檢查完成；頸線 95.90，第二底不破/假跌破檢查 True；沒有籌碼資料，僅能列入技術觀察，不列最高優先；籌碼未確認偏多，只能列觀察組，不能列實際操作組,觀察，不追高
2026-05-31,2026-05-29,2464,盟立,,reject,71.71,secondary_watchlist,strong_uptrend,,184.5,9.82,14396152,0.57,176.5,158.19,134.19,99.17,77.83,72.54,4.53,16.63,37.49,4.36,149.0,23.83,籌碼未確認,均線分數 100，價格相對主要均線檢查完成；N 字關鍵位 149.00，量縮回檔 False；沒有籌碼資料，僅能列入技術觀察，不列最高優先；沒有結構，不做；沒有足夠成交量，不列最高優先；籌碼未確認偏多，只能列觀察組，不能列實際操作組,暫不納入進場候選
2026-05-31,2026-05-29,4916,4916,,reject,71.02,secondary_watchlist,strong_uptrend,,112.5,9.76,6535464,0.5,104.8,100.43,79.68,68.11,60.81,58.23,7.35,12.02,41.2,3.17,104.8,7.35,籌碼未確認,均線分數 100，價格相對主要均線檢查完成；日線 3MA>8MA>21MA True，短均斜率向上 True，站上3MA True；沒有籌碼資料，僅能列入技術觀察，不列最高優先；沒有結構，不做；沒有足夠成交量，不列最高優先；籌碼未確認偏多，只能列觀察組，不能列實際操作組,暫不納入進場候選
2026-05-31,2026-05-29,2478,2478,,reject,70.8,secondary_watchlist,strong_uptrend,,139.0,9.45,4138387,0.48,128.67,121.75,96.11,77.87,68.83,59.64,8.03,14.17,44.63,3.9,127.5,9.02,籌碼未確認,均線分數 100，價格相對主要均線檢查完成；N 字關鍵位 127.50，量縮回檔 False；沒有籌碼資料，僅能列入技術觀察，不列最高優先；沒有結構，不做；沒有足夠成交量，不列最高優先；籌碼未確認偏多，只能列觀察組，不能列實際操作組,暫不納入進場候選
2026-05-31,2026-05-29,8150,南茂,,reject,69.03,secondary_watchlist,strong_uptrend,,113.0,9.71,13718900,0.3,103.3,88.94,86.2,72.06,58.43,46.57,9.39,27.06,31.1,2.19,103.0,9.71,籌碼未確認,均線分數 100，價格相對主要均線檢查完成；N 字關鍵位 103.00，量縮回檔 False；沒有籌碼資料，僅能列入技術觀察，不列最高優先；沒有結構，不做；沒有足夠成交量，不列最高優先；籌碼未確認偏多，只能列觀察組，不能列實際操作組,暫不納入進場候選
2026-05-31,2026-05-29,2492,華新科,,reject,68.31,secondary_watchlist,strong_uptrend,,394.0,1.03,4340915,0.23,381.67,324.44,233.36,170.67,143.51,121.86,3.23,21.44,68.84,17.97,381.6666666666667,3.23,籌碼未確認,均線分數 100，價格相對主要均線檢查完成；日線 3MA>8MA>21MA True，短均斜率向上 True，站上3MA True；沒有籌碼資料，僅能列入技術觀察，不列最高優先；沒有結構，不做；沒有足夠成交量，不列最高優先；籌碼未確認偏多，只能列觀察組，不能列實際操作組,暫不納入進場候選
2026-05-31,2026-05-29,3026,禾伸堂,,reject,68.07,secondary_watchlist,strong_uptrend,,641.0,5.95,1497206,0.21,618.0,531.44,392.14,255.86,163.75,133.95,3.72,20.62,63.46,24.96,476.5,34.52,籌碼未確認,均線分數 100，價格相對主要均線檢查完成；N 字關鍵位 476.50，量縮回檔 False；沒有籌碼資料，僅能列入技術觀察，不列最高優先；沒有結構，不做；沒有足夠成交量，不列最高優先；籌碼未確認偏多，只能列觀察組，不能列實際操作組,暫不納入進場候選
2026-05-31,2026-05-13,3037,欣興,,hold,67.97,secondary_watchlist,strong_uptrend,w_pattern,892.0,1.94,26678000,1.28,876.0,876.75,785.19,608.31,369.26,277.49,1.83,1.74,13.6,-3.39,538.0,65.8,籌碼未確認,均線分數 65，價格相對主要均線檢查完成；頸線 538.00，第二底不破/假跌破檢查 True；沒有籌碼資料，僅能列入技術觀察，不列最高優先；籌碼未確認偏多，只能列觀察組，不能列實際操作組,觀察，不追高
2026-05-31,2026-05-29,1597,直得,,hold,67.62,secondary_watchlist,constructive,w_pattern,180.0,-0.28,7086919,1.7,186.5,187.75,180.67,128.38,95.67,91.01,-3.49,-4.13,-0.37,-2.46,125.0,44.0,籌碼未確認,均線分數 65，價格相對主要均線檢查完成；頸線 125.00，第二底不破/假跌破檢查 True；沒有籌碼資料，僅能列入技術觀察，不列最高優先；籌碼未確認偏多，只能列觀察組，不能列實際操作組,觀察，不追高
2026-05-31,2026-05-29,3057,喬鼎,,reject,59.41,secondary_watchlist,strong_uptrend,,20.45,2.0,426651,0.93,20.25,19.74,19.98,18.26,17.21,16.44,0.99,3.61,2.35,-0.01,17.8,14.89,籌碼未確認,均線分數 65，價格相對主要均線檢查完成；頸線 17.80，第二底不破/假跌破檢查 True；沒有籌碼資料，僅能列入技術觀察，不列最高優先；沒有結構，不做；沒有足夠成交量，不列最高優先；籌碼未確認偏多，只能列觀察組，不能列實際操作組,暫不納入進場候選
2026-05-31,2026-05-29,3033,威健,,reject,54.29,lower_priority,strong_uptrend,,50.3,0.4,10533292,0.42,50.37,51.05,46.33,38.44,33.51,32.62,-0.13,-1.47,8.57,-0.12,35.1,43.3,籌碼未確認,均線分數 65，價格相對主要均線檢查完成；頸線 35.10，第二底不破/假跌破檢查 True；沒有籌碼資料，僅能列入技術觀察，不列最高優先；沒有結構，不做；沒有足夠成交量，不列最高優先；籌碼未確認偏多，只能列觀察組，不能列實際操作組,暫不納入進場候選
2026-05-31,2026-05-13,6205,詮欣,6205 詮欣,reject,51.14,lower_priority,constructive,,80.4,-6.4,3265504,0.35,84.13,89.35,83.33,65.48,53.24,49.92,-4.44,-10.02,-3.51,-1.45,55.2,45.65,籌碼未確認,均線分數 65，價格相對主要均線檢查完成；頸線 55.20，第二底不破/假跌破檢查 True；沒有籌碼資料，僅能列入技術觀察，不列最高優先；沒有結構，不做；沒有足夠成交量，不列最高優先；籌碼未確認偏多，只能列觀察組，不能列實際操作組,暫不納入進場候選
2026-05-31,2026-05-13,2313,華通,,reject,51.04,lower_priority,constructive,,237.0,-8.85,94311586,1.19,246.33,254.38,248.36,237.1,155.99,121.89,-3.79,-6.83,-4.57,-1.41,294.0,-19.39,籌碼未確認,均線分數 65，價格相對主要均線檢查完成；N 字關鍵位 294.00，量縮回檔 True；沒有籌碼資料，僅能列入技術觀察，不列最高優先；沒有結構，不做；沒有足夠成交量，不列最高優先；籌碼未確認偏多，只能列觀察組，不能列實際操作組,暫不納入進場候選
2026-05-31,2026-05-13,8046,南電,,reject,50.89,lower_priority,strong_uptrend,,880.0,-2.22,11705998,0.58,896.0,926.5,856.29,657.51,427.77,325.71,-1.79,-5.02,2.77,-15.07,1035.0,-14.98,籌碼未確認,均線分數 65，價格相對主要均線檢查完成；N 字關鍵位 1035.00，量縮回檔 False；沒有籌碼資料，僅能列入技術觀察，不列最高優先；沒有結構，不做；沒有足夠成交量，不列最高優先；籌碼未確認偏多，只能列觀察組，不能列實際操作組,暫不納入進場候選
2026-06-01,2026-05-29,6141,6141,,hold,85.0,secondary_watchlist,strong_uptrend,w_pattern,46.0,6.48,9845253,2.81,42.83,37.41,34.35,28.71,18.16,16.09,7.39,22.97,33.91,1.08,39.0,17.95,籌碼未確認,均線分數 100，價格相對主要均線檢查完成；頸線 39.00，第二底不破/假跌破檢查 True；沒有籌碼資料，僅能列入技術觀察，不列最高優先；籌碼未確認偏多，只能列觀察組，不能列實際操作組,優先追蹤，等待5K切入點與60K MACD確認
2026-06-01,2026-05-29,6770,6770,,hold,85.0,secondary_watchlist,strong_uptrend,w_pattern,88.7,9.91,825215915,2.94,81.4,70.41,63.7,60.91,51.72,39.03,8.97,25.97,39.25,2.75,59.1,50.08,籌碼未確認,均線分數 100，價格相對主要均線檢查完成；頸線 59.10，第二底不破/假跌破檢查 True；沒有籌碼資料，僅能列入技術觀察，不列最高優先；籌碼未確認偏多，只能列觀察組，不能列實際操作組,優先追蹤，等待5K切入點與60K MACD確認
2026-06-01,2026-05-29,2484,希華,,hold,82.72,secondary_watchlist,strong_uptrend,w_pattern,54.3,-1.63,25723654,1.27,54.03,51.34,44.53,37.68,28.97,26.15,0.49,5.76,21.94,1.18,34.9,55.59,籌碼未確認,均線分數 100，價格相對主要均線檢查完成；頸線 34.90，第二底不破/假跌破檢查 True；沒有籌碼資料，僅能列入技術觀察，不列最高優先；籌碼未確認偏多，只能列觀察組，不能列實際操作組,觀察，不追高
2026-06-01,2026-05-13,4958,臻鼎-KY,,hold,82.28,secondary_watchlist,strong_uptrend,ma_bloom,442.5,8.72,72787309,1.23,420.5,420.06,360.52,264.66,197.33,173.51,5.23,5.34,22.74,0.44,420.5,5.23,籌碼未確認,均線分數 100，價格相對主要均線檢查完成；日線 3MA>8MA>21MA True，短均斜率向上 True，站上3MA True；沒有籌碼資料，僅能列入技術觀察，不列最高優先；籌碼未確認偏多，只能列觀察組，不能列實際操作組,觀察，不追高
2026-06-01,2026-05-29,3481,群創,,reject,77.27,secondary_watchlist,strong_uptrend,,51.0,9.91,892395040,1.13,49.2,45.58,37.18,30.34,22.78,18.97,3.66,11.9,37.17,1.22,49.20000000000001,3.66,籌碼未確認,均線分數 100，價格相對主要均線檢查完成；日線 3MA>8MA>21MA True，短均斜率向上 True，站上3MA True；沒有籌碼資料，僅能列入技術觀察，不列最高優先；沒有結構，不做；沒有足夠成交量，不列最高優先；籌碼未確認偏多，只能列觀察組，不能列實際操作組,暫不納入進場候選
2026-06-01,2026-05-29,3450,聯鈞,,hold,76.65,secondary_watchlist,strong_uptrend,n_pattern,490.5,1.98,9027344,0.66,490.83,477.06,424.1,344.95,291.71,263.61,-0.07,2.82,15.66,4.63,470.5,4.25,籌碼未確認,均線分數 100，價格相對主要均線檢查完成；N 字關鍵位 470.50，量縮回檔 True；沒有籌碼資料，僅能列入技術觀察，不列最高優先；沒有足夠成交量，不列最高優先；籌碼未確認偏多，只能列觀察組，不能列實際操作組,觀察，不追高
2026-06-01,2026-05-29,3048,益登,,reject,74.51,secondary_watchlist,strong_uptrend,,72.0,-0.28,17840568,0.95,71.4,70.56,55.5,44.73,41.49,37.88,0.84,2.04,29.72,1.51,41.7,72.66,籌碼未確認,均線分數 100，價格相對主要均線檢查完成；頸線 41.70，第二底不破/假跌破檢查 True；沒有籌碼資料，僅能列入技術觀察，不列最高優先；沒有結構，不做；沒有足夠成交量，不列最高優先；籌碼未確認偏多，只能列觀察組，不能列實際操作組,暫不納入進場候選
2026-06-01,2026-05-29,2375,2375,,hold,72.25,secondary_watchlist,strong_uptrend,w_pattern,166.5,3.1,46947635,2.82,158.33,139.44,111.22,92.7,92.71,81.32,5.16,19.41,49.7,6.18,95.9,73.62,籌碼未確認,均線分數 70，價格相對主要均線檢查完成；頸線 95.90，第二底不破/假跌破檢查 True；沒有籌碼資料，僅能列入技術觀察，不列最高優先；籌碼未確認偏多，只能列觀察組，不能列實際操作組,觀察，不追高
2026-06-01,2026-05-29,2464,盟立,,reject,71.71,secondary_watchlist,strong_uptrend,,184.5,9.82,14396152,0.57,176.5,158.19,134.19,99.17,77.83,72.54,4.53,16.63,37.49,4.36,149.0,23.83,籌碼未確認,均線分數 100，價格相對主要均線檢查完成；N 字關鍵位 149.00，量縮回檔 False；沒有籌碼資料，僅能列入技術觀察，不列最高優先；沒有結構，不做；沒有足夠成交量，不列最高優先；籌碼未確認偏多，只能列觀察組，不能列實際操作組,暫不納入進場候選
2026-06-01,2026-05-29,4916,4916,,reject,71.02,secondary_watchlist,strong_uptrend,,112.5,9.76,6535464,0.5,104.8,100.43,79.68,68.11,60.81,58.23,7.35,12.02,41.2,3.17,104.8,7.35,籌碼未確認,均線分數 100，價格相對主要均線檢查完成；日線 3MA>8MA>21MA True，短均斜率向上 True，站上3MA True；沒有籌碼資料，僅能列入技術觀察，不列最高優先；沒有結構，不做；沒有足夠成交量，不列最高優先；籌碼未確認偏多，只能列觀察組，不能列實際操作組,暫不納入進場候選
2026-06-01,2026-05-29,2478,2478,,reject,70.8,secondary_watchlist,strong_uptrend,,139.0,9.45,4138387,0.48,128.67,121.75,96.11,77.87,68.83,59.64,8.03,14.17,44.63,3.9,127.5,9.02,籌碼未確認,均線分數 100，價格相對主要均線檢查完成；N 字關鍵位 127.50，量縮回檔 False；沒有籌碼資料，僅能列入技術觀察，不列最高優先；沒有結構，不做；沒有足夠成交量，不列最高優先；籌碼未確認偏多，只能列觀察組，不能列實際操作組,暫不納入進場候選
2026-06-01,2026-05-29,8150,南茂,,reject,69.03,secondary_watchlist,strong_uptrend,,113.0,9.71,13718900,0.3,103.3,88.94,86.2,72.06,58.43,46.57,9.39,27.06,31.1,2.19,103.0,9.71,籌碼未確認,均線分數 100，價格相對主要均線檢查完成；N 字關鍵位 103.00，量縮回檔 False；沒有籌碼資料，僅能列入技術觀察，不列最高優先；沒有結構，不做；沒有足夠成交量，不列最高優先；籌碼未確認偏多，只能列觀察組，不能列實際操作組,暫不納入進場候選
2026-06-01,2026-05-29,2492,華新科,,reject,68.31,secondary_watchlist,strong_uptrend,,394.0,1.03,4340915,0.23,381.67,324.44,233.36,170.67,143.51,121.86,3.23,21.44,68.84,17.97,381.6666666666667,3.23,籌碼未確認,均線分數 100，價格相對主要均線檢查完成；日線 3MA>8MA>21MA True，短均斜率向上 True，站上3MA True；沒有籌碼資料，僅能列入技術觀察，不列最高優先；沒有結構，不做；沒有足夠成交量，不列最高優先；籌碼未確認偏多，只能列觀察組，不能列實際操作組,暫不納入進場候選
2026-06-01,2026-05-29,3026,禾伸堂,,reject,68.07,secondary_watchlist,strong_uptrend,,641.0,5.95,1497206,0.21,618.0,531.44,392.14,255.86,163.75,133.95,3.72,20.62,63.46,24.96,476.5,34.52,籌碼未確認,均線分數 100，價格相對主要均線檢查完成；N 字關鍵位 476.50，量縮回檔 False；沒有籌碼資料，僅能列入技術觀察，不列最高優先；沒有結構，不做；沒有足夠成交量，不列最高優先；籌碼未確認偏多，只能列觀察組，不能列實際操作組,暫不納入進場候選
2026-06-01,2026-05-13,3037,欣興,,hold,67.97,secondary_watchlist,strong_uptrend,w_pattern,892.0,1.94,26678000,1.28,876.0,876.75,785.19,608.31,369.26,277.49,1.83,1.74,13.6,-3.39,538.0,65.8,籌碼未確認,均線分數 65，價格相對主要均線檢查完成；頸線 538.00，第二底不破/假跌破檢查 True；沒有籌碼資料，僅能列入技術觀察，不列最高優先；籌碼未確認偏多，只能列觀察組，不能列實際操作組,觀察，不追高
2026-06-01,2026-05-29,1597,直得,,hold,67.62,secondary_watchlist,constructive,w_pattern,180.0,-0.28,7086919,1.7,186.5,187.75,180.67,128.38,95.67,91.01,-3.49,-4.13,-0.37,-2.46,125.0,44.0,籌碼未確認,均線分數 65，價格相對主要均線檢查完成；頸線 125.00，第二底不破/假跌破檢查 True；沒有籌碼資料，僅能列入技術觀察，不列最高優先；籌碼未確認偏多，只能列觀察組，不能列實際操作組,觀察，不追高
2026-06-01,2026-05-29,3057,喬鼎,,reject,59.41,secondary_watchlist,strong_uptrend,,20.45,2.0,426651,0.93,20.25,19.74,19.98,18.26,17.21,16.44,0.99,3.61,2.35,-0.01,17.8,14.89,籌碼未確認,均線分數 65，價格相對主要均線檢查完成；頸線 17.80，第二底不破/假跌破檢查 True；沒有籌碼資料，僅能列入技術觀察，不列最高優先；沒有結構，不做；沒有足夠成交量，不列最高優先；籌碼未確認偏多，只能列觀察組，不能列實際操作組,暫不納入進場候選
2026-06-01,2026-05-29,3033,威健,,reject,54.29,lower_priority,strong_uptrend,,50.3,0.4,10533292,0.42,50.37,51.05,46.33,38.44,33.51,32.62,-0.13,-1.47,8.57,-0.12,35.1,43.3,籌碼未確認,均線分數 65，價格相對主要均線檢查完成；頸線 35.10，第二底不破/假跌破檢查 True；沒有籌碼資料，僅能列入技術觀察，不列最高優先；沒有結構，不做；沒有足夠成交量，不列最高優先；籌碼未確認偏多，只能列觀察組，不能列實際操作組,暫不納入進場候選
2026-06-01,2026-05-13,6205,詮欣,6205 詮欣,reject,51.14,lower_priority,constructive,,80.4,-6.4,3265504,0.35,84.13,89.35,83.33,65.48,53.24,49.92,-4.44,-10.02,-3.51,-1.45,55.2,45.65,籌碼未確認,均線分數 65，價格相對主要均線檢查完成；頸線 55.20，第二底不破/假跌破檢查 True；沒有籌碼資料，僅能列入技術觀察，不列最高優先；沒有結構，不做；沒有足夠成交量，不列最高優先；籌碼未確認偏多，只能列觀察組，不能列實際操作組,暫不納入進場候選
2026-06-01,2026-05-13,2313,華通,,reject,51.04,lower_priority,constructive,,237.0,-8.85,94311586,1.19,246.33,254.38,248.36,237.1,155.99,121.89,-3.79,-6.83,-4.57,-1.41,294.0,-19.39,籌碼未確認,均線分數 65，價格相對主要均線檢查完成；N 字關鍵位 294.00，量縮回檔 True；沒有籌碼資料，僅能列入技術觀察，不列最高優先；沒有結構，不做；沒有足夠成交量，不列最高優先；籌碼未確認偏多，只能列觀察組，不能列實際操作組,暫不納入進場候選
2026-06-01,2026-05-13,8046,南電,,reject,50.89,lower_priority,strong_uptrend,,880.0,-2.22,11705998,0.58,896.0,926.5,856.29,657.51,427.77,325.71,-1.79,-5.02,2.77,-15.07,1035.0,-14.98,籌碼未確認,均線分數 65，價格相對主要均線檢查完成；N 字關鍵位 1035.00，量縮回檔 False；沒有籌碼資料，僅能列入技術觀察，不列最高優先；沒有結構，不做；沒有足夠成交量，不列最高優先；籌碼未確認偏多，只能列觀察組，不能列實際操作組,暫不納入進場候選
2026-06-01,2026-06-01,3057,喬鼎,,hold,85.0,secondary_watchlist,strong_uptrend,w_pattern,22.4,9.54,1590981,3.07,20.97,20.26,20.09,18.39,17.27,14.79,6.84,10.58,11.51,0.14,19.0,17.89,籌碼未確認,均線分數 100，價格相對主要均線檢查完成；頸線 19.00，第二底不破/假跌破檢查 True；沒有籌碼資料，僅能列入技術觀察，不列最高優先；籌碼未確認偏多，只能列觀察組，不能列實際操作組,優先追蹤，等待5K切入點與60K MACD確認
2026-06-01,2026-06-01,6141,柏承,,hold,85.0,secondary_watchlist,strong_uptrend,w_pattern,44.4,-3.48,7282455,1.89,44.53,38.64,34.92,29.19,18.39,16.23,-0.3,14.9,27.15,1.14,39.0,13.85,籌碼未確認,均線分數 100，價格相對主要均線檢查完成；頸線 39.00，第二底不破/假跌破檢查 True；沒有籌碼資料，僅能列入技術觀察，不列最高優先；籌碼未確認偏多，只能列觀察組，不能列實際操作組,優先追蹤，等待5K切入點與60K MACD確認
2026-06-01,2026-06-01,6770,力積電,,hold,85.0,secondary_watchlist,strong_uptrend,w_pattern,87.0,-1.92,770941542,2.43,85.47,74.06,65.37,61.29,52.13,39.34,1.79,17.47,33.09,2.94,59.1,47.21,籌碼未確認,均線分數 100，價格相對主要均線檢查完成；頸線 59.10，第二底不破/假跌破檢查 True；沒有籌碼資料，僅能列入技術觀察，不列最高優先；籌碼未確認偏多，只能列觀察組，不能列實際操作組,優先追蹤，等待5K切入點與60K MACD確認
2026-06-01,2026-06-01,8150,南茂,,hold,85.0,secondary_watchlist,strong_uptrend,w_pattern,106.5,-5.75,108382230,2.21,107.5,92.95,87.94,72.84,58.95,46.91,-0.93,14.58,21.1,2.36,69.3,53.68,籌碼未確認,均線分數 100，價格相對主要均線檢查完成；頸線 69.30，第二底不破/假跌破檢查 True；沒有籌碼資料，僅能列入技術觀察，不列最高優先；籌碼未確認偏多，只能列觀察組，不能列實際操作組,優先追蹤，等待5K切入點與60K MACD確認
2026-06-01,2026-06-01,3450,聯鈞,,hold,77.85,secondary_watchlist,strong_uptrend,n_pattern,539.0,9.89,10680566,0.79,503.5,492.75,435.38,349.8,293.61,265.0,7.05,9.39,23.8,6.16,505.0,6.73,籌碼未確認,均線分數 100，價格相對主要均線檢查完成；N 字關鍵位 505.00，量縮回檔 True；沒有籌碼資料，僅能列入技術觀察，不列最高優先；沒有足夠成交量，不列最高優先；籌碼未確認偏多，只能列觀察組，不能列實際操作組,觀察，不追高
2026-06-01,2026-06-01,2464,盟立,,reject,75.12,secondary_watchlist,strong_uptrend,,199.0,7.86,23206852,0.91,183.83,167.5,138.26,101.53,78.75,73.14,8.25,18.81,43.93,5.17,158.0,25.95,籌碼未確認,均線分數 100，價格相對主要均線檢查完成；N 字關鍵位 158.00，量縮回檔 False；沒有籌碼資料，僅能列入技術觀察，不列最高優先；沒有結構，不做；沒有足夠成交量，不列最高優先；籌碼未確認偏多，只能列觀察組，不能列實際操作組,暫不納入進場候選
2026-06-01,2026-06-01,3026,禾伸堂,,hold,72.46,secondary_watchlist,strong_uptrend,n_pattern,672.0,4.84,1634588,0.25,639.33,566.12,414.02,266.15,167.6,136.47,5.11,18.7,62.31,25.27,524.0,28.24,籌碼未確認,均線分數 100，價格相對主要均線檢查完成；N 字關鍵位 524.00，量縮回檔 True；沒有籌碼資料，僅能列入技術觀察，不列最高優先；沒有足夠成交量，不列最高優先；籌碼未確認偏多，只能列觀察組，不能列實際操作組,觀察，不追高
2026-06-01,2026-06-01,3481,群創,,reject,71.89,secondary_watchlist,strong_uptrend,,56.1,10.0,478118322,0.59,51.17,47.97,38.71,30.81,23.07,19.16,9.64,16.95,44.92,1.45,51.16666666666668,9.64,籌碼未確認,均線分數 100，價格相對主要均線檢查完成；日線 3MA>8MA>21MA True，短均斜率向上 True，站上3MA True；沒有籌碼資料，僅能列入技術觀察，不列最高優先；沒有結構，不做；沒有足夠成交量，不列最高優先；籌碼未確認偏多，只能列觀察組，不能列實際操作組,暫不納入進場候選
2026-06-01,2026-06-01,2484,希華,,reject,71.63,secondary_watchlist,strong_uptrend,,53.2,-2.03,13856413,0.66,54.23,52.46,45.18,38.14,29.17,26.29,-1.91,1.42,17.75,0.94,38.35,38.72,籌碼未確認,均線分數 100，價格相對主要均線檢查完成；頸線 38.35，第二底不破/假跌破檢查 True；沒有籌碼資料，僅能列入技術觀察，不列最高優先；沒有結構，不做；沒有足夠成交量，不列最高優先；籌碼未確認偏多，只能列觀察組，不能列實際操作組,暫不納入進場候選
2026-06-01,2026-06-01,4916,事欣科,,reject,70.8,secondary_watchlist,strong_uptrend,,119.0,5.78,6365233,0.48,111.33,104.06,82.41,69.19,61.26,58.56,6.89,14.35,44.4,3.49,105.0,13.33,籌碼未確認,均線分數 100，價格相對主要均線檢查完成；N 字關鍵位 105.00，量縮回檔 False；沒有籌碼資料，僅能列入技術觀察，不列最高優先；沒有結構，不做；沒有足夠成交量，不列最高優先；籌碼未確認偏多，只能列觀察組，不能列實際操作組,暫不納入進場候選
2026-06-01,2026-06-01,2375,凱美,,reject,70.68,secondary_watchlist,strong_uptrend,,164.0,-1.5,7997735,0.47,164.0,146.0,114.99,94.2,93.18,81.78,0.0,12.33,42.63,5.89,145.0,13.1,籌碼未確認,均線分數 100，價格相對主要均線檢查完成；N 字關鍵位 145.00，量縮回檔 False；沒有籌碼資料，僅能列入技術觀察，不列最高優先；沒有結構，不做；沒有足夠成交量，不列最高優先；籌碼未確認偏多，只能列觀察組，不能列實際操作組,暫不納入進場候選
2026-06-01,2026-06-01,2478,大毅,,reject,69.95,secondary_watchlist,strong_uptrend,,144.0,3.6,3472752,0.39,136.67,126.56,99.71,79.21,69.41,60.06,5.37,13.78,44.42,4.15,134.0,7.46,籌碼未確認,均線分數 100，價格相對主要均線檢查完成；N 字關鍵位 134.00，量縮回檔 False；沒有籌碼資料，僅能列入技術觀察，不列最高優先；沒有結構，不做；沒有足夠成交量，不列最高優先；籌碼未確認偏多，只能列觀察組，不能列實際操作組,暫不納入進場候選
2026-06-01,2026-06-01,2492,華新科,,reject,68.64,secondary_watchlist,strong_uptrend,,416.0,5.58,4963186,0.26,400.0,346.19,246.9,175.85,145.6,123.3,4.0,20.17,68.49,18.11,321.5,29.39,籌碼未確認,均線分數 100，價格相對主要均線檢查完成；N 字關鍵位 321.50，量縮回檔 False；沒有籌碼資料，僅能列入技術觀察，不列最高優先；沒有結構，不做；沒有足夠成交量，不列最高優先；籌碼未確認偏多，只能列觀察組，不能列實際操作組,暫不納入進場候選
2026-06-01,2026-06-01,1597,直得,,reject,59.36,secondary_watchlist,constructive,,180.5,0.28,5043420,1.17,180.33,188.94,182.43,130.3,96.38,91.41,0.09,-4.47,-1.06,-3.21,112.5,60.44,籌碼未確認,均線分數 65，價格相對主要均線檢查完成；頸線 112.50，第二底不破/假跌破檢查 True；沒有籌碼資料，僅能列入技術觀察，不列最高優先；沒有結構，不做；沒有足夠成交量，不列最高優先；籌碼未確認偏多，只能列觀察組，不能列實際操作組,暫不納入進場候選
2026-06-01,2026-06-01,3048,益登,,reject,57.72,secondary_watchlist,strong_uptrend,,68.4,-5.0,14888350,0.76,70.87,71.4,56.95,45.3,41.68,38.06,-3.48,-4.2,20.12,0.88,41.2,66.02,籌碼未確認,均線分數 65，價格相對主要均線檢查完成；頸線 41.20，第二底不破/假跌破檢查 True；沒有籌碼資料，僅能列入技術觀察，不列最高優先；沒有結構，不做；沒有足夠成交量，不列最高優先；籌碼未確認偏多，只能列觀察組，不能列實際操作組,暫不納入進場候選
2026-06-01,2026-06-01,3033,威健,,reject,57.34,secondary_watchlist,strong_uptrend,,48.85,-2.88,17868088,0.72,49.75,50.73,46.95,38.78,33.64,32.68,-1.81,-3.71,4.04,-0.33,35.1,39.17,籌碼未確認,均線分數 65，價格相對主要均線檢查完成；頸線 35.10，第二底不破/假跌破檢查 True；沒有籌碼資料，僅能列入技術觀察，不列最高優先；沒有結構，不做；沒有足夠成交量，不列最高優先；籌碼未確認偏多，只能列觀察組，不能列實際操作組,暫不納入進場候選
2026-06-02,2026-06-02,3450,聯鈞,,hold,85.0,secondary_watchlist,strong_uptrend,w_pattern,548.0,1.67,29283555,2.21,525.83,506.25,445.67,354.77,295.62,266.39,4.22,8.25,22.96,7.01,323.5,69.4,籌碼未確認,均線分數 100，價格相對主要均線檢查完成；頸線 323.50，第二底不破/假跌破檢查 True；沒有籌碼資料，僅能列入技術觀察，不列最高優先；籌碼未確認偏多，只能列觀察組，不能列實際操作組,優先追蹤，等待5K切入點與60K MACD確認
2026-06-02,2026-06-02,3057,喬鼎,,hold,84.41,secondary_watchlist,strong_uptrend,ma_bloom,21.95,-2.01,743572,1.44,21.6,20.61,20.17,18.51,17.34,16.48,1.62,6.52,8.8,0.19,21.600000000000005,1.62,籌碼未確認,均線分數 100，價格相對主要均線檢查完成；日線 3MA>8MA>21MA True，短均斜率向上 True，站上3MA True；沒有籌碼資料，僅能列入技術觀察，不列最高優先；籌碼未確認偏多，只能列觀察組，不能列實際操作組,觀察，不追高
2026-06-02,2026-06-02,3481,群創,,hold,83.8,secondary_watchlist,strong_uptrend,w_pattern,56.2,0.18,1161605858,1.38,54.43,49.92,40.21,31.23,23.36,19.35,3.25,12.58,39.78,1.48,24.7,127.53,籌碼未確認,均線分數 100，價格相對主要均線檢查完成；頸線 24.70，第二底不破/假跌破檢查 True；沒有籌碼資料，僅能列入技術觀察，不列最高優先；籌碼未確認偏多，只能列觀察組，不能列實際操作組,觀察，不追高
2026-06-02,2026-05-13,4958,臻鼎-KY,,hold,82.28,secondary_watchlist,strong_uptrend,ma_bloom,442.5,8.72,72787309,1.23,420.5,420.06,360.52,264.66,197.33,173.51,5.23,5.34,22.74,0.44,420.5,5.23,籌碼未確認,均線分數 100，價格相對主要均線檢查完成；日線 3MA>8MA>21MA True，短均斜率向上 True，站上3MA True；沒有籌碼資料，僅能列入技術觀察，不列最高優先；籌碼未確認偏多，只能列觀察組，不能列實際操作組,觀察，不追高
2026-06-02,2026-06-02,8150,南茂,,hold,82.08,secondary_watchlist,strong_uptrend,w_pattern,98.6,-7.42,61100401,1.21,106.03,95.79,89.0,73.52,59.42,47.21,-7.01,2.94,10.79,1.79,69.3,42.28,籌碼未確認,均線分數 100，價格相對主要均線檢查完成；頸線 69.30，第二底不破/假跌破檢查 True；沒有籌碼資料，僅能列入技術觀察，不列最高優先；籌碼未確認偏多，只能列觀察組，不能列實際操作組,觀察，不追高
2026-06-02,2026-06-02,3026,禾伸堂,,hold,75.4,secondary_watchlist,strong_uptrend,n_pattern,650.0,-3.27,3265135,0.54,654.33,593.19,434.21,276.05,171.29,138.9,-0.66,9.58,49.7,22.0,570.0,14.04,籌碼未確認,均線分數 100，價格相對主要均線檢查完成；N 字關鍵位 570.00，量縮回檔 True；沒有籌碼資料，僅能列入技術觀察，不列最高優先；沒有足夠成交量，不列最高優先；籌碼未確認偏多，只能列觀察組，不能列實際操作組,觀察，不追高
2026-06-02,2026-06-02,6141,柏承,,reject,74.53,secondary_watchlist,strong_uptrend,,40.35,-9.12,3749124,0.95,43.58,39.44,35.17,29.59,18.58,16.34,-7.42,2.31,14.72,0.85,39.0,3.46,籌碼未確認,均線分數 100，價格相對主要均線檢查完成；頸線 39.00，第二底不破/假跌破檢查 True；沒有籌碼資料，僅能列入技術觀察，不列最高優先；沒有結構，不做；沒有足夠成交量，不列最高優先；籌碼未確認偏多，只能列觀察組，不能列實際操作組,暫不納入進場候選
2026-06-02,2026-06-02,2464,盟立,,reject,73.05,secondary_watchlist,strong_uptrend,,185.0,-7.04,17698794,0.7,189.5,173.62,141.55,103.65,79.58,73.68,-2.37,6.55,30.7,4.35,173.5,6.63,籌碼未確認,均線分數 100，價格相對主要均線檢查完成；N 字關鍵位 173.50，量縮回檔 False；沒有籌碼資料，僅能列入技術觀察，不列最高優先；沒有結構，不做；沒有足夠成交量，不列最高優先；籌碼未確認偏多，只能列觀察組，不能列實際操作組,暫不納入進場候選
2026-06-02,2026-06-02,2492,華新科,,reject,70.85,secondary_watchlist,strong_uptrend,,456.0,9.62,8894706,0.49,422.0,369.94,262.02,181.87,147.91,124.89,8.06,23.26,74.03,19.38,330.0,38.18,籌碼未確認,均線分數 100，價格相對主要均線檢查完成；N 字關鍵位 330.00，量縮回檔 False；沒有籌碼資料，僅能列入技術觀察，不列最高優先；沒有結構，不做；沒有足夠成交量，不列最高優先；籌碼未確認偏多，只能列觀察組，不能列實際操作組,暫不納入進場候選
2026-06-02,2026-06-02,2478,大毅,,reject,69.77,secondary_watchlist,strong_uptrend,,143.0,-0.69,3164516,0.38,142.0,129.94,103.12,80.59,69.97,60.49,0.7,10.05,38.67,3.92,134.0,6.72,籌碼未確認,均線分數 100，價格相對主要均線檢查完成；N 字關鍵位 134.00，量縮回檔 False；沒有籌碼資料，僅能列入技術觀察，不列最高優先；沒有結構，不做；沒有足夠成交量，不列最高優先；籌碼未確認偏多，只能列觀察組，不能列實際操作組,暫不納入進場候選
2026-06-02,2026-06-02,4916,事欣科,,reject,69.1,secondary_watchlist,strong_uptrend,,114.0,-4.2,4076409,0.31,115.17,105.96,84.82,70.15,61.68,58.87,-1.01,7.59,34.4,3.1,105.0,8.57,籌碼未確認,均線分數 100，價格相對主要均線檢查完成；N 字關鍵位 105.00，量縮回檔 False；沒有籌碼資料，僅能列入技術觀察，不列最高優先；沒有結構，不做；沒有足夠成交量，不列最高優先；籌碼未確認偏多，只能列觀察組，不能列實際操作組,暫不納入進場候選
2026-06-02,2026-06-02,2375,凱美,,reject,68.75,secondary_watchlist,strong_uptrend,,162.5,-0.91,4694639,0.27,164.33,151.0,118.55,95.7,93.62,82.23,-1.12,7.62,37.07,5.18,145.0,12.07,籌碼未確認,均線分數 100，價格相對主要均線檢查完成；N 字關鍵位 145.00，量縮回檔 False；沒有籌碼資料，僅能列入技術觀察，不列最高優先；沒有結構，不做；沒有足夠成交量，不列最高優先；籌碼未確認偏多，只能列觀察組，不能列實際操作組,暫不納入進場候選
2026-06-02,2026-06-02,6770,力積電,,reject,68.22,secondary_watchlist,strong_uptrend,,85.9,-1.26,100830023,0.32,87.2,77.41,66.93,61.7,52.53,39.64,-1.49,10.96,28.34,2.79,59.1,45.35,籌碼未確認,均線分數 100，價格相對主要均線檢查完成；頸線 59.10，第二底不破/假跌破檢查 True；沒有籌碼資料，僅能列入技術觀察，不列最高優先；沒有結構，不做；沒有足夠成交量，不列最高優先；籌碼未確認偏多，只能列觀察組，不能列實際操作組,暫不納入進場候選
2026-06-02,2026-05-13,3037,欣興,,hold,67.97,secondary_watchlist,strong_uptrend,w_pattern,892.0,1.94,26678000,1.28,876.0,876.75,785.19,608.31,369.26,277.49,1.83,1.74,13.6,-3.39,538.0,65.8,籌碼未確認,均線分數 65，價格相對主要均線檢查完成；頸線 538.00，第二底不破/假跌破檢查 True；沒有籌碼資料，僅能列入技術觀察，不列最高優先；籌碼未確認偏多，只能列觀察組，不能列實際操作組,觀察，不追高
2026-06-02,2026-06-02,3048,益登,,reject,61.18,secondary_watchlist,strong_uptrend,,75.2,9.94,22570778,1.11,71.87,72.33,58.68,45.99,41.92,38.27,4.64,3.98,28.15,0.81,41.2,82.52,籌碼未確認,均線分數 65，價格相對主要均線檢查完成；頸線 41.20，第二底不破/假跌破檢查 True；沒有籌碼資料，僅能列入技術觀察，不列最高優先；沒有結構，不做；沒有足夠成交量，不列最高優先；籌碼未確認偏多，只能列觀察組，不能列實際操作組,暫不納入進場候選
2026-06-02,2026-06-02,1597,直得,,reject,59.06,secondary_watchlist,constructive,,169.5,-6.09,4978815,1.14,176.67,189.31,183.0,132.01,97.01,91.77,-4.06,-10.47,-7.38,-4.37,112.5,50.67,籌碼未確認,均線分數 65，價格相對主要均線檢查完成；頸線 112.50，第二底不破/假跌破檢查 True；沒有籌碼資料，僅能列入技術觀察，不列最高優先；沒有結構，不做；沒有足夠成交量，不列最高優先；籌碼未確認偏多，只能列觀察組，不能列實際操作組,暫不納入進場候選
2026-06-02,2026-06-02,2484,希華,,reject,56.08,secondary_watchlist,strong_uptrend,,51.9,-2.44,12696345,0.6,53.13,53.34,45.67,38.6,29.37,26.42,-2.32,-2.7,13.63,0.63,38.35,35.33,籌碼未確認,均線分數 65，價格相對主要均線檢查完成；頸線 38.35，第二底不破/假跌破檢查 True；沒有籌碼資料，僅能列入技術觀察，不列最高優先；沒有結構，不做；沒有足夠成交量，不列最高優先；籌碼未確認偏多，只能列觀察組，不能列實際操作組,暫不納入進場候選
2026-06-02,2026-06-02,3033,威健,,reject,53.31,lower_priority,strong_uptrend,,49.7,1.74,7752011,0.32,49.62,50.38,47.52,39.13,33.78,32.75,0.17,-1.35,4.59,-0.43,34.8,42.82,籌碼未確認,均線分數 65，價格相對主要均線檢查完成；頸線 34.80，第二底不破/假跌破檢查 True；沒有籌碼資料，僅能列入技術觀察，不列最高優先；沒有結構，不做；沒有足夠成交量，不列最高優先；籌碼未確認偏多，只能列觀察組，不能列實際操作組,暫不納入進場候選
2026-06-02,2026-05-13,6205,詮欣,6205 詮欣,reject,51.14,lower_priority,constructive,,80.4,-6.4,3265504,0.35,84.13,89.35,83.33,65.48,53.24,49.92,-4.44,-10.02,-3.51,-1.45,55.2,45.65,籌碼未確認,均線分數 65，價格相對主要均線檢查完成；頸線 55.20，第二底不破/假跌破檢查 True；沒有籌碼資料，僅能列入技術觀察，不列最高優先；沒有結構，不做；沒有足夠成交量，不列最高優先；籌碼未確認偏多，只能列觀察組，不能列實際操作組,暫不納入進場候選
2026-06-02,2026-05-13,2313,華通,,reject,51.04,lower_priority,constructive,,237.0,-8.85,94311586,1.19,246.33,254.38,248.36,237.1,155.99,121.89,-3.79,-6.83,-4.57,-1.41,294.0,-19.39,籌碼未確認,均線分數 65，價格相對主要均線檢查完成；N 字關鍵位 294.00，量縮回檔 True；沒有籌碼資料，僅能列入技術觀察，不列最高優先；沒有結構，不做；沒有足夠成交量，不列最高優先；籌碼未確認偏多，只能列觀察組，不能列實際操作組,暫不納入進場候選
2026-06-02,2026-05-13,8046,南電,,reject,50.89,lower_priority,strong_uptrend,,880.0,-2.22,11705998,0.58,896.0,926.5,856.29,657.51,427.77,325.71,-1.79,-5.02,2.77,-15.07,1035.0,-14.98,籌碼未確認,均線分數 65，價格相對主要均線檢查完成；N 字關鍵位 1035.00，量縮回檔 False；沒有籌碼資料，僅能列入技術觀察，不列最高優先；沒有結構，不做；沒有足夠成交量，不列最高優先；籌碼未確認偏多，只能列觀察組，不能列實際操作組,暫不納入進場候選
2026-06-03,2026-06-02,3450,聯鈞,,hold,85.0,secondary_watchlist,strong_uptrend,w_pattern,548.0,1.67,29283555,2.21,525.83,506.25,445.67,354.77,295.62,266.39,4.22,8.25,22.96,7.01,323.5,69.4,籌碼未確認,均線分數 100，價格相對主要均線檢查完成；頸線 323.50，第二底不破/假跌破檢查 True；沒有籌碼資料，僅能列入技術觀察，不列最高優先；籌碼未確認偏多，只能列觀察組，不能列實際操作組,優先追蹤，等待5K切入點與60K MACD確認
2026-06-03,2026-06-02,3057,喬鼎,,hold,84.41,secondary_watchlist,strong_uptrend,ma_bloom,21.95,-2.01,743572,1.44,21.6,20.61,20.17,18.51,17.34,16.48,1.62,6.52,8.8,0.19,21.600000000000005,1.62,籌碼未確認,均線分數 100，價格相對主要均線檢查完成；日線 3MA>8MA>21MA True，短均斜率向上 True，站上3MA True；沒有籌碼資料，僅能列入技術觀察，不列最高優先；籌碼未確認偏多，只能列觀察組，不能列實際操作組,觀察，不追高
2026-06-03,2026-06-02,3481,群創,,hold,83.8,secondary_watchlist,strong_uptrend,w_pattern,56.2,0.18,1161605858,1.38,54.43,49.92,40.21,31.23,23.36,19.35,3.25,12.58,39.78,1.48,24.7,127.53,籌碼未確認,均線分數 100，價格相對主要均線檢查完成；頸線 24.70，第二底不破/假跌破檢查 True；沒有籌碼資料，僅能列入技術觀察，不列最高優先；籌碼未確認偏多，只能列觀察組，不能列實際操作組,觀察，不追高
2026-06-03,2026-05-13,4958,臻鼎-KY,,hold,82.28,secondary_watchlist,strong_uptrend,ma_bloom,442.5,8.72,72787309,1.23,420.5,420.06,360.52,264.66,197.33,173.51,5.23,5.34,22.74,0.44,420.5,5.23,籌碼未確認,均線分數 100，價格相對主要均線檢查完成；日線 3MA>8MA>21MA True，短均斜率向上 True，站上3MA True；沒有籌碼資料，僅能列入技術觀察，不列最高優先；籌碼未確認偏多，只能列觀察組，不能列實際操作組,觀察，不追高
2026-06-03,2026-06-02,8150,南茂,,hold,82.08,secondary_watchlist,strong_uptrend,w_pattern,98.6,-7.42,61100401,1.21,106.03,95.79,89.0,73.52,59.42,47.21,-7.01,2.94,10.79,1.79,69.3,42.28,籌碼未確認,均線分數 100，價格相對主要均線檢查完成；頸線 69.30，第二底不破/假跌破檢查 True；沒有籌碼資料，僅能列入技術觀察，不列最高優先；籌碼未確認偏多，只能列觀察組，不能列實際操作組,觀察，不追高
2026-06-03,2026-06-02,3026,禾伸堂,,hold,75.4,secondary_watchlist,strong_uptrend,n_pattern,650.0,-3.27,3265135,0.54,654.33,593.19,434.21,276.05,171.29,138.9,-0.66,9.58,49.7,22.0,570.0,14.04,籌碼未確認,均線分數 100，價格相對主要均線檢查完成；N 字關鍵位 570.00，量縮回檔 True；沒有籌碼資料，僅能列入技術觀察，不列最高優先；沒有足夠成交量，不列最高優先；籌碼未確認偏多，只能列觀察組，不能列實際操作組,觀察，不追高
2026-06-03,2026-06-02,6141,柏承,,reject,74.53,secondary_watchlist,strong_uptrend,,40.35,-9.12,3749124,0.95,43.58,39.44,35.17,29.59,18.58,16.34,-7.42,2.31,14.72,0.85,39.0,3.46,籌碼未確認,均線分數 100，價格相對主要均線檢查完成；頸線 39.00，第二底不破/假跌破檢查 True；沒有籌碼資料，僅能列入技術觀察，不列最高優先；沒有結構，不做；沒有足夠成交量，不列最高優先；籌碼未確認偏多，只能列觀察組，不能列實際操作組,暫不納入進場候選
2026-06-03,2026-06-02,2464,盟立,,reject,73.05,secondary_watchlist,strong_uptrend,,185.0,-7.04,17698794,0.7,189.5,173.62,141.55,103.65,79.58,73.68,-2.37,6.55,30.7,4.35,173.5,6.63,籌碼未確認,均線分數 100，價格相對主要均線檢查完成；N 字關鍵位 173.50，量縮回檔 False；沒有籌碼資料，僅能列入技術觀察，不列最高優先；沒有結構，不做；沒有足夠成交量，不列最高優先；籌碼未確認偏多，只能列觀察組，不能列實際操作組,暫不納入進場候選
2026-06-03,2026-06-02,2492,華新科,,reject,70.85,secondary_watchlist,strong_uptrend,,456.0,9.62,8894706,0.49,422.0,369.94,262.02,181.87,147.91,124.89,8.06,23.26,74.03,19.38,330.0,38.18,籌碼未確認,均線分數 100，價格相對主要均線檢查完成；N 字關鍵位 330.00，量縮回檔 False；沒有籌碼資料，僅能列入技術觀察，不列最高優先；沒有結構，不做；沒有足夠成交量，不列最高優先；籌碼未確認偏多，只能列觀察組，不能列實際操作組,暫不納入進場候選
2026-06-03,2026-06-02,2478,大毅,,reject,69.77,secondary_watchlist,strong_uptrend,,143.0,-0.69,3164516,0.38,142.0,129.94,103.12,80.59,69.97,60.49,0.7,10.05,38.67,3.92,134.0,6.72,籌碼未確認,均線分數 100，價格相對主要均線檢查完成；N 字關鍵位 134.00，量縮回檔 False；沒有籌碼資料，僅能列入技術觀察，不列最高優先；沒有結構，不做；沒有足夠成交量，不列最高優先；籌碼未確認偏多，只能列觀察組，不能列實際操作組,暫不納入進場候選
2026-06-03,2026-06-02,4916,事欣科,,reject,69.1,secondary_watchlist,strong_uptrend,,114.0,-4.2,4076409,0.31,115.17,105.96,84.82,70.15,61.68,58.87,-1.01,7.59,34.4,3.1,105.0,8.57,籌碼未確認,均線分數 100，價格相對主要均線檢查完成；N 字關鍵位 105.00，量縮回檔 False；沒有籌碼資料，僅能列入技術觀察，不列最高優先；沒有結構，不做；沒有足夠成交量，不列最高優先；籌碼未確認偏多，只能列觀察組，不能列實際操作組,暫不納入進場候選
2026-06-03,2026-06-02,2375,凱美,,reject,68.75,secondary_watchlist,strong_uptrend,,162.5,-0.91,4694639,0.27,164.33,151.0,118.55,95.7,93.62,82.23,-1.12,7.62,37.07,5.18,145.0,12.07,籌碼未確認,均線分數 100，價格相對主要均線檢查完成；N 字關鍵位 145.00，量縮回檔 False；沒有籌碼資料，僅能列入技術觀察，不列最高優先；沒有結構，不做；沒有足夠成交量，不列最高優先；籌碼未確認偏多，只能列觀察組，不能列實際操作組,暫不納入進場候選
2026-06-03,2026-06-02,6770,力積電,,reject,68.22,secondary_watchlist,strong_uptrend,,85.9,-1.26,100830023,0.32,87.2,77.41,66.93,61.7,52.53,39.64,-1.49,10.96,28.34,2.79,59.1,45.35,籌碼未確認,均線分數 100，價格相對主要均線檢查完成；頸線 59.10，第二底不破/假跌破檢查 True；沒有籌碼資料，僅能列入技術觀察，不列最高優先；沒有結構，不做；沒有足夠成交量，不列最高優先；籌碼未確認偏多，只能列觀察組，不能列實際操作組,暫不納入進場候選
2026-06-03,2026-05-13,3037,欣興,,hold,67.97,secondary_watchlist,strong_uptrend,w_pattern,892.0,1.94,26678000,1.28,876.0,876.75,785.19,608.31,369.26,277.49,1.83,1.74,13.6,-3.39,538.0,65.8,籌碼未確認,均線分數 65，價格相對主要均線檢查完成；頸線 538.00，第二底不破/假跌破檢查 True；沒有籌碼資料，僅能列入技術觀察，不列最高優先；籌碼未確認偏多，只能列觀察組，不能列實際操作組,觀察，不追高
2026-06-03,2026-06-02,3048,益登,,reject,61.18,secondary_watchlist,strong_uptrend,,75.2,9.94,22570778,1.11,71.87,72.33,58.68,45.99,41.92,38.27,4.64,3.98,28.15,0.81,41.2,82.52,籌碼未確認,均線分數 65，價格相對主要均線檢查完成；頸線 41.20，第二底不破/假跌破檢查 True；沒有籌碼資料，僅能列入技術觀察，不列最高優先；沒有結構，不做；沒有足夠成交量，不列最高優先；籌碼未確認偏多，只能列觀察組，不能列實際操作組,暫不納入進場候選
2026-06-03,2026-06-02,1597,直得,,reject,59.06,secondary_watchlist,constructive,,169.5,-6.09,4978815,1.14,176.67,189.31,183.0,132.01,97.01,91.77,-4.06,-10.47,-7.38,-4.37,112.5,50.67,籌碼未確認,均線分數 65，價格相對主要均線檢查完成；頸線 112.50，第二底不破/假跌破檢查 True；沒有籌碼資料，僅能列入技術觀察，不列最高優先；沒有結構，不做；沒有足夠成交量，不列最高優先；籌碼未確認偏多，只能列觀察組，不能列實際操作組,暫不納入進場候選
2026-06-03,2026-06-02,2484,希華,,reject,56.08,secondary_watchlist,strong_uptrend,,51.9,-2.44,12696345,0.6,53.13,53.34,45.67,38.6,29.37,26.42,-2.32,-2.7,13.63,0.63,38.35,35.33,籌碼未確認,均線分數 65，價格相對主要均線檢查完成；頸線 38.35，第二底不破/假跌破檢查 True；沒有籌碼資料，僅能列入技術觀察，不列最高優先；沒有結構，不做；沒有足夠成交量，不列最高優先；籌碼未確認偏多，只能列觀察組，不能列實際操作組,暫不納入進場候選
2026-06-03,2026-06-02,3033,威健,,reject,53.31,lower_priority,strong_uptrend,,49.7,1.74,7752011,0.32,49.62,50.38,47.52,39.13,33.78,32.75,0.17,-1.35,4.59,-0.43,34.8,42.82,籌碼未確認,均線分數 65，價格相對主要均線檢查完成；頸線 34.80，第二底不破/假跌破檢查 True；沒有籌碼資料，僅能列入技術觀察，不列最高優先；沒有結構，不做；沒有足夠成交量，不列最高優先；籌碼未確認偏多，只能列觀察組，不能列實際操作組,暫不納入進場候選
2026-06-03,2026-05-13,6205,詮欣,6205 詮欣,reject,51.14,lower_priority,constructive,,80.4,-6.4,3265504,0.35,84.13,89.35,83.33,65.48,53.24,49.92,-4.44,-10.02,-3.51,-1.45,55.2,45.65,籌碼未確認,均線分數 65，價格相對主要均線檢查完成；頸線 55.20，第二底不破/假跌破檢查 True；沒有籌碼資料，僅能列入技術觀察，不列最高優先；沒有結構，不做；沒有足夠成交量，不列最高優先；籌碼未確認偏多，只能列觀察組，不能列實際操作組,暫不納入進場候選
2026-06-03,2026-05-13,2313,華通,,reject,51.04,lower_priority,constructive,,237.0,-8.85,94311586,1.19,246.33,254.38,248.36,237.1,155.99,121.89,-3.79,-6.83,-4.57,-1.41,294.0,-19.39,籌碼未確認,均線分數 65，價格相對主要均線檢查完成；N 字關鍵位 294.00，量縮回檔 True；沒有籌碼資料，僅能列入技術觀察，不列最高優先；沒有結構，不做；沒有足夠成交量，不列最高優先；籌碼未確認偏多，只能列觀察組，不能列實際操作組,暫不納入進場候選
2026-06-03,2026-05-13,8046,南電,,reject,50.89,lower_priority,strong_uptrend,,880.0,-2.22,11705998,0.58,896.0,926.5,856.29,657.51,427.77,325.71,-1.79,-5.02,2.77,-15.07,1035.0,-14.98,籌碼未確認,均線分數 65，價格相對主要均線檢查完成；N 字關鍵位 1035.00，量縮回檔 False；沒有籌碼資料，僅能列入技術觀察，不列最高優先；沒有結構，不做；沒有足夠成交量，不列最高優先；籌碼未確認偏多，只能列觀察組，不能列實際操作組,暫不納入進場候選
2026-06-03,2026-06-03,2492,華新科,,reject,70.85,secondary_watchlist,strong_uptrend,,423.0,-7.24,3399736,0.49,422.0,369.94,262.02,181.87,147.91,124.89,0.24,14.34,61.44,19.38,330.0,28.18,籌碼未確認,均線分數 100，價格相對主要均線檢查完成；N 字關鍵位 330.00，量縮回檔 False；沒有籌碼資料，僅能列入技術觀察，不列最高優先；沒有結構，不做；沒有足夠成交量，不列最高優先；籌碼未確認偏多，只能列觀察組，不能列實際操作組,暫不納入進場候選
2026-06-04,2026-06-04,3057,喬鼎,,hold,85.0,secondary_watchlist,strong_uptrend,w_pattern,23.55,4.43,921737,1.78,22.68,21.4,20.39,18.8,17.48,16.53,3.82,10.05,15.48,0.33,19.4,21.39,籌碼未確認,均線分數 100，價格相對主要均線檢查完成；頸線 19.40，第二底不破/假跌破檢查 True；沒有籌碼資料，僅能列入技術觀察，不列最高優先；籌碼未確認偏多，只能列觀察組，不能列實際操作組,優先追蹤，等待5K切入點與60K MACD確認
2026-06-04,2026-05-13,4958,臻鼎-KY,,hold,82.28,secondary_watchlist,strong_uptrend,ma_bloom,442.5,8.72,72787309,1.23,420.5,420.06,360.52,264.66,197.33,173.51,5.23,5.34,22.74,0.44,420.5,5.23,籌碼未確認,均線分數 100，價格相對主要均線檢查完成；日線 3MA>8MA>21MA True，短均斜率向上 True，站上3MA True；沒有籌碼資料，僅能列入技術觀察，不列最高優先；籌碼未確認偏多，只能列觀察組，不能列實際操作組,觀察，不追高
2026-06-04,2026-06-04,3450,聯鈞,,reject,73.51,secondary_watchlist,strong_uptrend,,520.0,-5.11,10175961,0.85,538.67,519.69,462.79,363.82,299.3,269.07,-3.47,0.06,12.36,4.15,323.5,60.74,籌碼未確認,均線分數 100，價格相對主要均線檢查完成；頸線 323.50，第二底不破/假跌破檢查 True；沒有籌碼資料，僅能列入技術觀察，不列最高優先；沒有結構，不做；沒有足夠成交量，不列最高優先；籌碼未確認偏多，只能列觀察組，不能列實際操作組,暫不納入進場候選
2026-06-04,2026-06-04,8150,南茂,,hold,70.12,secondary_watchlist,strong_uptrend,w_pattern,99.1,3.44,79546357,1.62,97.83,99.41,90.02,74.84,60.29,47.8,1.29,-0.31,10.08,0.78,71.8,38.02,籌碼未確認,均線分數 65，價格相對主要均線檢查完成；頸線 71.80，第二底不破/假跌破檢查 True；沒有籌碼資料，僅能列入技術觀察，不列最高優先；籌碼未確認偏多，只能列觀察組，不能列實際操作組,觀察，不追高
2026-06-04,2026-06-04,2478,大毅,,reject,68.75,secondary_watchlist,strong_uptrend,,137.5,0.36,2078141,0.27,139.17,133.31,108.87,83.12,71.0,61.29,-1.2,3.14,26.3,2.26,134.0,2.61,籌碼未確認,均線分數 100，價格相對主要均線檢查完成；N 字關鍵位 134.00，量縮回檔 False；沒有籌碼資料，僅能列入技術觀察，不列最高優先；沒有結構，不做；沒有足夠成交量，不列最高優先；籌碼未確認偏多，只能列觀察組，不能列實際操作組,暫不納入進場候選
2026-06-04,2026-06-04,4916,事欣科,,reject,68.23,secondary_watchlist,strong_uptrend,,122.5,-1.61,2939889,0.22,120.33,111.86,90.47,72.45,62.65,59.56,1.8,9.51,35.4,3.0,105.0,16.67,籌碼未確認,均線分數 100，價格相對主要均線檢查完成；N 字關鍵位 105.00，量縮回檔 False；沒有籌碼資料，僅能列入技術觀察，不列最高優先；沒有結構，不做；沒有足夠成交量，不列最高優先；籌碼未確認偏多，只能列觀察組，不能列實際操作組,暫不納入進場候選
2026-06-04,2026-06-04,3481,群創,,reject,68.09,secondary_watchlist,strong_uptrend,,55.8,-6.06,169309153,0.21,57.13,52.6,43.06,32.29,23.97,19.74,-2.33,6.08,29.6,1.27,52.2,6.9,籌碼未確認,均線分數 100，價格相對主要均線檢查完成；N 字關鍵位 52.20，量縮回檔 False；沒有籌碼資料，僅能列入技術觀察，不列最高優先；沒有結構，不做；沒有足夠成交量，不列最高優先；籌碼未確認偏多，只能列觀察組，不能列實際操作組,暫不納入進場候選
2026-06-04,2026-05-13,3037,欣興,,hold,67.97,secondary_watchlist,strong_uptrend,w_pattern,892.0,1.94,26678000,1.28,876.0,876.75,785.19,608.31,369.26,277.49,1.83,1.74,13.6,-3.39,538.0,65.8,籌碼未確認,均線分數 65，價格相對主要均線檢查完成；頸線 538.00，第二底不破/假跌破檢查 True；沒有籌碼資料，僅能列入技術觀察，不列最高優先；籌碼未確認偏多，只能列觀察組，不能列實際操作組,觀察，不追高
2026-06-04,2026-06-04,6770,力積電,,reject,67.46,secondary_watchlist,strong_uptrend,,81.0,-4.26,72679423,0.25,83.83,81.69,69.41,62.36,53.24,40.22,-3.38,-0.84,16.69,1.81,59.1,37.06,籌碼未確認,均線分數 100，價格相對主要均線檢查完成；頸線 59.10，第二底不破/假跌破檢查 True；沒有籌碼資料，僅能列入技術觀察，不列最高優先；沒有結構，不做；沒有足夠成交量，不列最高優先；籌碼未確認偏多，只能列觀察組，不能列實際操作組,暫不納入進場候選
2026-06-04,2026-06-04,3026,禾伸堂,,reject,67.37,secondary_watchlist,strong_uptrend,,622.0,-2.81,1120478,0.24,637.33,626.0,469.48,295.06,178.4,143.58,-2.41,-0.64,32.49,11.61,250.5,148.3,籌碼未確認,均線分數 100，價格相對主要均線檢查完成；頸線 250.50，第二底不破/假跌破檢查 True；沒有籌碼資料，僅能列入技術觀察，不列最高優先；沒有結構，不做；沒有足夠成交量，不列最高優先；籌碼未確認偏多，只能列觀察組，不能列實際操作組,暫不納入進場候選
2026-06-04,2026-06-04,2492,華新科,,reject,66.98,secondary_watchlist,strong_uptrend,,392.0,-7.33,3097523,0.2,423.67,395.06,286.76,191.96,151.68,127.68,-7.47,-0.78,36.7,11.5,133.0,194.74,籌碼未確認,均線分數 100，價格相對主要均線檢查完成；頸線 133.00，第二底不破/假跌破檢查 True；沒有籌碼資料，僅能列入技術觀察，不列最高優先；沒有結構，不做；沒有足夠成交量，不列最高優先；籌碼未確認偏多，只能列觀察組，不能列實際操作組,暫不納入進場候選
2026-06-04,2026-06-04,2484,希華,,reject,58.26,secondary_watchlist,strong_uptrend,,50.8,-6.79,18588667,0.81,52.4,53.56,46.72,39.54,29.77,26.69,-3.05,-5.16,8.74,0.17,47.6,6.72,籌碼未確認,均線分數 65，價格相對主要均線檢查完成；頸線 47.60，第二底不破/假跌破檢查 True；沒有籌碼資料，僅能列入技術觀察，不列最高優先；沒有結構，不做；沒有足夠成交量，不列最高優先；籌碼未確認偏多，只能列觀察組，不能列實際操作組,暫不納入進場候選
2026-06-04,2026-06-04,1597,直得,,reject,55.6,secondary_watchlist,constructive,,172.5,3.6,3064237,0.8,169.5,183.69,182.43,135.38,98.3,92.49,1.77,-6.09,-5.44,-5.24,112.5,53.33,籌碼未確認,均線分數 65，價格相對主要均線檢查完成；頸線 112.50，第二底不破/假跌破檢查 True；沒有籌碼資料，僅能列入技術觀察，不列最高優先；沒有結構，不做；沒有足夠成交量，不列最高優先；籌碼未確認偏多，只能列觀察組，不能列實際操作組,暫不納入進場候選
2026-06-04,2026-06-04,3033,威健,,reject,55.21,secondary_watchlist,strong_uptrend,,50.0,0.7,10680578,0.51,49.78,49.95,48.41,39.81,34.05,32.89,0.44,0.1,3.29,-0.53,35.8,39.66,籌碼未確認,均線分數 65，價格相對主要均線檢查完成；頸線 35.80，第二底不破/假跌破檢查 True；沒有籌碼資料，僅能列入技術觀察，不列最高優先；沒有結構，不做；沒有足夠成交量，不列最高優先；籌碼未確認偏多，只能列觀察組，不能列實際操作組,暫不納入進場候選
2026-06-04,2026-06-04,3048,益登,,reject,54.35,lower_priority,strong_uptrend,,67.8,-2.02,8914227,0.42,70.73,70.97,61.35,47.08,42.3,38.62,-4.15,-4.47,10.5,-0.24,41.2,64.56,籌碼未確認,均線分數 65，價格相對主要均線檢查完成；頸線 41.20，第二底不破/假跌破檢查 True；沒有籌碼資料，僅能列入技術觀察，不列最高優先；沒有結構，不做；沒有足夠成交量，不列最高優先；籌碼未確認偏多，只能列觀察組，不能列實際操作組,暫不納入進場候選
2026-06-04,2026-06-04,2464,盟立,,reject,54.16,lower_priority,strong_uptrend,,170.0,-3.13,10002116,0.4,176.83,179.06,147.33,107.23,81.06,74.65,-3.86,-5.06,15.38,1.2,80.0,112.5,籌碼未確認,均線分數 65，價格相對主要均線檢查完成；頸線 80.00，第二底不破/假跌破檢查 True；沒有籌碼資料，僅能列入技術觀察，不列最高優先；沒有結構，不做；沒有足夠成交量，不列最高優先；籌碼未確認偏多，只能列觀察組，不能列實際操作組,暫不納入進場候選
2026-06-04,2026-06-04,2375,凱美,,reject,51.91,lower_priority,strong_uptrend,,145.0,-6.75,2948111,0.18,154.33,154.5,124.35,98.21,94.3,83.03,-6.05,-6.15,16.6,2.06,82.9,74.91,籌碼未確認,均線分數 65，價格相對主要均線檢查完成；頸線 82.90，第二底不破/假跌破檢查 True；沒有籌碼資料，僅能列入技術觀察，不列最高優先；沒有結構，不做；沒有足夠成交量，不列最高優先；籌碼未確認偏多，只能列觀察組，不能列實際操作組,暫不納入進場候選
2026-06-04,2026-05-13,6205,詮欣,6205 詮欣,reject,51.14,lower_priority,constructive,,80.4,-6.4,3265504,0.35,84.13,89.35,83.33,65.48,53.24,49.92,-4.44,-10.02,-3.51,-1.45,55.2,45.65,籌碼未確認,均線分數 65，價格相對主要均線檢查完成；頸線 55.20，第二底不破/假跌破檢查 True；沒有籌碼資料，僅能列入技術觀察，不列最高優先；沒有結構，不做；沒有足夠成交量，不列最高優先；籌碼未確認偏多，只能列觀察組，不能列實際操作組,暫不納入進場候選
2026-06-04,2026-05-13,2313,華通,,reject,51.04,lower_priority,constructive,,237.0,-8.85,94311586,1.19,246.33,254.38,248.36,237.1,155.99,121.89,-3.79,-6.83,-4.57,-1.41,294.0,-19.39,籌碼未確認,均線分數 65，價格相對主要均線檢查完成；N 字關鍵位 294.00，量縮回檔 True；沒有籌碼資料，僅能列入技術觀察，不列最高優先；沒有結構，不做；沒有足夠成交量，不列最高優先；籌碼未確認偏多，只能列觀察組，不能列實際操作組,暫不納入進場候選
2026-06-04,2026-05-13,8046,南電,,reject,50.89,lower_priority,strong_uptrend,,880.0,-2.22,11705998,0.58,896.0,926.5,856.29,657.51,427.77,325.71,-1.79,-5.02,2.77,-15.07,1035.0,-14.98,籌碼未確認,均線分數 65，價格相對主要均線檢查完成；N 字關鍵位 1035.00，量縮回檔 False；沒有籌碼資料，僅能列入技術觀察，不列最高優先；沒有結構，不做；沒有足夠成交量，不列最高優先；籌碼未確認偏多，只能列觀察組，不能列實際操作組,暫不納入進場候選
2026-06-04,2026-06-04,6141,柏承,,reject,47.84,lower_priority,strong_uptrend,,39.4,-1.5,1470292,0.37,39.92,41.05,35.51,30.27,18.97,16.56,-1.29,-4.02,10.96,0.3,28.25,39.47,籌碼未確認,均線分數 65，價格相對主要均線檢查完成；頸線 28.25，第二底不破/假跌破檢查 False；沒有籌碼資料，僅能列入技術觀察，不列最高優先；沒有結構，不做；沒有足夠成交量，不列最高優先；籌碼未確認偏多，只能列觀察組，不能列實際操作組,暫不納入進場候選
2026-06-05,2026-06-05,3450,聯鈞,,hold,85.0,secondary_watchlist,strong_uptrend,w_pattern,501.0,-3.65,18928151,1.74,523.0,516.06,468.67,367.84,300.85,270.3,-4.21,-2.92,6.9,0.65,323.5,54.87,籌碼未確認,均線分數 100，價格相對主要均線檢查完成；頸線 323.50，第二底不破/假跌破檢查 True；沒有籌碼資料，僅能列入技術觀察，不列最高優先；籌碼未確認偏多，只能列觀察組，不能列實際操作組,優先追蹤，等待5K切入點與60K MACD確認
2026-06-05,2026-06-05,3033,威健,,hold,84.92,secondary_watchlist,strong_uptrend,w_pattern,51.8,3.6,31884589,1.49,50.48,50.14,48.83,40.15,34.2,32.97,2.61,3.32,6.08,-0.44,35.8,44.69,籌碼未確認,均線分數 100，價格相對主要均線檢查完成；頸線 35.80，第二底不破/假跌破檢查 True；沒有籌碼資料，僅能列入技術觀察，不列最高優先；籌碼未確認偏多，只能列觀察組，不能列實際操作組,觀察，不追高
2026-06-05,2026-05-13,4958,臻鼎-KY,,hold,82.28,secondary_watchlist,strong_uptrend,ma_bloom,442.5,8.72,72787309,1.23,420.5,420.06,360.52,264.66,197.33,173.51,5.23,5.34,22.74,0.44,420.5,5.23,籌碼未確認,均線分數 100，價格相對主要均線檢查完成；日線 3MA>8MA>21MA True，短均斜率向上 True，站上3MA True；沒有籌碼資料，僅能列入技術觀察，不列最高優先；籌碼未確認偏多，只能列觀察組，不能列實際操作組,觀察，不追高
2026-06-05,2026-06-05,3057,喬鼎,,reject,75.89,secondary_watchlist,strong_uptrend,,21.9,-7.01,526078,1.09,22.67,21.64,20.42,18.93,17.55,16.55,-3.38,1.21,7.24,0.25,19.4,12.89,籌碼未確認,均線分數 100，價格相對主要均線檢查完成；頸線 19.40，第二底不破/假跌破檢查 True；沒有籌碼資料，僅能列入技術觀察，不列最高優先；沒有結構，不做；沒有足夠成交量，不列最高優先；籌碼未確認偏多，只能列觀察組，不能列實際操作組,暫不納入進場候選
2026-06-05,2026-06-05,2478,大毅,,reject,72.05,secondary_watchlist,strong_uptrend,,150.0,9.09,4311440,0.6,141.5,137.19,112.2,84.51,71.62,61.74,6.01,9.34,33.7,2.31,139.0,7.91,籌碼未確認,均線分數 100，價格相對主要均線檢查完成；N 字關鍵位 139.00，量縮回檔 False；沒有籌碼資料，僅能列入技術觀察，不列最高優先；沒有結構，不做；沒有足夠成交量，不列最高優先；籌碼未確認偏多，只能列觀察組，不能列實際操作組,暫不納入進場候選
2026-06-05,2026-06-05,2492,華新科,,reject,69.22,secondary_watchlist,strong_uptrend,,416.0,6.12,4462116,0.32,410.33,406.0,298.95,196.92,153.65,129.13,1.38,2.46,39.15,8.71,411.5,1.09,籌碼未確認,均線分數 100，價格相對主要均線檢查完成；N 字關鍵位 411.50，量縮回檔 False；沒有籌碼資料，僅能列入技術觀察，不列最高優先；沒有結構，不做；沒有足夠成交量，不列最高優先；籌碼未確認偏多，只能列觀察組，不能列實際操作組,暫不納入進場候選
2026-06-05,2026-06-05,4916,事欣科,,reject,68.54,secondary_watchlist,strong_uptrend,,120.0,-2.04,3285739,0.25,122.33,114.3,93.18,73.5,63.12,59.9,-1.91,4.99,28.78,2.4,112.5,6.67,籌碼未確認,均線分數 100，價格相對主要均線檢查完成；N 字關鍵位 112.50，量縮回檔 False；沒有籌碼資料，僅能列入技術觀察，不列最高優先；沒有結構，不做；沒有足夠成交量，不列最高優先；籌碼未確認偏多，只能列觀察組，不能列實際操作組,暫不納入進場候選
2026-06-05,2026-06-05,3481,群創,,reject,68.22,secondary_watchlist,strong_uptrend,,53.7,-3.76,173661763,0.22,56.3,53.6,44.2,32.76,24.25,19.92,-4.62,0.19,21.5,0.83,52.2,2.87,籌碼未確認,均線分數 100，價格相對主要均線檢查完成；N 字關鍵位 52.20，量縮回檔 False；沒有籌碼資料，僅能列入技術觀察，不列最高優先；沒有結構，不做；沒有足夠成交量，不列最高優先；籌碼未確認偏多，只能列觀察組，不能列實際操作組,暫不納入進場候選
2026-06-05,2026-05-13,3037,欣興,,hold,67.97,secondary_watchlist,strong_uptrend,w_pattern,892.0,1.94,26678000,1.28,876.0,876.75,785.19,608.31,369.26,277.49,1.83,1.74,13.6,-3.39,538.0,65.8,籌碼未確認,均線分數 65，價格相對主要均線檢查完成；頸線 538.00，第二底不破/假跌破檢查 True；沒有籌碼資料，僅能列入技術觀察，不列最高優先；籌碼未確認偏多，只能列觀察組，不能列實際操作組,觀察，不追高
2026-06-05,2026-06-05,2484,希華,,reject,58.09,secondary_watchlist,strong_uptrend,,52.8,3.94,17703566,0.8,52.7,53.16,47.1,40.0,29.98,26.84,0.19,-0.68,12.11,0.03,47.6,10.92,籌碼未確認,均線分數 65，價格相對主要均線檢查完成；頸線 47.60，第二底不破/假跌破檢查 True；沒有籌碼資料，僅能列入技術觀察，不列最高優先；沒有結構，不做；沒有足夠成交量，不列最高優先；籌碼未確認偏多，只能列觀察組，不能列實際操作組,暫不納入進場候選
2026-06-05,2026-06-05,8150,南茂,,reject,57.48,secondary_watchlist,strong_uptrend,,96.8,-2.32,34134453,0.74,97.23,100.84,89.96,75.43,60.72,48.09,-0.45,-4.0,7.6,0.33,71.8,34.82,籌碼未確認,均線分數 65，價格相對主要均線檢查完成；頸線 71.80，第二底不破/假跌破檢查 True；沒有籌碼資料，僅能列入技術觀察，不列最高優先；沒有結構，不做；沒有足夠成交量，不列最高優先；籌碼未確認偏多，只能列觀察組，不能列實際操作組,暫不納入進場候選
2026-06-05,2026-06-05,2464,盟立,,reject,56.63,secondary_watchlist,strong_uptrend,,165.0,-2.94,14825911,0.65,170.17,178.0,149.9,108.79,81.76,75.11,-3.04,-7.3,10.07,-0.39,86.9,89.87,籌碼未確認,均線分數 65，價格相對主要均線檢查完成；頸線 86.90，第二底不破/假跌破檢查 True；沒有籌碼資料，僅能列入技術觀察，不列最高優先；沒有結構，不做；沒有足夠成交量，不列最高優先；籌碼未確認偏多，只能列觀察組，不能列實際操作組,暫不納入進場候選
2026-06-05,2026-06-05,3026,禾伸堂,,reject,54.68,lower_priority,strong_uptrend,,626.0,0.64,1628307,0.46,629.33,633.0,485.0,304.39,181.95,145.91,-0.53,-1.11,29.07,6.79,250.5,149.9,籌碼未確認,均線分數 65，價格相對主要均線檢查完成；頸線 250.50，第二底不破/假跌破檢查 True；沒有籌碼資料，僅能列入技術觀察，不列最高優先；沒有結構，不做；沒有足夠成交量，不列最高優先；籌碼未確認偏多，只能列觀察組，不能列實際操作組,暫不納入進場候選
2026-06-05,2026-06-05,1597,直得,,reject,54.67,lower_priority,constructive,,167.5,-2.9,2744651,0.7,168.83,177.0,181.81,136.97,98.94,92.86,-0.79,-5.37,-7.87,-5.42,112.5,48.89,籌碼未確認,均線分數 65，價格相對主要均線檢查完成；頸線 112.50，第二底不破/假跌破檢查 True；沒有籌碼資料，僅能列入技術觀察，不列最高優先；沒有結構，不做；沒有足夠成交量，不列最高優先；籌碼未確認偏多，只能列觀察組，不能列實際操作組,暫不納入進場候選
2026-06-05,2026-06-05,6770,力積電,,reject,53.96,lower_priority,strong_uptrend,,74.6,-7.9,105903721,0.38,80.07,82.16,69.92,62.41,53.53,40.48,-6.83,-9.2,6.69,0.87,59.1,26.23,籌碼未確認,均線分數 65，價格相對主要均線檢查完成；頸線 59.10，第二底不破/假跌破檢查 True；沒有籌碼資料，僅能列入技術觀察，不列最高優先；沒有結構，不做；沒有足夠成交量，不列最高優先；籌碼未確認偏多，只能列觀察組，不能列實際操作組,暫不納入進場候選
2026-06-05,2026-06-05,3048,益登,,reject,53.65,lower_priority,strong_uptrend,,66.3,-2.21,7305310,0.35,67.77,70.14,62.51,47.57,42.49,38.79,-2.16,-5.47,6.07,-0.71,41.2,60.92,籌碼未確認,均線分數 65，價格相對主要均線檢查完成；頸線 41.20，第二底不破/假跌破檢查 True；沒有籌碼資料，僅能列入技術觀察，不列最高優先；沒有結構，不做；沒有足夠成交量，不列最高優先；籌碼未確認偏多，只能列觀察組，不能列實際操作組,暫不納入進場候選
2026-06-05,2026-06-05,2375,凱美,,reject,52.33,lower_priority,strong_uptrend,,156.0,7.59,3597799,0.22,152.17,157.25,127.43,99.48,94.71,83.46,2.52,-0.79,22.42,1.36,82.9,88.18,籌碼未確認,均線分數 65，價格相對主要均線檢查完成；頸線 82.90，第二底不破/假跌破檢查 True；沒有籌碼資料，僅能列入技術觀察，不列最高優先；沒有結構，不做；沒有足夠成交量，不列最高優先；籌碼未確認偏多，只能列觀察組，不能列實際操作組,暫不納入進場候選
2026-06-05,2026-05-13,6205,詮欣,6205 詮欣,reject,51.14,lower_priority,constructive,,80.4,-6.4,3265504,0.35,84.13,89.35,83.33,65.48,53.24,49.92,-4.44,-10.02,-3.51,-1.45,55.2,45.65,籌碼未確認,均線分數 65，價格相對主要均線檢查完成；頸線 55.20，第二底不破/假跌破檢查 True；沒有籌碼資料，僅能列入技術觀察，不列最高優先；沒有結構，不做；沒有足夠成交量，不列最高優先；籌碼未確認偏多，只能列觀察組，不能列實際操作組,暫不納入進場候選
2026-06-05,2026-05-13,2313,華通,,reject,51.04,lower_priority,constructive,,237.0,-8.85,94311586,1.19,246.33,254.38,248.36,237.1,155.99,121.89,-3.79,-6.83,-4.57,-1.41,294.0,-19.39,籌碼未確認,均線分數 65，價格相對主要均線檢查完成；N 字關鍵位 294.00，量縮回檔 True；沒有籌碼資料，僅能列入技術觀察，不列最高優先；沒有結構，不做；沒有足夠成交量，不列最高優先；籌碼未確認偏多，只能列觀察組，不能列實際操作組,暫不納入進場候選
2026-06-05,2026-05-13,8046,南電,,reject,50.89,lower_priority,strong_uptrend,,880.0,-2.22,11705998,0.58,896.0,926.5,856.29,657.51,427.77,325.71,-1.79,-5.02,2.77,-15.07,1035.0,-14.98,籌碼未確認,均線分數 65，價格相對主要均線檢查完成；N 字關鍵位 1035.00，量縮回檔 False；沒有籌碼資料，僅能列入技術觀察，不列最高優先；沒有結構，不做；沒有足夠成交量，不列最高優先；籌碼未確認偏多，只能列觀察組，不能列實際操作組,暫不納入進場候選
2026-06-05,2026-06-05,6141,柏承,,reject,49.79,lower_priority,strong_uptrend,,38.5,-2.28,2195329,0.57,39.3,41.39,35.6,30.53,19.16,16.67,-2.04,-6.99,8.14,0.03,28.25,36.28,籌碼未確認,均線分數 65，價格相對主要均線檢查完成；頸線 28.25，第二底不破/假跌破檢查 False；沒有籌碼資料，僅能列入技術觀察，不列最高優先；沒有結構，不做；沒有足夠成交量，不列最高優先；籌碼未確認偏多，只能列觀察組，不能列實際操作組,暫不納入進場候選
2026-06-06,2026-06-05,3450,聯鈞,,hold,85.0,secondary_watchlist,strong_uptrend,w_pattern,501.0,-3.65,18582167,1.71,523.0,516.06,468.67,367.84,300.85,270.3,-4.21,-2.92,6.9,0.65,323.5,54.87,籌碼未確認,均線分數 100，價格相對主要均線檢查完成；頸線 323.50，第二底不破/假跌破檢查 True；沒有籌碼資料，僅能列入技術觀察，不列最高優先；籌碼未確認偏多，只能列觀察組，不能列實際操作組,優先追蹤，等待5K切入點與60K MACD確認
2026-06-06,2026-06-05,6282,6282,,hold,85.0,secondary_watchlist,strong_uptrend,w_pattern,63.8,-9.89,112200882,1.69,66.33,63.1,57.49,51.69,47.73,40.88,-3.82,1.11,10.98,0.84,49.6,28.63,籌碼未確認,均線分數 100，價格相對主要均線檢查完成；頸線 49.60，第二底不破/假跌破檢查 True；沒有籌碼資料，僅能列入技術觀察，不列最高優先；籌碼未確認偏多，只能列觀察組，不能列實際操作組,優先追蹤，等待5K切入點與60K MACD確認
2026-06-06,2026-06-05,3033,威健,,hold,84.88,secondary_watchlist,strong_uptrend,w_pattern,51.8,3.6,31786361,1.49,50.48,50.14,48.83,40.15,34.2,32.97,2.61,3.32,6.08,-0.44,35.8,44.69,籌碼未確認,均線分數 100，價格相對主要均線檢查完成；頸線 35.80，第二底不破/假跌破檢查 True；沒有籌碼資料，僅能列入技術觀察，不列最高優先；籌碼未確認偏多，只能列觀察組，不能列實際操作組,觀察，不追高
2026-06-06,2026-06-05,2406,2406,,hold,84.47,secondary_watchlist,strong_uptrend,w_pattern,34.65,-10.0,26591224,1.45,37.05,35.7,33.75,33.28,28.93,24.72,-6.48,-2.94,2.67,0.4,30.25,14.55,籌碼未確認,均線分數 100，價格相對主要均線檢查完成；頸線 30.25，第二底不破/假跌破檢查 True；沒有籌碼資料，僅能列入技術觀察，不列最高優先；籌碼未確認偏多，只能列觀察組，不能列實際操作組,觀察，不追高
2026-06-06,2026-05-13,4958,臻鼎-KY,,hold,82.28,secondary_watchlist,strong_uptrend,ma_bloom,442.5,8.72,72787309,1.23,420.5,420.06,360.52,264.66,197.33,173.51,5.23,5.34,22.74,0.44,420.5,5.23,籌碼未確認,均線分數 100，價格相對主要均線檢查完成；日線 3MA>8MA>21MA True，短均斜率向上 True，站上3MA True；沒有籌碼資料，僅能列入技術觀察，不列最高優先；籌碼未確認偏多，只能列觀察組，不能列實際操作組,觀察，不追高
2026-06-06,2026-06-05,3057,喬鼎,,reject,75.69,secondary_watchlist,strong_uptrend,,21.9,-7.01,515702,1.07,22.67,21.64,20.42,18.93,17.55,16.55,-3.38,1.21,7.24,0.25,19.4,12.89,籌碼未確認,均線分數 100，價格相對主要均線檢查完成；頸線 19.40，第二底不破/假跌破檢查 True；沒有籌碼資料，僅能列入技術觀察，不列最高優先；沒有結構，不做；沒有足夠成交量，不列最高優先；籌碼未確認偏多，只能列觀察組，不能列實際操作組,暫不納入進場候選
2026-06-06,2026-06-05,3704,3704,,reject,74.91,secondary_watchlist,strong_uptrend,,47.7,0.0,6512942,0.99,48.15,47.02,42.12,37.49,35.55,33.75,-0.93,1.44,13.24,0.45,36.3,31.4,籌碼未確認,均線分數 100，價格相對主要均線檢查完成；頸線 36.30，第二底不破/假跌破檢查 True；沒有籌碼資料，僅能列入技術觀察，不列最高優先；沒有結構，不做；沒有足夠成交量，不列最高優先；籌碼未確認偏多，只能列觀察組，不能列實際操作組,暫不納入進場候選
2026-06-06,2026-06-05,2478,大毅,,reject,71.98,secondary_watchlist,strong_uptrend,,150.0,9.09,4260722,0.6,141.5,137.19,112.2,84.51,71.62,61.74,6.01,9.34,33.7,2.31,139.0,7.91,籌碼未確認,均線分數 100，價格相對主要均線檢查完成；N 字關鍵位 139.00，量縮回檔 False；沒有籌碼資料，僅能列入技術觀察，不列最高優先；沒有結構，不做；沒有足夠成交量，不列最高優先；籌碼未確認偏多，只能列觀察組，不能列實際操作組,暫不納入進場候選
2026-06-06,2026-06-05,2492,華新科,,reject,69.16,secondary_watchlist,strong_uptrend,,416.0,6.12,4291608,0.32,410.33,406.0,298.95,196.92,153.65,129.13,1.38,2.46,39.15,8.71,411.5,1.09,籌碼未確認,均線分數 100，價格相對主要均線檢查完成；N 字關鍵位 411.50，量縮回檔 False；沒有籌碼資料，僅能列入技術觀察，不列最高優先；沒有結構，不做；沒有足夠成交量，不列最高優先；籌碼未確認偏多，只能列觀察組，不能列實際操作組,暫不納入進場候選
2026-06-06,2026-06-05,4916,事欣科,,reject,68.49,secondary_watchlist,strong_uptrend,,120.0,-2.04,3218920,0.25,122.33,114.3,93.18,73.5,63.12,59.9,-1.91,4.99,28.78,2.4,112.5,6.67,籌碼未確認,均線分數 100，價格相對主要均線檢查完成；N 字關鍵位 112.50，量縮回檔 False；沒有籌碼資料，僅能列入技術觀察，不列最高優先；沒有結構，不做；沒有足夠成交量，不列最高優先；籌碼未確認偏多，只能列觀察組，不能列實際操作組,暫不納入進場候選
2026-06-06,2026-06-05,3481,群創,,reject,68.19,secondary_watchlist,strong_uptrend,,53.7,-3.76,171208516,0.22,56.3,53.6,44.2,32.76,24.25,19.92,-4.62,0.19,21.5,0.83,52.2,2.87,籌碼未確認,均線分數 100，價格相對主要均線檢查完成；N 字關鍵位 52.20，量縮回檔 False；沒有籌碼資料，僅能列入技術觀察，不列最高優先；沒有結構，不做；沒有足夠成交量，不列最高優先；籌碼未確認偏多，只能列觀察組，不能列實際操作組,暫不納入進場候選
2026-06-06,2026-05-13,3037,欣興,,hold,67.97,secondary_watchlist,strong_uptrend,w_pattern,892.0,1.94,26678000,1.28,876.0,876.75,785.19,608.31,369.26,277.49,1.83,1.74,13.6,-3.39,538.0,65.8,籌碼未確認,均線分數 65，價格相對主要均線檢查完成；頸線 538.00，第二底不破/假跌破檢查 True；沒有籌碼資料，僅能列入技術觀察，不列最高優先；籌碼未確認偏多，只能列觀察組，不能列實際操作組,觀察，不追高
2026-06-06,2026-06-05,2484,希華,,reject,58.06,secondary_watchlist,strong_uptrend,,52.8,3.94,17628207,0.79,52.7,53.16,47.1,40.0,29.98,26.84,0.19,-0.68,12.11,0.03,47.6,10.92,籌碼未確認,均線分數 65，價格相對主要均線檢查完成；頸線 47.60，第二底不破/假跌破檢查 True；沒有籌碼資料，僅能列入技術觀察，不列最高優先；沒有結構，不做；沒有足夠成交量，不列最高優先；籌碼未確認偏多，只能列觀察組，不能列實際操作組,暫不納入進場候選
2026-06-06,2026-06-05,8150,南茂,,reject,57.49,secondary_watchlist,strong_uptrend,,96.8,-2.32,33796690,0.74,97.23,100.84,89.96,75.43,60.72,48.09,-0.45,-4.0,7.6,0.33,71.8,34.82,籌碼未確認,均線分數 65，價格相對主要均線檢查完成；頸線 71.80，第二底不破/假跌破檢查 True；沒有籌碼資料，僅能列入技術觀察，不列最高優先；沒有結構，不做；沒有足夠成交量，不列最高優先；籌碼未確認偏多，只能列觀察組，不能列實際操作組,暫不納入進場候選
2026-06-06,2026-06-05,2464,盟立,,reject,56.51,secondary_watchlist,strong_uptrend,,165.0,-2.94,14543616,0.64,170.17,178.0,149.9,108.79,81.76,75.11,-3.04,-7.3,10.07,-0.39,86.9,89.87,籌碼未確認,均線分數 65，價格相對主要均線檢查完成；頸線 86.90，第二底不破/假跌破檢查 True；沒有籌碼資料，僅能列入技術觀察，不列最高優先；沒有結構，不做；沒有足夠成交量，不列最高優先；籌碼未確認偏多，只能列觀察組，不能列實際操作組,暫不納入進場候選
2026-06-06,2026-06-05,1597,直得,,reject,54.57,lower_priority,constructive,,167.5,-2.9,2705411,0.69,168.83,177.0,181.81,136.97,98.94,92.86,-0.79,-5.37,-7.87,-5.42,112.5,48.89,籌碼未確認,均線分數 65，價格相對主要均線檢查完成；頸線 112.50，第二底不破/假跌破檢查 True；沒有籌碼資料，僅能列入技術觀察，不列最高優先；沒有結構，不做；沒有足夠成交量，不列最高優先；籌碼未確認偏多，只能列觀察組，不能列實際操作組,暫不納入進場候選
2026-06-06,2026-06-05,3026,禾伸堂,,reject,54.49,lower_priority,strong_uptrend,,626.0,0.64,1557268,0.44,629.33,633.0,485.0,304.39,181.95,145.91,-0.53,-1.11,29.07,6.79,250.5,149.9,籌碼未確認,均線分數 65，價格相對主要均線檢查完成；頸線 250.50，第二底不破/假跌破檢查 True；沒有籌碼資料，僅能列入技術觀察，不列最高優先；沒有結構，不做；沒有足夠成交量，不列最高優先；籌碼未確認偏多，只能列觀察組，不能列實際操作組,暫不納入進場候選
2026-06-06,2026-06-05,6770,力積電,,reject,53.9,lower_priority,strong_uptrend,,74.6,-7.9,104020476,0.38,80.07,82.16,69.92,62.41,53.53,40.48,-6.83,-9.2,6.69,0.87,59.1,26.23,籌碼未確認,均線分數 65，價格相對主要均線檢查完成；頸線 59.10，第二底不破/假跌破檢查 True；沒有籌碼資料，僅能列入技術觀察，不列最高優先；沒有結構，不做；沒有足夠成交量，不列最高優先；籌碼未確認偏多，只能列觀察組，不能列實際操作組,暫不納入進場候選
2026-06-06,2026-06-05,3048,益登,,reject,53.62,lower_priority,strong_uptrend,,66.3,-2.21,7233906,0.35,67.77,70.14,62.51,47.57,42.49,38.79,-2.16,-5.47,6.07,-0.71,41.2,60.92,籌碼未確認,均線分數 65，價格相對主要均線檢查完成；頸線 41.20，第二底不破/假跌破檢查 True；沒有籌碼資料，僅能列入技術觀察，不列最高優先；沒有結構，不做；沒有足夠成交量，不列最高優先；籌碼未確認偏多，只能列觀察組，不能列實際操作組,暫不納入進場候選
2026-06-06,2026-06-05,2375,凱美,,reject,52.28,lower_priority,strong_uptrend,,156.0,7.59,3459842,0.22,152.17,157.25,127.43,99.48,94.71,83.46,2.52,-0.79,22.42,1.36,82.9,88.18,籌碼未確認,均線分數 65，價格相對主要均線檢查完成；頸線 82.90，第二底不破/假跌破檢查 True；沒有籌碼資料，僅能列入技術觀察，不列最高優先；沒有結構，不做；沒有足夠成交量，不列最高優先；籌碼未確認偏多，只能列觀察組，不能列實際操作組,暫不納入進場候選
2026-06-06,2026-05-13,6205,詮欣,6205 詮欣,reject,51.14,lower_priority,constructive,,80.4,-6.4,3265504,0.35,84.13,89.35,83.33,65.48,53.24,49.92,-4.44,-10.02,-3.51,-1.45,55.2,45.65,籌碼未確認,均線分數 65，價格相對主要均線檢查完成；頸線 55.20，第二底不破/假跌破檢查 True；沒有籌碼資料，僅能列入技術觀察，不列最高優先；沒有結構，不做；沒有足夠成交量，不列最高優先；籌碼未確認偏多，只能列觀察組，不能列實際操作組,暫不納入進場候選
2026-06-06,2026-05-13,2313,華通,,reject,51.04,lower_priority,constructive,,237.0,-8.85,94311586,1.19,246.33,254.38,248.36,237.1,155.99,121.89,-3.79,-6.83,-4.57,-1.41,294.0,-19.39,籌碼未確認,均線分數 65，價格相對主要均線檢查完成；N 字關鍵位 294.00，量縮回檔 True；沒有籌碼資料，僅能列入技術觀察，不列最高優先；沒有結構，不做；沒有足夠成交量，不列最高優先；籌碼未確認偏多，只能列觀察組，不能列實際操作組,暫不納入進場候選
2026-06-06,2026-05-13,8046,南電,,reject,50.89,lower_priority,strong_uptrend,,880.0,-2.22,11705998,0.58,896.0,926.5,856.29,657.51,427.77,325.71,-1.79,-5.02,2.77,-15.07,1035.0,-14.98,籌碼未確認,均線分數 65，價格相對主要均線檢查完成；N 字關鍵位 1035.00，量縮回檔 False；沒有籌碼資料，僅能列入技術觀察，不列最高優先；沒有結構，不做；沒有足夠成交量，不列最高優先；籌碼未確認偏多，只能列觀察組，不能列實際操作組,暫不納入進場候選
2026-06-06,2026-06-05,6141,柏承,,reject,49.75,lower_priority,strong_uptrend,,38.5,-2.28,2179000,0.56,39.3,41.39,35.6,30.53,19.16,16.67,-2.04,-6.99,8.14,0.03,28.25,36.28,籌碼未確認,均線分數 65，價格相對主要均線檢查完成；頸線 28.25，第二底不破/假跌破檢查 False；沒有籌碼資料，僅能列入技術觀察，不列最高優先；沒有結構，不做；沒有足夠成交量，不列最高優先；籌碼未確認偏多，只能列觀察組，不能列實際操作組,暫不納入進場候選
2026-06-07,2026-06-05,3450,聯鈞,,hold,85.0,secondary_watchlist,strong_uptrend,w_pattern,501.0,-3.65,18582167,1.71,523.0,516.06,468.67,367.84,300.85,270.3,-4.21,-2.92,6.9,0.65,323.5,54.87,籌碼未確認,均線分數 100，價格相對主要均線檢查完成；頸線 323.50，第二底不破/假跌破檢查 True；沒有籌碼資料，僅能列入技術觀察，不列最高優先；籌碼未確認偏多，只能列觀察組，不能列實際操作組,優先追蹤，等待5K切入點與60K MACD確認
2026-06-07,2026-06-05,6282,6282,,hold,85.0,secondary_watchlist,strong_uptrend,w_pattern,63.8,-9.89,112200882,1.69,66.33,63.1,57.49,51.69,47.73,40.88,-3.82,1.11,10.98,0.84,49.6,28.63,籌碼未確認,均線分數 100，價格相對主要均線檢查完成；頸線 49.60，第二底不破/假跌破檢查 True；沒有籌碼資料，僅能列入技術觀察，不列最高優先；籌碼未確認偏多，只能列觀察組，不能列實際操作組,優先追蹤，等待5K切入點與60K MACD確認
2026-06-07,2026-06-05,3033,威健,,hold,84.88,secondary_watchlist,strong_uptrend,w_pattern,51.8,3.6,31786361,1.49,50.48,50.14,48.83,40.15,34.2,32.97,2.61,3.32,6.08,-0.44,35.8,44.69,籌碼未確認,均線分數 100，價格相對主要均線檢查完成；頸線 35.80，第二底不破/假跌破檢查 True；沒有籌碼資料，僅能列入技術觀察，不列最高優先；籌碼未確認偏多，只能列觀察組，不能列實際操作組,觀察，不追高
2026-06-07,2026-06-05,2406,2406,,hold,84.47,secondary_watchlist,strong_uptrend,w_pattern,34.65,-10.0,26591224,1.45,37.05,35.7,33.75,33.28,28.93,24.72,-6.48,-2.94,2.67,0.4,30.25,14.55,籌碼未確認,均線分數 100，價格相對主要均線檢查完成；頸線 30.25，第二底不破/假跌破檢查 True；沒有籌碼資料，僅能列入技術觀察，不列最高優先；籌碼未確認偏多，只能列觀察組，不能列實際操作組,觀察，不追高
2026-06-07,2026-05-13,4958,臻鼎-KY,,hold,82.28,secondary_watchlist,strong_uptrend,ma_bloom,442.5,8.72,72787309,1.23,420.5,420.06,360.52,264.66,197.33,173.51,5.23,5.34,22.74,0.44,420.5,5.23,籌碼未確認,均線分數 100，價格相對主要均線檢查完成；日線 3MA>8MA>21MA True，短均斜率向上 True，站上3MA True；沒有籌碼資料，僅能列入技術觀察，不列最高優先；籌碼未確認偏多，只能列觀察組，不能列實際操作組,觀察，不追高
2026-06-07,2026-06-05,3057,喬鼎,,reject,75.69,secondary_watchlist,strong_uptrend,,21.9,-7.01,515702,1.07,22.67,21.64,20.42,18.93,17.55,16.55,-3.38,1.21,7.24,0.25,19.4,12.89,籌碼未確認,均線分數 100，價格相對主要均線檢查完成；頸線 19.40，第二底不破/假跌破檢查 True；沒有籌碼資料，僅能列入技術觀察，不列最高優先；沒有結構，不做；沒有足夠成交量，不列最高優先；籌碼未確認偏多，只能列觀察組，不能列實際操作組,暫不納入進場候選
2026-06-07,2026-06-05,3704,3704,,reject,74.91,secondary_watchlist,strong_uptrend,,47.7,0.0,6512942,0.99,48.15,47.02,42.12,37.49,35.55,33.75,-0.93,1.44,13.24,0.45,36.3,31.4,籌碼未確認,均線分數 100，價格相對主要均線檢查完成；頸線 36.30，第二底不破/假跌破檢查 True；沒有籌碼資料，僅能列入技術觀察，不列最高優先；沒有結構，不做；沒有足夠成交量，不列最高優先；籌碼未確認偏多，只能列觀察組，不能列實際操作組,暫不納入進場候選
2026-06-07,2026-06-05,2478,大毅,,reject,71.98,secondary_watchlist,strong_uptrend,,150.0,9.09,4260722,0.6,141.5,137.19,112.2,84.51,71.62,61.74,6.01,9.34,33.7,2.31,139.0,7.91,籌碼未確認,均線分數 100，價格相對主要均線檢查完成；N 字關鍵位 139.00，量縮回檔 False；沒有籌碼資料，僅能列入技術觀察，不列最高優先；沒有結構，不做；沒有足夠成交量，不列最高優先；籌碼未確認偏多，只能列觀察組，不能列實際操作組,暫不納入進場候選
2026-06-07,2026-06-05,2492,華新科,,reject,69.16,secondary_watchlist,strong_uptrend,,416.0,6.12,4291608,0.32,410.33,406.0,298.95,196.92,153.65,129.13,1.38,2.46,39.15,8.71,411.5,1.09,籌碼未確認,均線分數 100，價格相對主要均線檢查完成；N 字關鍵位 411.50，量縮回檔 False；沒有籌碼資料，僅能列入技術觀察，不列最高優先；沒有結構，不做；沒有足夠成交量，不列最高優先；籌碼未確認偏多，只能列觀察組，不能列實際操作組,暫不納入進場候選
2026-06-07,2026-06-05,4916,事欣科,,reject,68.49,secondary_watchlist,strong_uptrend,,120.0,-2.04,3218920,0.25,122.33,114.3,93.18,73.5,63.12,59.9,-1.91,4.99,28.78,2.4,112.5,6.67,籌碼未確認,均線分數 100，價格相對主要均線檢查完成；N 字關鍵位 112.50，量縮回檔 False；沒有籌碼資料，僅能列入技術觀察，不列最高優先；沒有結構，不做；沒有足夠成交量，不列最高優先；籌碼未確認偏多，只能列觀察組，不能列實際操作組,暫不納入進場候選
2026-06-07,2026-06-05,3481,群創,,reject,68.19,secondary_watchlist,strong_uptrend,,53.7,-3.76,171208516,0.22,56.3,53.6,44.2,32.76,24.25,19.92,-4.62,0.19,21.5,0.83,52.2,2.87,籌碼未確認,均線分數 100，價格相對主要均線檢查完成；N 字關鍵位 52.20，量縮回檔 False；沒有籌碼資料，僅能列入技術觀察，不列最高優先；沒有結構，不做；沒有足夠成交量，不列最高優先；籌碼未確認偏多，只能列觀察組，不能列實際操作組,暫不納入進場候選
2026-06-07,2026-05-13,3037,欣興,,hold,67.97,secondary_watchlist,strong_uptrend,w_pattern,892.0,1.94,26678000,1.28,876.0,876.75,785.19,608.31,369.26,277.49,1.83,1.74,13.6,-3.39,538.0,65.8,籌碼未確認,均線分數 65，價格相對主要均線檢查完成；頸線 538.00，第二底不破/假跌破檢查 True；沒有籌碼資料，僅能列入技術觀察，不列最高優先；籌碼未確認偏多，只能列觀察組，不能列實際操作組,觀察，不追高
2026-06-07,2026-06-05,2484,希華,,reject,58.06,secondary_watchlist,strong_uptrend,,52.8,3.94,17628207,0.79,52.7,53.16,47.1,40.0,29.98,26.84,0.19,-0.68,12.11,0.03,47.6,10.92,籌碼未確認,均線分數 65，價格相對主要均線檢查完成；頸線 47.60，第二底不破/假跌破檢查 True；沒有籌碼資料，僅能列入技術觀察，不列最高優先；沒有結構，不做；沒有足夠成交量，不列最高優先；籌碼未確認偏多，只能列觀察組，不能列實際操作組,暫不納入進場候選
2026-06-07,2026-06-05,8150,南茂,,reject,57.49,secondary_watchlist,strong_uptrend,,96.8,-2.32,33796690,0.74,97.23,100.84,89.96,75.43,60.72,48.09,-0.45,-4.0,7.6,0.33,71.8,34.82,籌碼未確認,均線分數 65，價格相對主要均線檢查完成；頸線 71.80，第二底不破/假跌破檢查 True；沒有籌碼資料，僅能列入技術觀察，不列最高優先；沒有結構，不做；沒有足夠成交量，不列最高優先；籌碼未確認偏多，只能列觀察組，不能列實際操作組,暫不納入進場候選
2026-06-07,2026-06-05,2464,盟立,,reject,56.51,secondary_watchlist,strong_uptrend,,165.0,-2.94,14543616,0.64,170.17,178.0,149.9,108.79,81.76,75.11,-3.04,-7.3,10.07,-0.39,86.9,89.87,籌碼未確認,均線分數 65，價格相對主要均線檢查完成；頸線 86.90，第二底不破/假跌破檢查 True；沒有籌碼資料，僅能列入技術觀察，不列最高優先；沒有結構，不做；沒有足夠成交量，不列最高優先；籌碼未確認偏多，只能列觀察組，不能列實際操作組,暫不納入進場候選
2026-06-07,2026-06-05,1597,直得,,reject,54.57,lower_priority,constructive,,167.5,-2.9,2705411,0.69,168.83,177.0,181.81,136.97,98.94,92.86,-0.79,-5.37,-7.87,-5.42,112.5,48.89,籌碼未確認,均線分數 65，價格相對主要均線檢查完成；頸線 112.50，第二底不破/假跌破檢查 True；沒有籌碼資料，僅能列入技術觀察，不列最高優先；沒有結構，不做；沒有足夠成交量，不列最高優先；籌碼未確認偏多，只能列觀察組，不能列實際操作組,暫不納入進場候選
2026-06-07,2026-06-05,3026,禾伸堂,,reject,54.49,lower_priority,strong_uptrend,,626.0,0.64,1557268,0.44,629.33,633.0,485.0,304.39,181.95,145.91,-0.53,-1.11,29.07,6.79,250.5,149.9,籌碼未確認,均線分數 65，價格相對主要均線檢查完成；頸線 250.50，第二底不破/假跌破檢查 True；沒有籌碼資料，僅能列入技術觀察，不列最高優先；沒有結構，不做；沒有足夠成交量，不列最高優先；籌碼未確認偏多，只能列觀察組，不能列實際操作組,暫不納入進場候選
2026-06-07,2026-06-05,6770,力積電,,reject,53.9,lower_priority,strong_uptrend,,74.6,-7.9,104020476,0.38,80.07,82.16,69.92,62.41,53.53,40.48,-6.83,-9.2,6.69,0.87,59.1,26.23,籌碼未確認,均線分數 65，價格相對主要均線檢查完成；頸線 59.10，第二底不破/假跌破檢查 True；沒有籌碼資料，僅能列入技術觀察，不列最高優先；沒有結構，不做；沒有足夠成交量，不列最高優先；籌碼未確認偏多，只能列觀察組，不能列實際操作組,暫不納入進場候選
2026-06-07,2026-06-05,3048,益登,,reject,53.62,lower_priority,strong_uptrend,,66.3,-2.21,7233906,0.35,67.77,70.14,62.51,47.57,42.49,38.79,-2.16,-5.47,6.07,-0.71,41.2,60.92,籌碼未確認,均線分數 65，價格相對主要均線檢查完成；頸線 41.20，第二底不破/假跌破檢查 True；沒有籌碼資料，僅能列入技術觀察，不列最高優先；沒有結構，不做；沒有足夠成交量，不列最高優先；籌碼未確認偏多，只能列觀察組，不能列實際操作組,暫不納入進場候選
2026-06-07,2026-06-05,2375,凱美,,reject,52.28,lower_priority,strong_uptrend,,156.0,7.59,3459842,0.22,152.17,157.25,127.43,99.48,94.71,83.46,2.52,-0.79,22.42,1.36,82.9,88.18,籌碼未確認,均線分數 65，價格相對主要均線檢查完成；頸線 82.90，第二底不破/假跌破檢查 True；沒有籌碼資料，僅能列入技術觀察，不列最高優先；沒有結構，不做；沒有足夠成交量，不列最高優先；籌碼未確認偏多，只能列觀察組，不能列實際操作組,暫不納入進場候選
2026-06-07,2026-05-13,6205,詮欣,6205 詮欣,reject,51.14,lower_priority,constructive,,80.4,-6.4,3265504,0.35,84.13,89.35,83.33,65.48,53.24,49.92,-4.44,-10.02,-3.51,-1.45,55.2,45.65,籌碼未確認,均線分數 65，價格相對主要均線檢查完成；頸線 55.20，第二底不破/假跌破檢查 True；沒有籌碼資料，僅能列入技術觀察，不列最高優先；沒有結構，不做；沒有足夠成交量，不列最高優先；籌碼未確認偏多，只能列觀察組，不能列實際操作組,暫不納入進場候選
2026-06-07,2026-05-13,2313,華通,,reject,51.04,lower_priority,constructive,,237.0,-8.85,94311586,1.19,246.33,254.38,248.36,237.1,155.99,121.89,-3.79,-6.83,-4.57,-1.41,294.0,-19.39,籌碼未確認,均線分數 65，價格相對主要均線檢查完成；N 字關鍵位 294.00，量縮回檔 True；沒有籌碼資料，僅能列入技術觀察，不列最高優先；沒有結構，不做；沒有足夠成交量，不列最高優先；籌碼未確認偏多，只能列觀察組，不能列實際操作組,暫不納入進場候選
2026-06-07,2026-05-13,8046,南電,,reject,50.89,lower_priority,strong_uptrend,,880.0,-2.22,11705998,0.58,896.0,926.5,856.29,657.51,427.77,325.71,-1.79,-5.02,2.77,-15.07,1035.0,-14.98,籌碼未確認,均線分數 65，價格相對主要均線檢查完成；N 字關鍵位 1035.00，量縮回檔 False；沒有籌碼資料，僅能列入技術觀察，不列最高優先；沒有結構，不做；沒有足夠成交量，不列最高優先；籌碼未確認偏多，只能列觀察組，不能列實際操作組,暫不納入進場候選
2026-06-07,2026-06-05,6141,柏承,,reject,49.75,lower_priority,strong_uptrend,,38.5,-2.28,2179000,0.56,39.3,41.39,35.6,30.53,19.16,16.67,-2.04,-6.99,8.14,0.03,28.25,36.28,籌碼未確認,均線分數 65，價格相對主要均線檢查完成；頸線 28.25，第二底不破/假跌破檢查 False；沒有籌碼資料，僅能列入技術觀察，不列最高優先；沒有結構，不做；沒有足夠成交量，不列最高優先；籌碼未確認偏多，只能列觀察組，不能列實際操作組,暫不納入進場候選
2026-06-08,2026-05-13,4958,臻鼎-KY,,hold,82.28,secondary_watchlist,strong_uptrend,ma_bloom,442.5,8.72,72787309,1.23,420.5,420.06,360.52,264.66,197.33,173.51,5.23,5.34,22.74,0.44,420.5,5.23,籌碼未確認,均線分數 100，價格相對主要均線檢查完成；日線 3MA>8MA>21MA True，短均斜率向上 True，站上3MA True；沒有籌碼資料，僅能列入技術觀察，不列最高優先；籌碼未確認偏多，只能列觀察組，不能列實際操作組,觀察，不追高
2026-06-08,2026-06-08,3704,3704,,reject,73.99,secondary_watchlist,strong_uptrend,,46.7,-2.1,6109554,0.9,47.37,47.21,42.67,37.71,35.62,33.83,-1.41,-1.07,9.45,0.25,36.3,28.65,籌碼未確認,均線分數 100，價格相對主要均線檢查完成；頸線 36.30，第二底不破/假跌破檢查 True；沒有籌碼資料，僅能列入技術觀察，不列最高優先；沒有結構，不做；沒有足夠成交量，不列最高優先；籌碼未確認偏多，只能列觀察組，不能列實際操作組,暫不納入進場候選
2026-06-08,2026-06-08,3057,喬鼎,,reject,72.8,secondary_watchlist,strong_uptrend,,21.55,-1.6,356791,0.78,22.33,21.8,20.42,19.02,17.61,16.58,-3.51,-1.15,5.54,0.16,19.4,11.08,籌碼未確認,均線分數 100，價格相對主要均線檢查完成；頸線 19.40，第二底不破/假跌破檢查 True；沒有籌碼資料，僅能列入技術觀察，不列最高優先；沒有結構，不做；沒有足夠成交量，不列最高優先；每日成交量低於500張，不操作；籌碼未確認偏多，只能列觀察組，不能列實際操作組,成交量低於500張，不操作
2026-06-08,2026-06-08,6282,6282,,reject,71.94,secondary_watchlist,strong_uptrend,,58.8,-7.84,45112268,0.69,64.47,63.03,57.89,51.8,47.82,41.03,-8.79,-6.7,1.58,0.24,49.6,18.55,籌碼未確認,均線分數 100，價格相對主要均線檢查完成；頸線 49.60，第二底不破/假跌破檢查 True；沒有籌碼資料，僅能列入技術觀察，不列最高優先；沒有結構，不做；沒有足夠成交量，不列最高優先；籌碼未確認偏多，只能列觀察組，不能列實際操作組,暫不納入進場候選
2026-06-08,2026-06-08,2478,大毅,,reject,71.47,secondary_watchlist,strong_uptrend,,152.0,1.33,3910017,0.55,146.5,141.19,115.71,85.98,72.25,62.21,3.75,7.66,31.36,2.2,146.5,3.75,籌碼未確認,均線分數 100，價格相對主要均線檢查完成；日線 3MA>8MA>21MA True，短均斜率向上 True，站上3MA True；沒有籌碼資料，僅能列入技術觀察，不列最高優先；沒有結構，不做；沒有足夠成交量，不列最高優先；籌碼未確認偏多，只能列觀察組，不能列實際操作組,暫不納入進場候選
2026-06-08,2026-06-08,2484,希華,,hold,70.12,secondary_watchlist,strong_uptrend,w_pattern,55.3,4.73,35392014,1.51,52.97,53.5,47.74,40.5,30.21,26.99,4.41,3.36,15.83,0.07,47.6,16.18,籌碼未確認,均線分數 65，價格相對主要均線檢查完成；頸線 47.60，第二底不破/假跌破檢查 True；沒有籌碼資料，僅能列入技術觀察，不列最高優先；籌碼未確認偏多，只能列觀察組，不能列實際操作組,觀察，不追高
2026-06-08,2026-05-13,3037,欣興,,hold,67.97,secondary_watchlist,strong_uptrend,w_pattern,892.0,1.94,26678000,1.28,876.0,876.75,785.19,608.31,369.26,277.49,1.83,1.74,13.6,-3.39,538.0,65.8,籌碼未確認,均線分數 65，價格相對主要均線檢查完成；頸線 538.00，第二底不破/假跌破檢查 True；沒有籌碼資料，僅能列入技術觀察，不列最高優先；籌碼未確認偏多，只能列觀察組，不能列實際操作組,觀察，不追高
2026-06-08,2026-06-08,4916,事欣科,,reject,67.93,secondary_watchlist,strong_uptrend,,116.0,-3.33,3697209,0.29,119.5,116.38,95.75,74.48,63.56,60.22,-2.93,-0.32,21.15,1.53,66.7,73.91,籌碼未確認,均線分數 100，價格相對主要均線檢查完成；頸線 66.70，第二底不破/假跌破檢查 True；沒有籌碼資料，僅能列入技術觀察，不列最高優先；沒有結構，不做；沒有足夠成交量，不列最高優先；籌碼未確認偏多，只能列觀察組，不能列實際操作組,暫不納入進場候選
2026-06-08,2026-06-08,3033,威健,,reject,67.66,secondary_watchlist,strong_uptrend,,47.9,-7.53,10874786,0.52,49.9,49.79,49.02,40.39,34.33,33.04,-4.01,-3.79,-2.29,-0.63,35.8,33.8,籌碼未確認,均線分數 100，價格相對主要均線檢查完成；頸線 35.80，第二底不破/假跌破檢查 True；沒有籌碼資料，僅能列入技術觀察，不列最高優先；沒有結構，不做；沒有足夠成交量，不列最高優先；籌碼未確認偏多，只能列觀察組，不能列實際操作組,暫不納入進場候選
2026-06-08,2026-06-08,3026,禾伸堂,,reject,58.33,secondary_watchlist,strong_uptrend,,601.0,-3.99,1729475,0.82,616.33,632.12,497.9,313.17,185.33,148.16,-2.49,-4.92,20.71,0.96,250.5,139.92,籌碼未確認,均線分數 65，價格相對主要均線檢查完成；頸線 250.50，第二底不破/假跌破檢查 True；沒有籌碼資料，僅能列入技術觀察，不列最高優先；沒有結構，不做；沒有足夠成交量，不列最高優先；籌碼未確認偏多，只能列觀察組，不能列實際操作組,暫不納入進場候選
2026-06-08,2026-06-08,3048,益登,,reject,55.56,secondary_watchlist,strong_uptrend,,66.6,0.45,11030654,0.54,66.9,69.71,63.66,48.02,42.68,38.96,-0.45,-4.46,4.62,-1.02,41.2,61.65,籌碼未確認,均線分數 65，價格相對主要均線檢查完成；頸線 41.20，第二底不破/假跌破檢查 True；沒有籌碼資料，僅能列入技術觀察，不列最高優先；沒有結構，不做；沒有足夠成交量，不列最高優先；籌碼未確認偏多，只能列觀察組，不能列實際操作組,暫不納入進場候選
2026-06-08,2026-06-08,3450,聯鈞,,reject,54.05,lower_priority,constructive,,461.0,-7.98,6203256,0.64,494.0,511.06,471.1,371.12,302.21,271.38,-6.68,-9.8,-2.14,-4.53,323.5,42.5,籌碼未確認,均線分數 65，價格相對主要均線檢查完成；頸線 323.50，第二底不破/假跌破檢查 True；沒有籌碼資料，僅能列入技術觀察，不列最高優先；沒有結構，不做；沒有足夠成交量，不列最高優先；籌碼未確認偏多，只能列觀察組，不能列實際操作組,暫不納入進場候選
2026-06-08,2026-06-08,1597,直得,,reject,53.28,lower_priority,constructive,,155.5,-7.16,2208143,0.57,165.17,171.56,180.98,138.33,99.49,93.17,-5.85,-9.36,-14.08,-6.14,112.5,38.22,籌碼未確認,均線分數 65，價格相對主要均線檢查完成；頸線 112.50，第二底不破/假跌破檢查 True；沒有籌碼資料，僅能列入技術觀察，不列最高優先；沒有結構，不做；沒有足夠成交量，不列最高優先；籌碼未確認偏多，只能列觀察組，不能列實際操作組,暫不納入進場候選
2026-06-08,2026-06-08,2492,華新科,,reject,52.74,lower_priority,strong_uptrend,,400.0,-3.85,3269772,0.26,402.67,410.88,310.57,201.62,155.54,130.51,-0.66,-2.65,28.79,4.94,133.0,200.75,籌碼未確認,均線分數 65，價格相對主要均線檢查完成；頸線 133.00，第二底不破/假跌破檢查 True；沒有籌碼資料，僅能列入技術觀察，不列最高優先；沒有結構，不做；沒有足夠成交量，不列最高優先；籌碼未確認偏多，只能列觀察組，不能列實際操作組,暫不納入進場候選
2026-06-08,2026-06-08,2406,2406,,reject,52.11,lower_priority,constructive,,32.0,-7.65,12766691,0.7,35.05,35.34,33.7,33.19,29.02,24.81,-8.7,-9.44,-5.04,0.06,30.25,5.79,籌碼未確認,均線分數 65，價格相對主要均線檢查完成；頸線 30.25，第二底不破/假跌破檢查 True；沒有籌碼資料，僅能列入技術觀察，不列最高優先；沒有結構，不做；沒有足夠成交量，不列最高優先；籌碼未確認偏多，只能列觀察組，不能列實際操作組,暫不納入進場候選
2026-06-08,2026-06-08,2375,凱美,,reject,51.83,lower_priority,strong_uptrend,,150.0,-3.85,2714551,0.17,150.33,157.62,130.27,100.67,95.08,83.87,-0.22,-4.84,15.14,0.32,82.9,80.94,籌碼未確認,均線分數 65，價格相對主要均線檢查完成；頸線 82.90，第二底不破/假跌破檢查 True；沒有籌碼資料，僅能列入技術觀察，不列最高優先；沒有結構，不做；沒有足夠成交量，不列最高優先；籌碼未確認偏多，只能列觀察組，不能列實際操作組,暫不納入進場候選
2026-06-08,2026-06-08,6770,力積電,,reject,51.38,lower_priority,constructive,,67.5,-9.52,100128140,0.38,74.37,81.25,70.21,62.33,53.77,40.7,-9.23,-16.92,-3.87,-0.27,59.1,14.21,籌碼未確認,均線分數 65，價格相對主要均線檢查完成；頸線 59.10，第二底不破/假跌破檢查 True；沒有籌碼資料，僅能列入技術觀察，不列最高優先；沒有結構，不做；沒有足夠成交量，不列最高優先；籌碼未確認偏多，只能列觀察組，不能列實際操作組,暫不納入進場候選
2026-06-08,2026-06-08,3481,群創,,reject,51.28,lower_priority,strong_uptrend,,48.35,-9.96,88193946,0.12,52.62,53.37,45.1,33.13,24.49,20.08,-8.11,-9.4,7.21,0.11,24.7,95.75,籌碼未確認,均線分數 65，價格相對主要均線檢查完成；頸線 24.70，第二底不破/假跌破檢查 True；沒有籌碼資料，僅能列入技術觀察，不列最高優先；沒有結構，不做；沒有足夠成交量，不列最高優先；籌碼未確認偏多，只能列觀察組，不能列實際操作組,暫不納入進場候選
2026-06-08,2026-05-13,6205,詮欣,6205 詮欣,reject,51.14,lower_priority,constructive,,80.4,-6.4,3265504,0.35,84.13,89.35,83.33,65.48,53.24,49.92,-4.44,-10.02,-3.51,-1.45,55.2,45.65,籌碼未確認,均線分數 65，價格相對主要均線檢查完成；頸線 55.20，第二底不破/假跌破檢查 True；沒有籌碼資料，僅能列入技術觀察，不列最高優先；沒有結構，不做；沒有足夠成交量，不列最高優先；籌碼未確認偏多，只能列觀察組，不能列實際操作組,暫不納入進場候選
2026-06-08,2026-05-13,2313,華通,,reject,51.04,lower_priority,constructive,,237.0,-8.85,94311586,1.19,246.33,254.38,248.36,237.1,155.99,121.89,-3.79,-6.83,-4.57,-1.41,294.0,-19.39,籌碼未確認,均線分數 65，價格相對主要均線檢查完成；N 字關鍵位 294.00，量縮回檔 True；沒有籌碼資料，僅能列入技術觀察，不列最高優先；沒有結構，不做；沒有足夠成交量，不列最高優先；籌碼未確認偏多，只能列觀察組，不能列實際操作組,暫不納入進場候選
2026-06-08,2026-05-13,8046,南電,,reject,50.89,lower_priority,strong_uptrend,,880.0,-2.22,11705998,0.58,896.0,926.5,856.29,657.51,427.77,325.71,-1.79,-5.02,2.77,-15.07,1035.0,-14.98,籌碼未確認,均線分數 65，價格相對主要均線檢查完成；N 字關鍵位 1035.00，量縮回檔 False；沒有籌碼資料，僅能列入技術觀察，不列最高優先；沒有結構，不做；沒有足夠成交量，不列最高優先；籌碼未確認偏多，只能列觀察組，不能列實際操作組,暫不納入進場候選
2026-06-08,2026-06-08,8150,南茂,,reject,49.01,lower_priority,constructive,,87.2,-9.92,6020131,0.14,94.37,100.0,89.7,75.84,61.1,48.35,-7.59,-12.8,-2.79,-0.64,71.8,21.45,籌碼未確認,均線分數 65，價格相對主要均線檢查完成；頸線 71.80，第二底不破/假跌破檢查 True；沒有籌碼資料，僅能列入技術觀察，不列最高優先；沒有結構，不做；沒有足夠成交量，不列最高優先；籌碼未確認偏多，只能列觀察組，不能列實際操作組,暫不納入進場候選
2026-06-08,2026-06-08,2464,盟立,,reject,48.66,lower_priority,constructive,,148.5,-10.0,2218282,0.1,161.17,174.44,151.17,110.04,82.35,75.5,-7.86,-14.87,-1.76,-2.6,94.9,56.48,籌碼未確認,均線分數 65，價格相對主要均線檢查完成；頸線 94.90，第二底不破/假跌破檢查 True；沒有籌碼資料，僅能列入技術觀察，不列最高優先；沒有結構，不做；沒有足夠成交量，不列最高優先；籌碼未確認偏多，只能列觀察組，不能列實際操作組,暫不納入進場候選
2026-06-08,2026-06-08,6141,柏承,,reject,45.52,lower_priority,constructive,,35.5,-7.79,1512185,0.39,37.8,40.92,35.72,30.7,19.33,16.77,-6.08,-13.24,-0.61,-0.35,28.25,25.66,籌碼未確認,均線分數 65，價格相對主要均線檢查完成；頸線 28.25，第二底不破/假跌破檢查 False；沒有籌碼資料，僅能列入技術觀察，不列最高優先；沒有結構，不做；沒有足夠成交量，不列最高優先；籌碼未確認偏多，只能列觀察組，不能列實際操作組,暫不納入進場候選
2026-06-09,2026-06-09,2478,大毅,,hold,85.0,secondary_watchlist,strong_uptrend,w_pattern,167.0,9.87,22299191,2.8,156.33,146.19,119.96,87.71,72.98,62.75,6.82,14.24,39.22,2.83,67.6,147.04,籌碼未確認,均線分數 100，價格相對主要均線檢查完成；頸線 67.60，第二底不破/假跌破檢查 True；沒有籌碼資料，僅能列入技術觀察，不列最高優先；籌碼未確認偏多，只能列觀察組，不能列實際操作組,優先追蹤，等待5K切入點與60K MACD確認
2026-06-09,2026-06-09,2484,希華,,hold,85.0,secondary_watchlist,strong_uptrend,w_pattern,60.8,9.95,60894544,2.34,56.3,54.2,48.75,41.09,30.47,27.16,7.99,12.18,24.72,0.4,47.6,27.73,籌碼未確認,均線分數 100，價格相對主要均線檢查完成；頸線 47.60，第二底不破/假跌破檢查 True；沒有籌碼資料，僅能列入技術觀察，不列最高優先；籌碼未確認偏多，只能列觀察組，不能列實際操作組,優先追蹤，等待5K切入點與60K MACD確認
2026-06-09,2026-05-13,4958,臻鼎-KY,,hold,82.28,secondary_watchlist,strong_uptrend,ma_bloom,442.5,8.72,72787309,1.23,420.5,420.06,360.52,264.66,197.33,173.51,5.23,5.34,22.74,0.44,420.5,5.23,籌碼未確認,均線分數 100，價格相對主要均線檢查完成；日線 3MA>8MA>21MA True，短均斜率向上 True，站上3MA True；沒有籌碼資料，僅能列入技術觀察，不列最高優先；籌碼未確認偏多，只能列觀察組，不能列實際操作組,觀察，不追高
2026-06-09,2026-06-09,3704,3704,,reject,74.73,secondary_watchlist,strong_uptrend,,48.85,4.6,5952668,0.87,47.75,47.64,43.32,37.98,35.72,33.92,2.3,2.53,12.76,0.22,48.3,1.14,籌碼未確認,均線分數 100，價格相對主要均線檢查完成；N 字關鍵位 48.30，量縮回檔 False；沒有籌碼資料，僅能列入技術觀察，不列最高優先；沒有結構，不做；沒有足夠成交量，不列最高優先；籌碼未確認偏多，只能列觀察組，不能列實際操作組,暫不納入進場候選
2026-06-09,2026-06-09,3033,威健,,reject,73.78,secondary_watchlist,strong_uptrend,,51.0,6.47,18573722,0.88,50.23,49.9,49.36,40.67,34.48,33.11,1.53,2.2,3.33,-0.55,35.8,42.46,籌碼未確認,均線分數 100，價格相對主要均線檢查完成；頸線 35.80，第二底不破/假跌破檢查 True；沒有籌碼資料，僅能列入技術觀察，不列最高優先；沒有結構，不做；沒有足夠成交量，不列最高優先；籌碼未確認偏多，只能列觀察組，不能列實際操作組,暫不納入進場候選
2026-06-09,2026-06-08,3057,喬鼎,,reject,72.8,secondary_watchlist,strong_uptrend,,21.55,-1.6,356791,0.78,22.33,21.8,20.42,19.02,17.61,16.58,-3.51,-1.15,5.54,0.16,19.4,11.08,籌碼未確認,均線分數 100，價格相對主要均線檢查完成；頸線 19.40，第二底不破/假跌破檢查 True；沒有籌碼資料，僅能列入技術觀察，不列最高優先；沒有結構，不做；沒有足夠成交量，不列最高優先；每日成交量低於500張，不操作；籌碼未確認偏多，只能列觀察組，不能列實際操作組,成交量低於500張，不操作
2026-06-09,2026-06-09,2492,華新科,,reject,68.86,secondary_watchlist,strong_uptrend,,440.0,10.0,4116054,0.39,418.67,417.12,323.36,207.13,157.74,132.06,5.1,5.48,36.07,4.31,133.0,230.83,籌碼未確認,均線分數 100，價格相對主要均線檢查完成；頸線 133.00，第二底不破/假跌破檢查 True；沒有籌碼資料，僅能列入技術觀察，不列最高優先；沒有結構，不做；沒有足夠成交量，不列最高優先；籌碼未確認偏多，只能列觀察組，不能列實際操作組,暫不納入進場候選
2026-06-09,2026-06-09,8150,南茂,,hold,68.43,secondary_watchlist,strong_uptrend,w_pattern,95.9,9.98,59735339,1.33,93.3,99.11,89.93,76.43,61.54,48.64,2.79,-3.24,6.63,-0.71,71.8,33.57,籌碼未確認,均線分數 65，價格相對主要均線檢查完成；頸線 71.80，第二底不破/假跌破檢查 True；沒有籌碼資料，僅能列入技術觀察，不列最高優先；籌碼未確認偏多，只能列觀察組，不能列實際操作組,觀察，不追高
2026-06-09,2026-05-13,3037,欣興,,hold,67.97,secondary_watchlist,strong_uptrend,w_pattern,892.0,1.94,26678000,1.28,876.0,876.75,785.19,608.31,369.26,277.49,1.83,1.74,13.6,-3.39,538.0,65.8,籌碼未確認,均線分數 65，價格相對主要均線檢查完成；頸線 538.00，第二底不破/假跌破檢查 True；沒有籌碼資料，僅能列入技術觀察，不列最高優先；籌碼未確認偏多，只能列觀察組，不能列實際操作組,觀察，不追高
2026-06-09,2026-06-09,3048,益登,,hold,67.18,secondary_watchlist,strong_uptrend,w_pattern,71.6,7.51,24786207,1.21,68.17,69.64,64.93,48.55,42.91,39.16,5.04,2.82,10.28,-0.9,41.2,73.79,籌碼未確認,均線分數 65，價格相對主要均線檢查完成；頸線 41.20，第二底不破/假跌破檢查 True；沒有籌碼資料，僅能列入技術觀察，不列最高優先；籌碼未確認偏多，只能列觀察組，不能列實際操作組,觀察，不追高
2026-06-09,2026-06-09,6282,6282,,reject,61.11,secondary_watchlist,strong_uptrend,,63.2,7.48,69917998,1.1,61.93,63.71,58.26,52.04,47.95,41.19,2.05,-0.8,8.48,0.1,49.6,27.42,籌碼未確認,均線分數 65，價格相對主要均線檢查完成；頸線 49.60，第二底不破/假跌破檢查 True；沒有籌碼資料，僅能列入技術觀察，不列最高優先；沒有結構，不做；沒有足夠成交量，不列最高優先；籌碼未確認偏多，只能列觀察組，不能列實際操作組,暫不納入進場候選
2026-06-09,2026-06-09,2406,2406,,reject,60.91,secondary_watchlist,strong_uptrend,,35.0,9.38,19995640,1.08,33.88,35.55,33.69,33.17,29.13,24.92,3.3,-1.55,3.89,0.02,30.25,15.7,籌碼未確認,均線分數 65，價格相對主要均線檢查完成；頸線 30.25，第二底不破/假跌破檢查 True；沒有籌碼資料，僅能列入技術觀察，不列最高優先；沒有結構，不做；沒有足夠成交量，不列最高優先；籌碼未確認偏多，只能列觀察組，不能列實際操作組,暫不納入進場候選
2026-06-09,2026-06-09,4916,事欣科,,reject,60.77,secondary_watchlist,strong_uptrend,,119.5,3.02,13580883,1.06,118.5,118.5,98.25,75.49,64.03,60.54,0.84,0.84,21.63,1.02,66.7,79.16,籌碼未確認,均線分數 65，價格相對主要均線檢查完成；頸線 66.70，第二底不破/假跌破檢查 True；沒有籌碼資料，僅能列入技術觀察，不列最高優先；沒有結構，不做；沒有足夠成交量，不列最高優先；籌碼未確認偏多，只能列觀察組，不能列實際操作組,暫不納入進場候選
2026-06-09,2026-06-09,3026,禾伸堂,,reject,59.32,secondary_watchlist,strong_uptrend,,661.0,9.98,1902038,0.92,629.33,639.12,513.69,322.98,189.13,150.67,5.03,3.42,28.68,0.22,250.5,163.87,籌碼未確認,均線分數 65，價格相對主要均線檢查完成；頸線 250.50，第二底不破/假跌破檢查 True；沒有籌碼資料，僅能列入技術觀察，不列最高優先；沒有結構，不做；沒有足夠成交量，不列最高優先；籌碼未確認偏多，只能列觀察組，不能列實際操作組,暫不納入進場候選
2026-06-09,2026-06-09,3450,聯鈞,,reject,57.5,secondary_watchlist,strong_uptrend,,507.0,9.98,6657909,0.74,489.67,514.31,474.86,375.26,303.83,272.65,3.54,-1.42,6.77,-4.99,323.5,56.72,籌碼未確認,均線分數 65，價格相對主要均線檢查完成；頸線 323.50，第二底不破/假跌破檢查 True；沒有籌碼資料，僅能列入技術觀察，不列最高優先；沒有結構，不做；沒有足夠成交量，不列最高優先；籌碼未確認偏多，只能列觀察組，不能列實際操作組,暫不納入進場候選
2026-06-09,2026-06-09,2464,盟立,,reject,56.72,secondary_watchlist,constructive,,150.0,1.01,19653089,0.91,154.5,172.19,152.6,111.37,82.95,75.89,-2.91,-12.89,-1.7,-3.93,94.9,58.06,籌碼未確認,均線分數 65，價格相對主要均線檢查完成；頸線 94.90，第二底不破/假跌破檢查 True；沒有籌碼資料，僅能列入技術觀察，不列最高優先；沒有結構，不做；沒有足夠成交量，不列最高優先；籌碼未確認偏多，只能列觀察組，不能列實際操作組,暫不納入進場候選
2026-06-09,2026-06-09,2375,凱美,,reject,53.33,lower_priority,strong_uptrend,,165.0,10.0,5027567,0.32,157.0,158.06,133.77,102.17,95.57,84.33,5.1,4.39,23.34,0.46,82.9,99.03,籌碼未確認,均線分數 65，價格相對主要均線檢查完成；頸線 82.90，第二底不破/假跌破檢查 True；沒有籌碼資料，僅能列入技術觀察，不列最高優先；沒有結構，不做；沒有足夠成交量，不列最高優先；籌碼未確認偏多，只能列觀察組，不能列實際操作組,暫不納入進場候選
2026-06-09,2026-06-09,1597,直得,,reject,52.75,lower_priority,constructive,,160.0,2.89,2008591,0.51,161.0,169.0,179.93,139.8,100.08,93.49,-0.62,-5.33,-11.08,-6.08,112.5,42.22,籌碼未確認,均線分數 65，價格相對主要均線檢查完成；頸線 112.50，第二底不破/假跌破檢查 True；沒有籌碼資料，僅能列入技術觀察，不列最高優先；沒有結構，不做；沒有足夠成交量，不列最高優先；籌碼未確認偏多，只能列觀察組，不能列實際操作組,暫不納入進場候選
2026-06-09,2026-06-09,6770,力積電,,reject,52.31,lower_priority,strong_uptrend,,71.5,5.93,57131875,0.22,71.2,80.1,70.64,62.27,54.05,40.94,0.42,-10.74,1.21,-0.76,56.2,27.22,籌碼未確認,均線分數 65，價格相對主要均線檢查完成；頸線 56.20，第二底不破/假跌破檢查 True；沒有籌碼資料，僅能列入技術觀察，不列最高優先；沒有結構，不做；沒有足夠成交量，不列最高優先；籌碼未確認偏多，只能列觀察組，不能列實際操作組,暫不納入進場候選
2026-06-09,2026-06-09,3481,群創,,reject,51.83,lower_priority,strong_uptrend,,49.1,1.55,124213119,0.17,50.38,53.71,45.9,33.53,24.74,20.24,-2.55,-8.58,6.97,-0.36,24.7,98.79,籌碼未確認,均線分數 65，價格相對主要均線檢查完成；頸線 24.70，第二底不破/假跌破檢查 True；沒有籌碼資料，僅能列入技術觀察，不列最高優先；沒有結構，不做；沒有足夠成交量，不列最高優先；籌碼未確認偏多，只能列觀察組，不能列實際操作組,暫不納入進場候選
2026-06-09,2026-05-13,6205,詮欣,6205 詮欣,reject,51.14,lower_priority,constructive,,80.4,-6.4,3265504,0.35,84.13,89.35,83.33,65.48,53.24,49.92,-4.44,-10.02,-3.51,-1.45,55.2,45.65,籌碼未確認,均線分數 65，價格相對主要均線檢查完成；頸線 55.20，第二底不破/假跌破檢查 True；沒有籌碼資料，僅能列入技術觀察，不列最高優先；沒有結構，不做；沒有足夠成交量，不列最高優先；籌碼未確認偏多，只能列觀察組，不能列實際操作組,暫不納入進場候選
2026-06-09,2026-05-13,2313,華通,,reject,51.04,lower_priority,constructive,,237.0,-8.85,94311586,1.19,246.33,254.38,248.36,237.1,155.99,121.89,-3.79,-6.83,-4.57,-1.41,294.0,-19.39,籌碼未確認,均線分數 65，價格相對主要均線檢查完成；N 字關鍵位 294.00，量縮回檔 True；沒有籌碼資料，僅能列入技術觀察，不列最高優先；沒有結構，不做；沒有足夠成交量，不列最高優先；籌碼未確認偏多，只能列觀察組，不能列實際操作組,暫不納入進場候選
2026-06-09,2026-05-13,8046,南電,,reject,50.89,lower_priority,strong_uptrend,,880.0,-2.22,11705998,0.58,896.0,926.5,856.29,657.51,427.77,325.71,-1.79,-5.02,2.77,-15.07,1035.0,-14.98,籌碼未確認,均線分數 65，價格相對主要均線檢查完成；N 字關鍵位 1035.00，量縮回檔 False；沒有籌碼資料，僅能列入技術觀察，不列最高優先；沒有結構，不做；沒有足夠成交量，不列最高優先；籌碼未確認偏多，只能列觀察組，不能列實際操作組,暫不納入進場候選
2026-06-09,2026-06-09,6141,柏承,,reject,44.94,lower_priority,constructive,,35.1,-1.13,1278596,0.33,36.37,39.91,35.8,30.83,19.49,16.86,-3.48,-12.04,-1.97,-0.63,28.25,24.25,籌碼未確認,均線分數 65，價格相對主要均線檢查完成；頸線 28.25，第二底不破/假跌破檢查 False；沒有籌碼資料，僅能列入技術觀察，不列最高優先；沒有結構，不做；沒有足夠成交量，不列最高優先；籌碼未確認偏多，只能列觀察組，不能列實際操作組,暫不納入進場候選
2026-06-10,2026-06-10,2478,大毅,,hold,85.0,secondary_watchlist,strong_uptrend,w_pattern,170.0,1.8,27730000,3.01,163.0,150.06,124.24,89.56,73.72,63.29,4.29,13.29,36.83,3.12,67.6,151.48,籌碼未確認,均線分數 100，價格相對主要均線檢查完成；頸線 67.60，第二底不破/假跌破檢查 True；沒有籌碼資料，僅能列入技術觀察，不列最高優先；籌碼未確認偏多，只能列觀察組，不能列實際操作組,優先追蹤，等待5K切入點與60K MACD確認
2026-06-10,2026-06-10,2484,希華,,hold,85.0,secondary_watchlist,strong_uptrend,w_pattern,58.1,-4.44,99353000,3.23,58.07,54.68,49.66,41.64,30.72,27.32,0.06,6.26,16.99,0.38,47.6,22.06,籌碼未確認,均線分數 100，價格相對主要均線檢查完成；頸線 47.60，第二底不破/假跌破檢查 True；沒有籌碼資料，僅能列入技術觀察，不列最高優先；籌碼未確認偏多，只能列觀察組，不能列實際操作組,優先追蹤，等待5K切入點與60K MACD確認
2026-06-10,2026-06-10,3048,益登,,hold,85.0,secondary_watchlist,strong_uptrend,w_pattern,73.3,2.37,46274000,2.06,70.5,69.8,66.18,49.15,43.16,39.35,3.97,5.01,10.75,-0.74,41.2,77.91,籌碼未確認,均線分數 100，價格相對主要均線檢查完成；頸線 41.20，第二底不破/假跌破檢查 True；沒有籌碼資料，僅能列入技術觀察，不列最高優先；籌碼未確認偏多，只能列觀察組，不能列實際操作組,優先追蹤，等待5K切入點與60K MACD確認
2026-06-10,2026-05-13,4958,臻鼎-KY,,hold,82.28,secondary_watchlist,strong_uptrend,ma_bloom,442.5,8.72,72787309,1.23,420.5,420.06,360.52,264.66,197.33,173.51,5.23,5.34,22.74,0.44,420.5,5.23,籌碼未確認,均線分數 100，價格相對主要均線檢查完成；日線 3MA>8MA>21MA True，短均斜率向上 True，站上3MA True；沒有籌碼資料，僅能列入技術觀察，不列最高優先；籌碼未確認偏多，只能列觀察組，不能列實際操作組,觀察，不追高
2026-06-10,2026-06-08,3057,喬鼎,,reject,72.8,secondary_watchlist,strong_uptrend,,21.55,-1.6,356791,0.78,22.33,21.8,20.42,19.02,17.61,16.58,-3.51,-1.15,5.54,0.16,19.4,11.08,籌碼未確認,均線分數 100，價格相對主要均線檢查完成；頸線 19.40，第二底不破/假跌破檢查 True；沒有籌碼資料，僅能列入技術觀察，不列最高優先；沒有結構，不做；沒有足夠成交量，不列最高優先；每日成交量低於500張，不操作；籌碼未確認偏多，只能列觀察組，不能列實際操作組,成交量低於500張，不操作
2026-06-10,2026-06-10,2406,2406,,hold,70.12,secondary_watchlist,strong_uptrend,w_pattern,35.85,2.43,37297000,1.89,34.28,35.71,33.74,33.15,29.25,25.03,4.57,0.39,6.24,0.05,30.25,18.51,籌碼未確認,均線分數 65，價格相對主要均線檢查完成；頸線 30.25，第二底不破/假跌破檢查 True；沒有籌碼資料，僅能列入技術觀察，不列最高優先；籌碼未確認偏多，只能列觀察組，不能列實際操作組,觀察，不追高
2026-06-10,2026-06-10,2375,凱美,,reject,70.05,secondary_watchlist,strong_uptrend,,158.5,-3.94,8052000,0.5,157.83,157.06,136.8,103.59,96.02,84.77,0.42,0.92,15.86,-0.04,82.9,91.19,籌碼未確認,均線分數 100，價格相對主要均線檢查完成；頸線 82.90，第二底不破/假跌破檢查 True；沒有籌碼資料，僅能列入技術觀察，不列最高優先；沒有結構，不做；沒有足夠成交量，不列最高優先；籌碼未確認偏多，只能列觀察組，不能列實際操作組,暫不納入進場候選
2026-06-10,2026-06-10,6282,6282,,hold,68.76,secondary_watchlist,strong_uptrend,w_pattern,58.5,-7.44,88727000,1.36,60.17,63.54,58.38,52.21,48.07,41.33,-2.77,-7.93,0.21,-0.33,49.6,17.94,籌碼未確認,均線分數 65，價格相對主要均線檢查完成；頸線 49.60，第二底不破/假跌破檢查 True；沒有籌碼資料，僅能列入技術觀察，不列最高優先；籌碼未確認偏多，只能列觀察組，不能列實際操作組,觀察，不追高
2026-06-10,2026-05-13,3037,欣興,,hold,67.97,secondary_watchlist,strong_uptrend,w_pattern,892.0,1.94,26678000,1.28,876.0,876.75,785.19,608.31,369.26,277.49,1.83,1.74,13.6,-3.39,538.0,65.8,籌碼未確認,均線分數 65，價格相對主要均線檢查完成；頸線 538.00，第二底不破/假跌破檢查 True；沒有籌碼資料，僅能列入技術觀察，不列最高優先；籌碼未確認偏多，只能列觀察組，不能列實際操作組,觀察，不追高
2026-06-10,2026-06-10,3450,聯鈞,,hold,67.62,secondary_watchlist,constructive,w_pattern,472.0,-6.9,19571000,1.98,480.0,512.0,474.93,378.65,305.15,273.77,-1.67,-7.81,-0.62,-7.63,323.5,45.9,籌碼未確認,均線分數 65，價格相對主要均線檢查完成；頸線 323.50，第二底不破/假跌破檢查 True；沒有籌碼資料，僅能列入技術觀察，不列最高優先；籌碼未確認偏多，只能列觀察組，不能列實際操作組,觀察，不追高
2026-06-10,2026-06-10,8150,南茂,,hold,67.62,secondary_watchlist,constructive,w_pattern,88.3,-7.92,77803000,1.63,90.47,96.03,90.0,76.9,61.91,48.9,-2.39,-8.04,-1.88,-1.26,71.8,22.98,籌碼未確認,均線分數 65，價格相對主要均線檢查完成；頸線 71.80，第二底不破/假跌破檢查 True；沒有籌碼資料，僅能列入技術觀察，不列最高優先；籌碼未確認偏多，只能列觀察組，不能列實際操作組,觀察，不追高
2026-06-10,2026-06-10,3026,禾伸堂,,reject,62.03,secondary_watchlist,strong_uptrend,,642.0,-2.87,2616000,1.19,634.67,639.25,528.55,332.49,192.8,153.09,1.16,0.43,21.46,-2.33,250.5,156.29,籌碼未確認,均線分數 65，價格相對主要均線檢查完成；頸線 250.50，第二底不破/假跌破檢查 True；沒有籌碼資料，僅能列入技術觀察，不列最高優先；沒有結構，不做；沒有足夠成交量，不列最高優先；籌碼未確認偏多，只能列觀察組，不能列實際操作組,暫不納入進場候選
2026-06-10,2026-06-10,3033,威健,,reject,60.92,secondary_watchlist,strong_uptrend,,50.2,-1.57,23649000,1.08,49.7,49.89,49.63,40.94,34.63,33.18,1.01,0.63,1.15,-0.55,35.8,40.22,籌碼未確認,均線分數 65，價格相對主要均線檢查完成；頸線 35.80，第二底不破/假跌破檢查 True；沒有籌碼資料，僅能列入技術觀察，不列最高優先；沒有結構，不做；沒有足夠成交量，不列最高優先；籌碼未確認偏多，只能列觀察組，不能列實際操作組,暫不納入進場候選
2026-06-10,2026-06-10,4916,事欣科,,reject,60.57,secondary_watchlist,strong_uptrend,,111.5,-6.69,13871000,1.04,115.67,118.38,100.3,76.4,64.43,60.84,-3.6,-5.81,11.16,0.02,66.7,67.17,籌碼未確認,均線分數 65，價格相對主要均線檢查完成；頸線 66.70，第二底不破/假跌破檢查 True；沒有籌碼資料，僅能列入技術觀察，不列最高優先；沒有結構，不做；沒有足夠成交量，不列最高優先；籌碼未確認偏多，只能列觀察組，不能列實際操作組,暫不納入進場候選
2026-06-10,2026-06-10,3704,3704,,reject,59.65,secondary_watchlist,strong_uptrend,,45.05,-7.78,6734000,0.95,46.87,47.48,43.7,38.2,35.79,34.0,-3.88,-5.12,3.08,-0.08,36.3,24.1,籌碼未確認,均線分數 65，價格相對主要均線檢查完成；頸線 36.30，第二底不破/假跌破檢查 True；沒有籌碼資料，僅能列入技術觀察，不列最高優先；沒有結構，不做；沒有足夠成交量，不列最高優先；籌碼未確認偏多，只能列觀察組，不能列實際操作組,暫不納入進場候選
2026-06-10,2026-06-10,2492,華新科,,reject,56.28,secondary_watchlist,strong_uptrend,,407.5,-7.39,4969000,0.62,415.83,418.81,333.79,212.15,159.71,133.46,-2.0,-2.7,22.08,1.06,133.0,206.39,籌碼未確認,均線分數 65，價格相對主要均線檢查完成；頸線 133.00，第二底不破/假跌破檢查 True；沒有籌碼資料，僅能列入技術觀察，不列最高優先；沒有結構，不做；沒有足夠成交量，不列最高優先；籌碼未確認偏多，只能列觀察組，不能列實際操作組,暫不納入進場候選
2026-06-10,2026-06-10,1597,直得,,reject,54.21,lower_priority,constructive,,147.5,-7.81,2686000,0.66,154.33,164.94,178.05,141.03,100.57,93.76,-4.43,-10.57,-17.16,-6.62,112.5,31.11,籌碼未確認,均線分數 65，價格相對主要均線檢查完成；頸線 112.50，第二底不破/假跌破檢查 True；沒有籌碼資料，僅能列入技術觀察，不列最高優先；沒有結構，不做；沒有足夠成交量，不列最高優先；籌碼未確認偏多，只能列觀察組，不能列實際操作組,暫不納入進場候選
2026-06-10,2026-06-10,2464,盟立,,reject,54.2,lower_priority,constructive,,146.0,-2.67,14473000,0.66,148.17,167.38,153.93,112.67,83.52,76.25,-1.46,-12.77,-5.15,-4.98,94.9,53.85,籌碼未確認,均線分數 65，價格相對主要均線檢查完成；頸線 94.90，第二底不破/假跌破檢查 True；沒有籌碼資料，僅能列入技術觀察，不列最高優先；沒有結構，不做；沒有足夠成交量，不列最高優先；籌碼未確認偏多，只能列觀察組，不能列實際操作組,暫不納入進場候選
2026-06-10,2026-06-10,6770,力積電,,reject,52.52,lower_priority,constructive,,64.4,-9.93,129992000,0.49,67.8,77.06,70.75,62.07,54.29,41.15,-5.01,-16.43,-8.98,-1.53,56.2,14.59,籌碼未確認,均線分數 65，價格相對主要均線檢查完成；頸線 56.20，第二底不破/假跌破檢查 True；沒有籌碼資料，僅能列入技術觀察，不列最高優先；沒有結構，不做；沒有足夠成交量，不列最高優先；籌碼未確認偏多，只能列觀察組，不能列實際操作組,暫不納入進場候選
2026-06-10,2026-05-13,6205,詮欣,6205 詮欣,reject,51.14,lower_priority,constructive,,80.4,-6.4,3265504,0.35,84.13,89.35,83.33,65.48,53.24,49.92,-4.44,-10.02,-3.51,-1.45,55.2,45.65,籌碼未確認,均線分數 65，價格相對主要均線檢查完成；頸線 55.20，第二底不破/假跌破檢查 True；沒有籌碼資料，僅能列入技術觀察，不列最高優先；沒有結構，不做；沒有足夠成交量，不列最高優先；籌碼未確認偏多，只能列觀察組，不能列實際操作組,暫不納入進場候選
2026-06-10,2026-05-13,2313,華通,,reject,51.04,lower_priority,constructive,,237.0,-8.85,94311586,1.19,246.33,254.38,248.36,237.1,155.99,121.89,-3.79,-6.83,-4.57,-1.41,294.0,-19.39,籌碼未確認,均線分數 65，價格相對主要均線檢查完成；N 字關鍵位 294.00，量縮回檔 True；沒有籌碼資料，僅能列入技術觀察，不列最高優先；沒有結構，不做；沒有足夠成交量，不列最高優先；籌碼未確認偏多，只能列觀察組，不能列實際操作組,暫不納入進場候選
2026-06-10,2026-05-13,8046,南電,,reject,50.89,lower_priority,strong_uptrend,,880.0,-2.22,11705998,0.58,896.0,926.5,856.29,657.51,427.77,325.71,-1.79,-5.02,2.77,-15.07,1035.0,-14.98,籌碼未確認,均線分數 65，價格相對主要均線檢查完成；N 字關鍵位 1035.00，量縮回檔 False；沒有籌碼資料，僅能列入技術觀察，不列最高優先；沒有結構，不做；沒有足夠成交量，不列最高優先；籌碼未確認偏多，只能列觀察組，不能列實際操作組,暫不納入進場候選
2026-06-10,2026-06-10,3481,群創,,reject,49.49,lower_priority,constructive,,44.3,-9.78,125533000,0.19,47.25,52.87,46.32,33.86,24.95,20.38,-6.24,-16.21,-4.36,-0.99,24.7,79.35,籌碼未確認,均線分數 65，價格相對主要均線檢查完成；頸線 24.70，第二底不破/假跌破檢查 True；沒有籌碼資料，僅能列入技術觀察，不列最高優先；沒有結構，不做；沒有足夠成交量，不列最高優先；籌碼未確認偏多，只能列觀察組，不能列實際操作組,暫不納入進場候選
2026-06-10,2026-06-10,6141,柏承,,reject,45.85,lower_priority,constructive,,32.5,-7.41,1653000,0.42,34.37,38.22,35.84,30.94,19.63,16.95,-5.43,-14.96,-9.33,-0.96,28.25,15.04,籌碼未確認,均線分數 65，價格相對主要均線檢查完成；頸線 28.25，第二底不破/假跌破檢查 False；沒有籌碼資料，僅能列入技術觀察，不列最高優先；沒有結構，不做；沒有足夠成交量，不列最高優先；籌碼未確認偏多，只能列觀察組，不能列實際操作組,暫不納入進場候選
