date,symbol,foreign_net,investment_trust_net,dealer_net,total_institutional_net,source
2026-01-02,1240,1000,0,-860,140,TPEX
2026-01-02,1264,-4000,0,0,-4000,TPEX
2026-01-02,1268,1000,0,0,1000,TPEX
2026-01-02,1295,51000,0,-52,50948,TPEX
2026-01-02,1336,6000,0,0,6000,TPEX
2026-01-02,1565,50000,0,0,50000,TPEX
2026-01-02,1569,206000,0,14984,220984,TPEX
2026-01-02,1570,31000,0,274,31274,TPEX
2026-01-02,1580,5000,0,0,5000,TPEX
2026-01-02,1584,0,0,63,63,TPEX
2026-01-02,1586,58000,0,0,58000,TPEX
2026-01-02,1591,89000,0,425,89425,TPEX
2026-01-02,1593,5000,0,0,5000,TPEX
2026-01-02,1595,-48000,0,-248,-48248,TPEX
2026-01-02,1599,5000,0,0,5000,TPEX
2026-01-02,1777,-4000,0,0,-4000,TPEX
2026-01-02,1781,0,0,-198,-198,TPEX
2026-01-02,1784,-94000,0,63009,-30991,TPEX
2026-01-02,1785,-2879750,0,-223006,-3102756,TPEX
2026-01-02,1796,4000,0,0,4000,TPEX
2026-01-02,1799,-12000,0,-33,-12033,TPEX
2026-01-02,1815,-11718318,-8752611,2687616,-17783313,TPEX
2026-01-02,2061,-15000,0,0,-15000,TPEX
2026-01-02,2065,-1000,0,0,-1000,TPEX
2026-01-02,2066,5000,0,0,5000,TPEX
2026-01-02,2067,-14000,0,0,-14000,TPEX
2026-01-02,2070,58000,0,0,58000,TPEX
2026-01-02,2221,0,0,0,0,TPEX
2026-01-02,2230,17000,0,-2046,14954,TPEX
2026-01-02,2596,-2000,0,0,-2000,TPEX
2026-01-02,2640,-30000,0,0,-30000,TPEX
2026-01-02,2641,-139000,0,-6534,-145534,TPEX
2026-01-02,2643,6000,0,0,6000,TPEX
2026-01-02,2718,-8000,0,-10596,-18596,TPEX
2026-01-02,2726,-15000,0,0,-15000,TPEX
2026-01-02,2729,-1000,0,0,-1000,TPEX
2026-01-02,2734,30000,0,0,30000,TPEX
2026-01-02,2736,32000,0,0,32000,TPEX
2026-01-02,2740,-1000,0,0,-1000,TPEX
2026-01-02,2743,133000,0,594,133594,TPEX
2026-01-02,2745,62000,0,13144,75144,TPEX
2026-01-02,2751,-1000,0,0,-1000,TPEX
2026-01-02,2754,1000,0,0,1000,TPEX
2026-01-02,2755,-4000,0,0,-4000,TPEX
2026-01-02,2756,17000,0,-780,16220,TPEX
2026-01-02,2916,1000,0,0,1000,TPEX
2026-01-02,2926,4000,0,0,4000,TPEX
2026-01-02,2947,-7000,0,0,-7000,TPEX
2026-01-02,3066,1000,0,0,1000,TPEX
2026-01-02,3067,-1000,0,0,-1000,TPEX
2026-01-02,3071,81000,0,-433,80567,TPEX
2026-01-02,3073,7000,0,0,7000,TPEX
2026-01-02,3078,593000,-1042962,-26104,-476066,TPEX
2026-01-02,3081,136000,150000,49000,335000,TPEX
2026-01-02,3083,17000,0,1,17001,TPEX
2026-01-02,3086,-10000,0,-344,-10344,TPEX
2026-01-02,3088,10000,0,-11620,-1620,TPEX
2026-01-02,3093,27000,0,58,27058,TPEX
2026-01-02,3105,477120,0,276328,753448,TPEX
2026-01-02,3114,34000,0,0,34000,TPEX
2026-01-02,3118,1000,0,0,1000,TPEX
2026-01-02,3122,-1000,0,-183,-1183,TPEX
2026-01-02,3128,129000,0,0,129000,TPEX
2026-01-02,3131,8884,78800,128965,216649,TPEX
2026-01-02,3141,132000,0,-8739,123261,TPEX
2026-01-02,3147,10000,0,-142,9858,TPEX
2026-01-02,3152,327000,0,-13703,313297,TPEX
2026-01-02,3158,4000,0,0,4000,TPEX
2026-01-02,3162,930941,0,42315,973256,TPEX
2026-01-02,3163,65990,0,23479,89469,TPEX
2026-01-02,3169,15000,0,1132,16132,TPEX
2026-01-02,3171,-7000,0,0,-7000,TPEX
2026-01-02,3176,46000,0,0,46000,TPEX
2026-01-02,3178,-23000,0,0,-23000,TPEX
2026-01-02,3188,-214000,0,-10335,-224335,TPEX
2026-01-02,3191,-5000,0,0,-5000,TPEX
2026-01-02,3205,-17000,0,0,-17000,TPEX
2026-01-02,3206,-2000,0,-3,-2003,TPEX
2026-01-02,3207,181000,0,-126669,54331,TPEX
2026-01-02,3211,-309600,-244000,-88572,-642172,TPEX
2026-01-02,3213,3000,-2085,4224,5139,TPEX
2026-01-02,3217,-45000,19352,-12816,-38464,TPEX
2026-01-02,3218,29000,0,-1855,27145,TPEX
2026-01-02,3219,-463000,0,14763,-448237,TPEX
2026-01-02,3221,-296000,0,1637,-294363,TPEX
2026-01-02,3224,57000,0,0,57000,TPEX
2026-01-02,3227,1000,84000,-25581,59419,TPEX
2026-01-02,3228,4000,0,-1893,2107,TPEX
2026-01-02,3230,23000,0,32,23032,TPEX
2026-01-02,3232,-1000,0,0,-1000,TPEX
2026-01-02,3234,700000,0,-108,699892,TPEX
2026-01-02,3236,748000,0,608,748608,TPEX
2026-01-02,3252,-1000,0,23,-977,TPEX
2026-01-02,3259,1000,0,0,1000,TPEX
2026-01-02,3260,377900,142500,275755,796155,TPEX
2026-01-02,3264,-4748950,552527,3061540,-1134883,TPEX
2026-01-02,3265,-502000,1621,-57031,-557410,TPEX
2026-01-02,3268,-1000,0,-2,-1002,TPEX
2026-01-02,3272,17000,0,0,17000,TPEX
2026-01-02,3276,3000,0,0,3000,TPEX
2026-01-02,3284,1000,0,0,1000,TPEX
2026-01-02,3285,0,0,-16,-16,TPEX
2026-01-02,3287,0,0,0,0,TPEX
2026-01-02,3288,0,0,-735,-735,TPEX
2026-01-02,3289,-31000,0,25010,-5990,TPEX
2026-01-02,3290,127000,0,642,127642,TPEX
2026-01-02,3293,504963,12000,24174,541137,TPEX
2026-01-02,3294,50100,0,-1145,48955,TPEX
2026-01-02,3297,26000,0,0,26000,TPEX
2026-01-02,3303,-115000,0,-30,-115030,TPEX
2026-01-02,3306,106000,0,0,106000,TPEX
2026-01-02,3310,-1000,0,0,-1000,TPEX
2026-01-02,3313,76000,0,0,76000,TPEX
2026-01-02,3317,96000,0,287,96287,TPEX
2026-01-02,3322,178272,0,0,178272,TPEX
2026-01-02,3323,95000,0,780,95780,TPEX
2026-01-02,3324,-141867,53000,81452,-7415,TPEX
2026-01-02,3325,-50000,0,871,-49129,TPEX
2026-01-02,3332,18000,0,0,18000,TPEX
2026-01-02,3339,61000,0,-4,60996,TPEX
2026-01-02,3349,-28000,0,0,-28000,TPEX
2026-01-02,3354,-25000,0,-40000,-65000,TPEX
2026-01-02,3357,712000,0,132796,844796,TPEX
2026-01-02,3360,65000,0,10669,75669,TPEX
2026-01-02,3362,16000,0,-670,15330,TPEX
2026-01-02,3363,-554000,0,-31181,-585181,TPEX
2026-01-02,3372,367200,0,573,367773,TPEX
2026-01-02,3373,-3000,0,-183,-3183,TPEX
2026-01-02,3374,833992,0,230525,1064517,TPEX
2026-01-02,3379,45000,0,0,45000,TPEX
2026-01-02,3388,4000,0,0,4000,TPEX
2026-01-02,3390,34000,0,-55000,-21000,TPEX
2026-01-02,3402,-1291900,0,89721,-1202179,TPEX
2026-01-02,3430,236000,0,1346,237346,TPEX
2026-01-02,3434,6000,0,0,6000,TPEX
2026-01-02,3438,-32000,0,0,-32000,TPEX
2026-01-02,3441,47000,0,0,47000,TPEX
2026-01-02,3444,-6000,0,103000,97000,TPEX
2026-01-02,3455,84000,20938,-7878,97060,TPEX
2026-01-02,3465,-1000,0,0,-1000,TPEX
2026-01-02,3466,-56000,0,-15,-56015,TPEX
2026-01-02,3467,0,0,-55,-55,TPEX
2026-01-02,3479,26000,0,-22898,3102,TPEX
2026-01-02,3483,-154500,3411,-500,-151589,TPEX
2026-01-02,3484,54000,0,0,54000,TPEX
2026-01-02,3489,-6000,0,0,-6000,TPEX
2026-01-02,3490,329000,0,-6000,323000,TPEX
2026-01-02,3491,15231,7000,28093,50324,TPEX
2026-01-02,3492,23000,0,0,23000,TPEX
2026-01-02,3498,76000,0,0,76000,TPEX
2026-01-02,3499,-48000,0,479,-47521,TPEX
2026-01-02,3508,-12000,0,-139,-12139,TPEX
2026-01-02,3511,43000,0,-59,42941,TPEX
2026-01-02,3512,2000,0,0,2000,TPEX
2026-01-02,3516,-2000,0,0,-2000,TPEX
2026-01-02,3520,79000,0,0,79000,TPEX
2026-01-02,3521,27000,0,-168,26832,TPEX
2026-01-02,3522,-18000,0,0,-18000,TPEX
2026-01-02,3523,1000,0,0,1000,TPEX
2026-01-02,3526,-45995,0,-843,-46838,TPEX
2026-01-02,3527,11000,0,0,11000,TPEX
2026-01-02,3529,109978,-107000,7618,10596,TPEX
2026-01-02,3537,675000,0,1210,676210,TPEX
2026-01-02,3540,58000,0,2000,60000,TPEX
2026-01-02,3541,0,0,314,314,TPEX
2026-01-02,3546,26000,0,6086,32086,TPEX
2026-01-02,3548,93000,0,2372,95372,TPEX
2026-01-02,3551,-522500,60000,103214,-359286,TPEX
2026-01-02,3552,-25000,0,0,-25000,TPEX
2026-01-02,3555,49000,0,0,49000,TPEX
2026-01-02,3556,2000,0,0,2000,TPEX
2026-01-02,3558,53000,0,-5015,47985,TPEX
2026-01-02,3564,68000,0,-183,67817,TPEX
2026-01-02,3567,-1000,0,0,-1000,TPEX
2026-01-02,3570,14000,0,0,14000,TPEX
2026-01-02,3577,-62000,0,-310,-62310,TPEX
2026-01-02,3580,101030,0,3134,104164,TPEX
2026-01-02,3581,-172000,0,692,-171308,TPEX
2026-01-02,3587,-48348,0,52870,4522,TPEX
2026-01-02,3594,19000,0,-285,18715,TPEX
2026-01-02,3597,-1000,0,9,-991,TPEX
2026-01-02,3609,12000,0,1000,13000,TPEX
2026-01-02,3611,5000,0,0,5000,TPEX
2026-01-02,3615,8000,0,811,8811,TPEX
2026-01-02,3623,-6000,0,1696,-4304,TPEX
2026-01-02,3624,-2096650,0,52165,-2044485,TPEX
2026-01-02,3625,47000,0,444,47444,TPEX
2026-01-02,3628,1000,0,0,1000,TPEX
2026-01-02,3630,229000,0,-285,228715,TPEX
2026-01-02,3631,-6000,0,0,-6000,TPEX
2026-01-02,3646,-1000,0,0,-1000,TPEX
2026-01-02,3663,-234920,0,618774,383854,TPEX
2026-01-02,3664,0,0,4,4,TPEX
2026-01-02,3666,-3000,0,0,-3000,TPEX
2026-01-02,3672,-1000,0,0,-1000,TPEX
2026-01-02,3675,-42000,0,17795,-24205,TPEX
2026-01-02,3680,970018,520000,141911,1631929,TPEX
2026-01-02,3684,12000,0,-11468,532,TPEX
2026-01-02,3685,-226000,0,-795,-226795,TPEX
2026-01-02,3687,48000,0,-1982,46018,TPEX
2026-01-02,3689,1268650,0,279884,1548534,TPEX
2026-01-02,3691,-53000,0,234,-52766,TPEX
2026-01-02,3693,12000,-43000,936,-30064,TPEX
2026-01-02,3707,-1164000,0,51895,-1112105,TPEX
2026-01-02,3709,1138000,0,162237,1300237,TPEX
2026-01-02,3710,28000,0,0,28000,TPEX
2026-01-02,3713,0,0,1,1,TPEX
2026-01-02,4102,27000,0,-6,26994,TPEX
2026-01-02,4105,-302000,-1000,99811,-203189,TPEX
2026-01-02,4107,0,0,-771,-771,TPEX
2026-01-02,4109,51000,0,0,51000,TPEX
2026-01-02,4111,5000,0,0,5000,TPEX
2026-01-02,4113,4000,0,-38909,-34909,TPEX
2026-01-02,4114,0,0,-10,-10,TPEX
2026-01-02,4116,0,0,0,0,TPEX
2026-01-02,4120,1000,0,0,1000,TPEX
2026-01-02,4121,15000,0,0,15000,TPEX
2026-01-02,4123,-947369,-96000,-389,-1043758,TPEX
2026-01-02,4126,1000,0,0,1000,TPEX
2026-01-02,4127,1000,0,0,1000,TPEX
2026-01-02,4128,-64000,0,7993,-56007,TPEX
2026-01-02,4129,-57000,0,-6107,-63107,TPEX
2026-01-02,4130,25000,0,0,25000,TPEX
2026-01-02,4131,-10000,0,4000,-6000,TPEX
2026-01-02,4138,3000,0,0,3000,TPEX
2026-01-02,4147,-121000,0,-554,-121554,TPEX
2026-01-02,4153,-3000,0,0,-3000,TPEX
2026-01-02,4157,-1033000,0,-1218,-1034218,TPEX
2026-01-02,4160,1000,0,4,1004,TPEX
2026-01-02,4161,15000,0,0,15000,TPEX
2026-01-02,4162,337000,0,281,337281,TPEX
2026-01-02,4163,-1000,0,0,-1000,TPEX
2026-01-02,4166,-175000,0,0,-175000,TPEX
2026-01-02,4167,-389000,0,0,-389000,TPEX
2026-01-02,4168,47000,0,0,47000,TPEX
2026-01-02,4171,25000,0,-95,24905,TPEX
2026-01-02,4173,40000,0,0,40000,TPEX
2026-01-02,4174,-71035,0,34,-71001,TPEX
2026-01-02,4175,0,0,0,0,TPEX
2026-01-02,4207,-12000,0,0,-12000,TPEX
2026-01-02,4303,68000,0,-32854,35146,TPEX
2026-01-02,4305,0,0,78,78,TPEX
2026-01-02,4401,6000,0,0,6000,TPEX
2026-01-02,4402,15000,0,-3,14997,TPEX
2026-01-02,4413,-1000,0,23,-977,TPEX
2026-01-02,4416,8000,0,0,8000,TPEX
2026-01-02,4417,4000,0,550,4550,TPEX
2026-01-02,4419,-2000,0,-76,-2076,TPEX
2026-01-02,4420,-24795,0,686,-24109,TPEX
2026-01-02,4432,8000,0,0,8000,TPEX
2026-01-02,4433,3000,0,0,3000,TPEX
2026-01-02,4442,-1000,0,0,-1000,TPEX
2026-01-02,4502,1000,0,0,1000,TPEX
2026-01-02,4503,38000,0,13,38013,TPEX
2026-01-02,4506,3000,0,-18,2982,TPEX
2026-01-02,4510,217000,0,70,217070,TPEX
2026-01-02,4513,70000,0,0,70000,TPEX
2026-01-02,4523,40000,0,-371,39629,TPEX
2026-01-02,4527,0,0,1083,1083,TPEX
2026-01-02,4528,-3000,0,0,-3000,TPEX
2026-01-02,4530,0,0,-83,-83,TPEX
2026-01-02,4533,201000,0,4000,205000,TPEX
2026-01-02,4534,-44000,0,705,-43295,TPEX
2026-01-02,4535,-1000,0,0,-1000,TPEX
2026-01-02,4538,-1000,0,0,-1000,TPEX
2026-01-02,4541,163000,0,881,163881,TPEX
2026-01-02,4542,162000,0,0,162000,TPEX
2026-01-02,4543,16000,0,693,16693,TPEX
2026-01-02,4549,18000,0,-652,17348,TPEX
2026-01-02,4554,-1000,0,0,-1000,TPEX
2026-01-02,4558,-2000,0,-9,-2009,TPEX
2026-01-02,4561,33000,0,46,33046,TPEX
2026-01-02,4563,67000,0,3381,70381,TPEX
2026-01-02,4568,1000,0,0,1000,TPEX
2026-01-02,4577,-29000,0,687,-28313,TPEX
2026-01-02,4580,24000,0,0,24000,TPEX
2026-01-02,4702,-6000,0,0,-6000,TPEX
2026-01-02,4706,-1000,0,0,-1000,TPEX
2026-01-02,4707,39000,0,0,39000,TPEX
2026-01-02,4711,0,0,0,0,TPEX
2026-01-02,4714,421000,0,-4056,416944,TPEX
2026-01-02,4716,75000,0,0,75000,TPEX
2026-01-02,4721,201000,0,721,201721,TPEX
2026-01-02,4726,96000,0,-274,95726,TPEX
2026-01-02,4729,-63000,0,0,-63000,TPEX
2026-01-02,4735,1000,0,0,1000,TPEX
2026-01-02,4741,2000,0,0,2000,TPEX
2026-01-02,4743,90035,0,4671,94706,TPEX
2026-01-02,4744,32000,0,0,32000,TPEX
2026-01-02,4745,24000,0,0,24000,TPEX
2026-01-02,4749,277970,993000,214002,1484972,TPEX
2026-01-02,4754,-1000,0,0,-1000,TPEX
2026-01-02,4760,194000,0,77242,271242,TPEX
2026-01-02,4768,-65367,0,1300,-64067,TPEX
2026-01-02,4772,2050010,513000,174957,2737967,TPEX
2026-01-02,4903,5000,0,-39,4961,TPEX
2026-01-02,4905,1000,0,0,1000,TPEX
2026-01-02,4908,39000,0,2799,41799,TPEX
2026-01-02,4909,492372,0,-34059,458313,TPEX
2026-01-02,4911,2000,0,0,2000,TPEX
2026-01-02,4923,-2000,0,0,-2000,TPEX
2026-01-02,4931,52000,0,81000,133000,TPEX
2026-01-02,4933,10000,0,-7000,3000,TPEX
2026-01-02,4939,403000,0,-38,402962,TPEX
2026-01-02,4946,-3000,0,0,-3000,TPEX
2026-01-02,4950,-1000,0,0,-1000,TPEX
2026-01-02,4951,-7000,0,-314,-7314,TPEX
2026-01-02,4953,25000,-52000,12909,-14091,TPEX
2026-01-02,4966,-498103,429000,-5777,-74880,TPEX
2026-01-02,4971,35000,0,-6000,29000,TPEX
2026-01-02,4972,-2000,0,0,-2000,TPEX
2026-01-02,4973,905000,0,-6000,899000,TPEX
2026-01-02,4974,63000,0,640,63640,TPEX
2026-01-02,4979,419970,656000,-209403,866567,TPEX
2026-01-02,4987,6000,0,0,6000,TPEX
2026-01-02,4991,35050,0,6000,41050,TPEX
2026-01-02,4995,7000,0,0,7000,TPEX
2026-01-02,5009,321000,0,-43512,277488,TPEX
2026-01-02,5011,-4000,0,0,-4000,TPEX
2026-01-02,5013,2000,0,0,2000,TPEX
2026-01-02,5014,-47000,0,-9,-47009,TPEX
2026-01-02,5015,1000,0,0,1000,TPEX
2026-01-02,5201,-52000,0,0,-52000,TPEX
2026-01-02,5202,45000,0,0,45000,TPEX
2026-01-02,5206,-8000,0,0,-8000,TPEX
2026-01-02,5209,-7000,0,-1105,-8105,TPEX
2026-01-02,5210,20000,0,-55,19945,TPEX
2026-01-02,5212,-1000,0,0,-1000,TPEX
2026-01-02,5213,15000,0,0,15000,TPEX
2026-01-02,5220,0,0,0,0,TPEX
2026-01-02,5223,-2000,0,0,-2000,TPEX
2026-01-02,5227,6000,0,-233,5767,TPEX
2026-01-02,5228,3000,0,0,3000,TPEX
2026-01-02,5230,24000,0,-16,23984,TPEX
2026-01-02,5236,36000,0,-4917,31083,TPEX
2026-01-02,5245,6000,0,0,6000,TPEX
2026-01-02,5251,31000,0,247,31247,TPEX
2026-01-02,5263,-253000,0,40120,-212880,TPEX
2026-01-02,5272,11000,0,0,11000,TPEX
2026-01-02,5274,-9582,17900,3954,12272,TPEX
2026-01-02,5278,87000,0,-1971,85029,TPEX
2026-01-02,5287,-12000,0,0,-12000,TPEX
2026-01-02,5289,292052,145000,66406,503458,TPEX
2026-01-02,5291,-7000,0,0,-7000,TPEX
2026-01-02,5299,32000,0,-982,31018,TPEX
2026-01-02,5301,1000,0,-334,666,TPEX
2026-01-02,5302,-3000,0,-2000,-5000,TPEX
2026-01-02,5309,-1209980,-1000,-97412,-1308392,TPEX
2026-01-02,5312,7000,0,-733,6267,TPEX
2026-01-02,5314,4620,0,27197,31817,TPEX
2026-01-02,5315,240000,0,0,240000,TPEX
2026-01-02,5321,8000,0,75,8075,TPEX
2026-01-02,5328,2765000,0,0,2765000,TPEX
2026-01-02,5340,-501000,0,-11050,-512050,TPEX
2026-01-02,5344,0,0,0,0,TPEX
2026-01-02,5347,4415502,-6677000,54877,-2206621,TPEX
2026-01-02,5351,4343615,0,129562,4473177,TPEX
2026-01-02,5353,1000,0,0,1000,TPEX
2026-01-02,5355,2000,0,-3,1997,TPEX
2026-01-02,5356,-9000,0,0,-9000,TPEX
2026-01-02,5364,0,0,0,0,TPEX
2026-01-02,5371,134010,0,-121667,12343,TPEX
2026-01-02,5381,161000,0,0,161000,TPEX
2026-01-02,5386,-570000,0,-15000,-585000,TPEX
2026-01-02,5392,23000,0,14770,37770,TPEX
2026-01-02,5398,-56000,0,0,-56000,TPEX
2026-01-02,5403,11000,0,0,11000,TPEX
2026-01-02,5410,99000,0,322,99322,TPEX
2026-01-02,5425,-3000,-4255,54215,46960,TPEX
2026-01-02,5426,92000,0,-465,91535,TPEX
2026-01-02,5432,21000,0,-322,20678,TPEX
2026-01-02,5438,-72000,0,-6922,-78922,TPEX
2026-01-02,5439,-930200,-8000,-24784,-962984,TPEX
2026-01-02,5443,138860,0,67192,206052,TPEX
2026-01-02,5450,11000,0,0,11000,TPEX
2026-01-02,5452,198000,0,13426,211426,TPEX
2026-01-02,5457,50000,-1000,310,49310,TPEX
2026-01-02,5460,1000,0,-16,984,TPEX
2026-01-02,5464,5000,0,-1000,4000,TPEX
2026-01-02,5465,65000,0,16,65016,TPEX
2026-01-02,5468,31000,0,-5000,26000,TPEX
2026-01-02,5474,-26000,0,-1328,-27328,TPEX
2026-01-02,5475,-379800,0,90362,-289438,TPEX
2026-01-02,5478,-21000,0,1155,-19845,TPEX
2026-01-02,5481,-185000,0,0,-185000,TPEX
2026-01-02,5483,-1382098,1053201,108316,-220581,TPEX
2026-01-02,5488,0,0,-2,-2,TPEX
2026-01-02,5489,5000,0,0,5000,TPEX
2026-01-02,5490,-62000,0,711,-61289,TPEX
2026-01-02,5493,-5000,0,14,-4986,TPEX
2026-01-02,5498,1581900,0,-64000,1517900,TPEX
2026-01-02,5508,-438000,0,-25782,-463782,TPEX
2026-01-02,5511,21000,0,0,21000,TPEX
2026-01-02,5512,-473000,0,0,-473000,TPEX
2026-01-02,5514,-19000,0,0,-19000,TPEX
2026-01-02,5516,-3000,0,-3000,-6000,TPEX
2026-01-02,5523,4000,0,0,4000,TPEX
2026-01-02,5529,0,0,0,0,TPEX
2026-01-02,5530,54000,0,1059,55059,TPEX
2026-01-02,5536,-709800,437300,-27773,-300273,TPEX
2026-01-02,5548,2000,0,0,2000,TPEX
2026-01-02,5603,1000,0,0,1000,TPEX
2026-01-02,5604,-1000,0,0,-1000,TPEX
2026-01-02,5609,-12000,0,0,-12000,TPEX
2026-01-02,5701,0,0,-6,-6,TPEX
2026-01-02,5704,1000,0,0,1000,TPEX
2026-01-02,5864,-161000,0,0,-161000,TPEX
2026-01-02,5878,0,0,21,21,TPEX
2026-01-02,5902,0,0,139,139,TPEX
2026-01-02,5903,15000,-39000,3000,-21000,TPEX
2026-01-02,5904,47757,50000,455,98212,TPEX
2026-01-02,5905,129000,0,-28,128972,TPEX
2026-01-02,6015,1000,0,0,1000,TPEX
2026-01-02,6016,4000,0,0,4000,TPEX
2026-01-02,6020,0,0,0,0,TPEX
2026-01-02,6021,27000,0,0,27000,TPEX
2026-01-02,6023,-22000,-26000,0,-48000,TPEX
2026-01-02,6026,110000,0,0,110000,TPEX
2026-01-02,6104,-60000,0,2764,-57236,TPEX
2026-01-02,6109,0,0,-10,-10,TPEX
2026-01-02,6111,185000,0,19680,204680,TPEX
2026-01-02,6113,14000,0,19,14019,TPEX
2026-01-02,6114,-1000,0,0,-1000,TPEX
2026-01-02,6118,137000,0,0,137000,TPEX
2026-01-02,6121,100203,-507914,6258,-401453,TPEX
2026-01-02,6122,82000,0,-7417,74583,TPEX
2026-01-02,6123,7000,0,93,7093,TPEX
2026-01-02,6124,-13000,0,-931,-13931,TPEX
2026-01-02,6125,41585,0,-83850,-42265,TPEX
2026-01-02,6126,674000,0,13000,687000,TPEX
2026-01-02,6127,984998,0,101167,1086165,TPEX
2026-01-02,6129,40000,0,-90,39910,TPEX
2026-01-02,6130,-34000,0,0,-34000,TPEX
2026-01-02,6134,-80000,0,-207,-80207,TPEX
2026-01-02,6138,14000,-42000,17895,-10105,TPEX
2026-01-02,6140,25000,0,-332,24668,TPEX
2026-01-02,6143,30000,0,-2651,27349,TPEX
2026-01-02,6144,-3000,0,0,-3000,TPEX
2026-01-02,6146,-21000,0,0,-21000,TPEX
2026-01-02,6147,787050,-1742616,47106,-908460,TPEX
2026-01-02,6148,40000,0,0,40000,TPEX
2026-01-02,6150,-58000,0,29763,-28237,TPEX
2026-01-02,6151,133000,0,0,133000,TPEX
2026-01-02,6154,1000,0,0,1000,TPEX
2026-01-02,6156,232000,0,-134,231866,TPEX
2026-01-02,6158,9050,0,0,9050,TPEX
2026-01-02,6160,54000,0,-430,53570,TPEX
2026-01-02,6161,36000,0,0,36000,TPEX
2026-01-02,6163,-732000,0,-86426,-818426,TPEX
2026-01-02,6167,16500,0,0,16500,TPEX
2026-01-02,6169,-1000,0,0,-1000,TPEX
2026-01-02,6170,4000,0,0,4000,TPEX
2026-01-02,6173,3260000,0,634326,3894326,TPEX
2026-01-02,6174,4000,0,0,4000,TPEX
2026-01-02,6175,2745000,0,251588,2996588,TPEX
2026-01-02,6179,62890,0,-1405,61485,TPEX
2026-01-02,6180,137000,-143756,-17295,-24051,TPEX
2026-01-02,6182,726000,0,-52760,673240,TPEX
2026-01-02,6185,18000,0,0,18000,TPEX
2026-01-02,6186,-159000,0,-22360,-181360,TPEX
2026-01-02,6187,273260,0,24452,297712,TPEX
2026-01-02,6188,-937000,1480000,-12049,530951,TPEX
2026-01-02,6190,157000,0,18580,175580,TPEX
2026-01-02,6194,9000,0,53,9053,TPEX
2026-01-02,6199,-16960,0,-5000,-21960,TPEX
2026-01-02,6203,-21000,0,-1036,-22036,TPEX
2026-01-02,6204,305000,0,-1991,303009,TPEX
2026-01-02,6207,48000,0,5238,53238,TPEX
2026-01-02,6208,-1000,0,0,-1000,TPEX
2026-01-02,6217,-84500,0,-1260,-85760,TPEX
2026-01-02,6218,15000,0,0,15000,TPEX
2026-01-02,6219,8000,0,-65,7935,TPEX
2026-01-02,6220,-60000,0,0,-60000,TPEX
2026-01-02,6221,14900,0,0,14900,TPEX
2026-01-02,6223,100886,-168000,-150,-67264,TPEX
2026-01-02,6227,80000,0,809,80809,TPEX
2026-01-02,6228,1000,0,0,1000,TPEX
2026-01-02,6229,1000,0,-64,936,TPEX
2026-01-02,6231,150000,0,13635,163635,TPEX
2026-01-02,6233,-133000,0,-702,-133702,TPEX
2026-01-02,6234,-406000,0,-702,-406702,TPEX
2026-01-02,6237,25000,0,457,25457,TPEX
2026-01-02,6240,-4000,0,0,-4000,TPEX
2026-01-02,6244,-1370000,0,-124979,-1494979,TPEX
2026-01-02,6245,-120000,1776,-20673,-138897,TPEX
2026-01-02,6246,-1000,0,-2,-1002,TPEX
2026-01-02,6248,29000,0,-12000,17000,TPEX
2026-01-02,6259,6000,0,-15,5985,TPEX
2026-01-02,6261,153000,0,1000,154000,TPEX
2026-01-02,6263,8000,0,0,8000,TPEX
2026-01-02,6265,-1302500,0,66757,-1235743,TPEX
2026-01-02,6266,60000,0,-198,59802,TPEX
2026-01-02,6270,-13000,0,0,-13000,TPEX
2026-01-02,6274,-3120555,-127000,65186,-3182369,TPEX
2026-01-02,6275,151000,0,-441,150559,TPEX
2026-01-02,6276,14000,0,207,14207,TPEX
2026-01-02,6279,-48000,0,-2172,-50172,TPEX
2026-01-02,6284,1212000,0,8785,1220785,TPEX
2026-01-02,6290,-276782,3500,428659,155377,TPEX
2026-01-02,6291,-95000,-5000,42243,-57757,TPEX
2026-01-02,6292,-1000,0,0,-1000,TPEX
2026-01-02,6294,-5000,0,546,-4454,TPEX
2026-01-02,6411,69000,0,0,69000,TPEX
2026-01-02,6417,-10000,0,0,-10000,TPEX
2026-01-02,6418,-3000,0,-319,-3319,TPEX
2026-01-02,6419,24000,0,0,24000,TPEX
2026-01-02,6425,269050,0,354,269404,TPEX
2026-01-02,6432,121000,0,0,121000,TPEX
2026-01-02,6435,-27000,0,-246,-27246,TPEX
2026-01-02,6441,3000,0,0,3000,TPEX
2026-01-02,6461,0,0,771,771,TPEX
2026-01-02,6462,-123980,0,-18289,-142269,TPEX
2026-01-02,6465,37437,0,2000,39437,TPEX
2026-01-02,6469,76000,0,-10452,65548,TPEX
2026-01-02,6470,55000,0,0,55000,TPEX
2026-01-02,6474,5000,0,0,5000,TPEX
2026-01-02,6482,-1000,0,0,-1000,TPEX
2026-01-02,6485,724000,0,29577,753577,TPEX
2026-01-02,6486,49000,0,0,49000,TPEX
2026-01-02,6488,-830818,1072000,32182,273364,TPEX
2026-01-02,6492,-64000,0,486,-63514,TPEX
2026-01-02,6494,8000,0,0,8000,TPEX
2026-01-02,6498,12000,0,25,12025,TPEX
2026-01-02,6499,119492,0,246,119738,TPEX
2026-01-02,6506,-1000,0,0,-1000,TPEX
2026-01-02,6508,3000,0,0,3000,TPEX
2026-01-02,6509,-12000,-1000,0,-13000,TPEX
2026-01-02,6510,-19002,-3000,-2345,-24347,TPEX
2026-01-02,6516,-2000,0,0,-2000,TPEX
2026-01-02,6517,73000,0,617,73617,TPEX
2026-01-02,6523,6000,0,0,6000,TPEX
2026-01-02,6530,51000,0,499,51499,TPEX
2026-01-02,6532,33000,0,211,33211,TPEX
2026-01-02,6535,-183000,0,-313,-183313,TPEX
2026-01-02,6538,36000,-311,411,36100,TPEX
2026-01-02,6546,-6000,0,-451,-6451,TPEX
2026-01-02,6547,-558000,0,-17004,-575004,TPEX
2026-01-02,6548,-805000,2739000,15996,1949996,TPEX
2026-01-02,6556,2000,0,0,2000,TPEX
2026-01-02,6560,8000,0,4,8004,TPEX
2026-01-02,6561,-18000,10000,-24,-8024,TPEX
2026-01-02,6568,-97000,0,-565,-97565,TPEX
2026-01-02,6569,6000,0,1,6001,TPEX
2026-01-02,6576,-17000,0,0,-17000,TPEX
2026-01-02,6577,-5000,0,0,-5000,TPEX
2026-01-02,6578,-21000,0,0,-21000,TPEX
2026-01-02,6584,-521000,-249000,23538,-746462,TPEX
2026-01-02,6588,303000,0,2633,305633,TPEX
2026-01-02,6593,33000,0,3471,36471,TPEX
2026-01-02,6596,61000,0,3911,64911,TPEX
2026-01-02,6603,-364000,0,-7834,-371834,TPEX
2026-01-02,6609,57000,0,61,57061,TPEX
2026-01-02,6612,3000,0,0,3000,TPEX
2026-01-02,6613,14000,-2600,-1976,9424,TPEX
2026-01-02,6616,-1000,0,0,-1000,TPEX
2026-01-02,6617,-100000,0,0,-100000,TPEX
2026-01-02,6620,11000,0,0,11000,TPEX
2026-01-02,6624,14000,0,-2001,11999,TPEX
2026-01-02,6629,15000,0,12,15012,TPEX
2026-01-02,6637,-5000,0,0,-5000,TPEX
2026-01-02,6640,48000,0,15751,63751,TPEX
2026-01-02,6642,20000,0,0,20000,TPEX
2026-01-02,6643,49349,0,17929,67278,TPEX
2026-01-02,6649,29000,0,507,29507,TPEX
2026-01-02,6651,6000,0,0,6000,TPEX
2026-01-02,6654,-10000,0,0,-10000,TPEX
2026-01-02,6664,186000,0,22330,208330,TPEX
2026-01-02,6667,-130000,0,15552,-114448,TPEX
2026-01-02,6679,-106000,0,3645,-102355,TPEX
2026-01-02,6683,4000,0,33155,37155,TPEX
2026-01-02,6684,42000,0,-51,41949,TPEX
2026-01-02,6690,2000,0,0,2000,TPEX
2026-01-02,6692,-5000,0,0,-5000,TPEX
2026-01-02,6693,73000,0,7000,80000,TPEX
2026-01-02,6697,-2000,0,0,-2000,TPEX
2026-01-02,6703,8000,0,-1,7999,TPEX
2026-01-02,6708,3000,0,0,3000,TPEX
2026-01-02,6712,214000,0,6306,220306,TPEX
2026-01-02,6716,7000,0,0,7000,TPEX
2026-01-02,6720,-9000,0,0,-9000,TPEX
2026-01-02,6725,-16000,0,129000,113000,TPEX
2026-01-02,6727,84000,0,-26000,58000,TPEX
2026-01-02,6728,6000,0,0,6000,TPEX
2026-01-02,6730,4000,0,0,4000,TPEX
2026-01-02,6732,28000,0,-91,27909,TPEX
2026-01-02,6733,39000,0,-5000,34000,TPEX
2026-01-02,6735,-3000,0,621,-2379,TPEX
2026-01-02,6739,85000,0,26472,111472,TPEX
2026-01-02,6741,78000,0,0,78000,TPEX
2026-01-02,6751,-40000,0,0,-40000,TPEX
2026-01-02,6752,38000,0,130,38130,TPEX
2026-01-02,6761,61000,0,1805,62805,TPEX
2026-01-02,6763,110806,0,36000,146806,TPEX
2026-01-02,6767,1000,0,0,1000,TPEX
2026-01-02,6785,-3000,-2000,2180,-2820,TPEX
2026-01-02,6788,-35970,0,21800,-14170,TPEX
2026-01-02,6791,9000,0,0,9000,TPEX
2026-01-02,6803,-8000,57000,8000,57000,TPEX
2026-01-02,6804,1000,0,0,1000,TPEX
2026-01-02,6811,-25000,0,478,-24522,TPEX
2026-01-02,6821,8000,0,0,8000,TPEX
2026-01-02,6823,-29000,0,0,-29000,TPEX
2026-01-02,6829,51000,0,-1003,49997,TPEX
2026-01-02,6840,-2000,0,0,-2000,TPEX
2026-01-02,6841,117000,0,0,117000,TPEX
2026-01-02,6859,-9000,0,0,-9000,TPEX
2026-01-02,6865,0,0,73,73,TPEX
2026-01-02,6870,-17000,0,3,-16997,TPEX
2026-01-02,6872,-1000,0,0,-1000,TPEX
2026-01-02,6874,8000,0,0,8000,TPEX
2026-01-02,6875,11000,0,-19,10981,TPEX
2026-01-02,6877,53000,0,300516,353516,TPEX
2026-01-02,6894,-14000,0,-777,-14777,TPEX
2026-01-02,6895,11000,0,3011,14011,TPEX
2026-01-02,6899,-1000,0,0,-1000,TPEX
2026-01-02,6903,-431000,0,25709,-405291,TPEX
2026-01-02,6910,91000,0,-97240,-6240,TPEX
2026-01-02,6913,48000,0,-2000,46000,TPEX
2026-01-02,6922,15000,0,3,15003,TPEX
2026-01-02,6925,32000,0,-59,31941,TPEX
2026-01-02,6953,16000,0,0,16000,TPEX
2026-01-02,6967,-51000,0,0,-51000,TPEX
2026-01-02,6968,-5000,0,0,-5000,TPEX
2026-01-02,6982,56000,0,0,56000,TPEX
2026-01-02,6996,12000,0,0,12000,TPEX
2026-01-02,6997,1000,0,0,1000,TPEX
2026-01-02,7402,-20000,120000,29319,129319,TPEX
2026-01-02,7547,-4000,0,0,-4000,TPEX
2026-01-02,7556,-6000,0,0,-6000,TPEX
2026-01-02,7584,0,0,0,0,TPEX
2026-01-02,7642,8000,0,0,8000,TPEX
2026-01-02,7703,-16900,0,-189,-17089,TPEX
2026-01-02,7712,85000,0,0,85000,TPEX
2026-01-02,7713,-1000,0,0,-1000,TPEX
2026-01-02,7714,32000,0,21964,53964,TPEX
2026-01-02,7715,-1000,0,0,-1000,TPEX
2026-01-02,7717,0,0,11000,11000,TPEX
2026-01-02,7723,-67000,0,0,-67000,TPEX
2026-01-02,7728,-41000,0,64851,23851,TPEX
2026-01-02,7734,-22890,0,3007,-19883,TPEX
2026-01-02,7738,40000,0,0,40000,TPEX
2026-01-02,7744,53000,0,28000,81000,TPEX
2026-01-02,7747,-1000,0,0,-1000,TPEX
2026-01-02,7751,63000,0,7151,70151,TPEX
2026-01-02,7757,-5000,0,0,-5000,TPEX
2026-01-02,7770,4000,0,243,4243,TPEX
2026-01-02,7777,-102000,0,0,-102000,TPEX
2026-01-02,7782,-2000,0,0,-2000,TPEX
2026-01-02,7805,-54000,0,-1000,-55000,TPEX
2026-01-02,7810,0,0,-69479,-69479,TPEX
2026-01-02,8027,-963655,0,67137,-896518,TPEX
2026-01-02,8032,18000,0,-5,17995,TPEX
2026-01-02,8034,205000,0,0,205000,TPEX
2026-01-02,8038,180000,0,0,180000,TPEX
2026-01-02,8040,13000,0,0,13000,TPEX
2026-01-02,8042,387000,0,124092,511092,TPEX
2026-01-02,8043,613000,0,891,613891,TPEX
2026-01-02,8044,-267000,0,7052,-259948,TPEX
2026-01-02,8047,-66000,0,-973,-66973,TPEX
2026-01-02,8048,87000,0,5000,92000,TPEX
2026-01-02,8049,17000,0,-95,16905,TPEX
2026-01-02,8050,-38000,1429,-72,-36643,TPEX
2026-01-02,8054,-1709000,0,-173487,-1882487,TPEX
2026-01-02,8059,29000,0,-200,28800,TPEX
2026-01-02,8064,-647000,0,170228,-476772,TPEX
2026-01-02,8066,-8000,0,0,-8000,TPEX
2026-01-02,8068,-601000,0,57,-600943,TPEX
2026-01-02,8069,-2820720,3330000,10820,520100,TPEX
2026-01-02,8071,169000,0,-25143,143857,TPEX
2026-01-02,8074,-609000,0,202,-608798,TPEX
2026-01-02,8076,150000,0,377,150377,TPEX
2026-01-02,8083,10,0,0,10,TPEX
2026-01-02,8084,76282,0,0,76282,TPEX
2026-01-02,8085,17000,0,-106,16894,TPEX
2026-01-02,8086,-410000,0,10667,-399333,TPEX
2026-01-02,8087,-1000,0,0,-1000,TPEX
2026-01-02,8088,712000,0,0,712000,TPEX
2026-01-02,8089,62000,0,0,62000,TPEX
2026-01-02,8091,50000,-593,-693,48714,TPEX
2026-01-02,8092,1000,0,0,1000,TPEX
2026-01-02,8096,539000,0,335653,874653,TPEX
2026-01-02,8097,3000,0,-1431,1569,TPEX
2026-01-02,8099,48000,0,12,48012,TPEX
2026-01-02,8102,-3000,0,-1000,-4000,TPEX
2026-01-02,8107,2000,0,0,2000,TPEX
2026-01-02,8109,-31000,0,-8,-31008,TPEX
2026-01-02,8111,-96000,0,-21981,-117981,TPEX
2026-01-02,8121,468000,0,2944,470944,TPEX
2026-01-02,8147,4200,0,289,4489,TPEX
2026-01-02,8155,-265000,0,-12190,-277190,TPEX
2026-01-02,8171,56000,0,-8000,48000,TPEX
2026-01-02,8176,0,0,254,254,TPEX
2026-01-02,8182,1000,0,0,1000,TPEX
2026-01-02,8183,118000,0,-7653,110347,TPEX
2026-01-02,8227,-35000,0,-7780,-42780,TPEX
2026-01-02,8234,129000,0,-11150,117850,TPEX
2026-01-02,8240,-103000,0,3728,-99272,TPEX
2026-01-02,8255,-108000,0,-1612,-109612,TPEX
2026-01-02,8272,-1000,0,0,-1000,TPEX
2026-01-02,8277,77000,0,-2,76998,TPEX
2026-01-02,8279,10005,0,0,10005,TPEX
2026-01-02,8289,39000,0,0,39000,TPEX
2026-01-02,8299,-183112,-563000,232837,-513275,TPEX
2026-01-02,8349,22000,0,116,22116,TPEX
2026-01-02,8354,-4000,0,-128,-4128,TPEX
2026-01-02,8358,2039360,5987000,380148,8406508,TPEX
2026-01-02,8383,19000,0,-242,18758,TPEX
2026-01-02,8390,223500,0,9185,232685,TPEX
2026-01-02,8401,2000,0,0,2000,TPEX
2026-01-02,8403,0,0,0,0,TPEX
2026-01-02,8409,0,0,-2,-2,TPEX
2026-01-02,8410,-10000,0,0,-10000,TPEX
2026-01-02,8415,-37000,103000,-36000,30000,TPEX
2026-01-02,8421,3000,0,0,3000,TPEX
2026-01-02,8423,-12000,0,171,-11829,TPEX
2026-01-02,8426,3000,0,0,3000,TPEX
2026-01-02,8431,1218104,0,62876,1280980,TPEX
2026-01-02,8432,0,0,0,0,TPEX
2026-01-02,8433,0,0,-1000,-1000,TPEX
2026-01-02,8435,1000,0,0,1000,TPEX
2026-01-02,8436,184000,63662,-448,247214,TPEX
2026-01-02,8437,1000,0,0,1000,TPEX
2026-01-02,8440,6000,0,0,6000,TPEX
2026-01-02,8444,-2000,0,0,-2000,TPEX
2026-01-02,8446,19000,0,589,19589,TPEX
2026-01-02,8450,5000,0,0,5000,TPEX
2026-01-02,8489,15000,0,0,15000,TPEX
2026-01-02,8905,-1000,0,0,-1000,TPEX
2026-01-02,8906,-4000,0,0,-4000,TPEX
2026-01-02,8916,5000,0,-21000,-16000,TPEX
2026-01-02,8917,-1000,0,-123,-1123,TPEX
2026-01-02,8924,-47000,0,0,-47000,TPEX
2026-01-02,8927,-271000,0,49000,-222000,TPEX
2026-01-02,8930,11000,0,0,11000,TPEX
2026-01-02,8931,2000,0,0,2000,TPEX
2026-01-02,8932,-518589,0,1280,-517309,TPEX
2026-01-02,8933,0,0,113,113,TPEX
2026-01-02,8935,-355000,0,559,-354441,TPEX
2026-01-02,8936,-459000,0,1469,-457531,TPEX
2026-01-02,8937,56000,0,22003,78003,TPEX
2026-01-02,8938,-6000,0,0,-6000,TPEX
2026-01-02,8941,-10000,0,0,-10000,TPEX
2026-01-02,8942,-38000,0,0,-38000,TPEX
2026-01-02,9949,1000,0,0,1000,TPEX
2026-01-02,9950,-4000,0,0,-4000,TPEX
2026-01-02,9951,2000,0,0,2000,TPEX
2026-01-02,9960,0,0,0,0,TPEX
2026-01-02,9962,1000,0,0,1000,TPEX
2026-01-05,1240,1000,0,0,1000,TPEX
2026-01-05,1264,-6000,0,0,-6000,TPEX
2026-01-05,1294,-8000,0,0,-8000,TPEX
2026-01-05,1295,-52000,0,-161,-52161,TPEX
2026-01-05,1336,-25000,0,1,-24999,TPEX
2026-01-05,1565,-122000,0,-1327,-123327,TPEX
2026-01-05,1569,-107000,0,420,-106580,TPEX
2026-01-05,1570,-46000,0,-8,-46008,TPEX
2026-01-05,1580,-12280,0,-2000,-14280,TPEX
2026-01-05,1584,134000,0,-490,133510,TPEX
2026-01-05,1586,-112000,0,-10000,-122000,TPEX
2026-01-05,1591,-31800,0,-462,-32262,TPEX
2026-01-05,1593,1000,0,0,1000,TPEX
2026-01-05,1595,163000,0,3836,166836,TPEX
2026-01-05,1599,-3000,0,0,-3000,TPEX
2026-01-05,1742,0,0,0,0,TPEX
2026-01-05,1777,-6000,0,0,-6000,TPEX
2026-01-05,1781,-2000,0,-1,-2001,TPEX
2026-01-05,1784,-144000,0,-58131,-202131,TPEX
2026-01-05,1785,-606144,0,-369231,-975375,TPEX
2026-01-05,1788,-5000,0,0,-5000,TPEX
2026-01-05,1796,2000,0,0,2000,TPEX
2026-01-05,1799,-41000,0,-117,-41117,TPEX
2026-01-05,1815,-3837673,-238000,-58548,-4134221,TPEX
2026-01-05,2061,38000,0,0,38000,TPEX
2026-01-05,2063,-5000,0,0,-5000,TPEX
2026-01-05,2064,1000,0,0,1000,TPEX
2026-01-05,2065,0,0,0,0,TPEX
2026-01-05,2066,-11000,0,0,-11000,TPEX
2026-01-05,2067,-29000,0,0,-29000,TPEX
2026-01-05,2070,-87000,0,27003,-59997,TPEX
2026-01-05,2230,-96000,0,-47984,-143984,TPEX
2026-01-05,2596,-20000,0,-11000,-31000,TPEX
2026-01-05,2640,-2000,0,22000,20000,TPEX
2026-01-05,2641,-1861000,0,-728,-1861728,TPEX
2026-01-05,2643,1000,0,0,1000,TPEX
2026-01-05,2718,-10000,0,-517,-10517,TPEX
2026-01-05,2719,0,0,0,0,TPEX
2026-01-05,2726,-7000,0,0,-7000,TPEX
2026-01-05,2729,-2000,0,0,-2000,TPEX
2026-01-05,2732,-17000,0,0,-17000,TPEX
2026-01-05,2734,-97000,0,183,-96817,TPEX
2026-01-05,2736,-24000,0,367,-23633,TPEX
2026-01-05,2743,-61000,0,-234,-61234,TPEX
2026-01-05,2745,-37000,0,3236,-33764,TPEX
2026-01-05,2751,1000,0,0,1000,TPEX
2026-01-05,2754,-1000,0,0,-1000,TPEX
2026-01-05,2755,-16000,0,-7000,-23000,TPEX
2026-01-05,2756,-33000,0,-29,-33029,TPEX
2026-01-05,2916,-1000,0,0,-1000,TPEX
2026-01-05,2926,0,0,0,0,TPEX
2026-01-05,2937,0,0,22,22,TPEX
2026-01-05,2947,-3000,0,0,-3000,TPEX
2026-01-05,2948,-87,0,0,-87,TPEX
2026-01-05,3066,-19000,0,656,-18344,TPEX
2026-01-05,3071,-113000,0,941,-112059,TPEX
2026-01-05,3073,-27016,0,-421,-27437,TPEX
2026-01-05,3078,-223700,-345000,-20194,-588894,TPEX
2026-01-05,3081,-73000,0,82000,9000,TPEX
2026-01-05,3083,-29000,0,-794,-29794,TPEX
2026-01-05,3086,-36000,0,-1224,-37224,TPEX
2026-01-05,3088,-111000,0,207,-110793,TPEX
2026-01-05,3093,-32000,0,0,-32000,TPEX
2026-01-05,3095,0,0,41,41,TPEX
2026-01-05,3105,3182170,0,386433,3568603,TPEX
2026-01-05,3114,8000,0,0,8000,TPEX
2026-01-05,3118,-1000,0,0,-1000,TPEX
2026-01-05,3122,-3000,0,35,-2965,TPEX
2026-01-05,3128,30000,0,0,30000,TPEX
2026-01-05,3131,372916,89000,112347,574263,TPEX
2026-01-05,3141,-151000,0,-5243,-156243,TPEX
2026-01-05,3147,-17000,0,-25,-17025,TPEX
2026-01-05,3152,-322000,0,11077,-310923,TPEX
2026-01-05,3162,-704000,0,-80,-704080,TPEX
2026-01-05,3163,-3523008,-256000,83070,-3695938,TPEX
2026-01-05,3169,-101000,0,-5792,-106792,TPEX
2026-01-05,3171,-2000,0,0,-2000,TPEX
2026-01-05,3176,-188000,0,0,-188000,TPEX
2026-01-05,3178,-11000,0,-1327,-12327,TPEX
2026-01-05,3188,-140000,0,-18914,-158914,TPEX
2026-01-05,3191,4000,0,9,4009,TPEX
2026-01-05,3205,-16000,0,0,-16000,TPEX
2026-01-05,3206,-19000,0,0,-19000,TPEX
2026-01-05,3207,-229000,0,922,-228078,TPEX
2026-01-05,3211,-347940,-530000,-120631,-998571,TPEX
2026-01-05,3213,-202000,0,-4413,-206413,TPEX
2026-01-05,3217,-408000,0,-1656,-409656,TPEX
2026-01-05,3218,-56000,0,-13808,-69808,TPEX
2026-01-05,3219,108200,0,-2078,106122,TPEX
2026-01-05,3221,-348000,0,-1637,-349637,TPEX
2026-01-05,3224,18000,0,0,18000,TPEX
2026-01-05,3226,0,0,0,0,TPEX
2026-01-05,3227,-595896,92000,15058,-488838,TPEX
2026-01-05,3228,81000,0,61,81061,TPEX
2026-01-05,3230,2000,0,-1342,658,TPEX
2026-01-05,3232,2000,0,0,2000,TPEX
2026-01-05,3234,-634000,0,-64205,-698205,TPEX
2026-01-05,3236,482500,0,3112,485612,TPEX
2026-01-05,3252,-1000,0,7,-993,TPEX
2026-01-05,3259,-6000,0,0,-6000,TPEX
2026-01-05,3260,1170893,514838,24196,1709927,TPEX
2026-01-05,3264,-1007100,232380,259304,-515416,TPEX
2026-01-05,3265,490000,0,-127522,362478,TPEX
2026-01-05,3268,-21000,0,-5,-21005,TPEX
2026-01-05,3272,-24000,0,0,-24000,TPEX
2026-01-05,3276,-2000,0,0,-2000,TPEX
2026-01-05,3284,-21000,0,39,-20961,TPEX
2026-01-05,3285,-4000,0,0,-4000,TPEX
2026-01-05,3287,-37000,0,802,-36198,TPEX
2026-01-05,3288,0,0,796,796,TPEX
2026-01-05,3289,-51900,0,-17886,-69786,TPEX
2026-01-05,3290,-131000,0,267,-130733,TPEX
2026-01-05,3293,-315490,57000,-63962,-322452,TPEX
2026-01-05,3294,-152000,0,152189,189,TPEX
2026-01-05,3297,20000,0,-195,19805,TPEX
2026-01-05,3303,-78000,0,-4,-78004,TPEX
2026-01-05,3306,-214000,0,-36,-214036,TPEX
2026-01-05,3310,4000,0,-5000,-1000,TPEX
2026-01-05,3313,-235000,0,-2,-235002,TPEX
2026-01-05,3317,-96000,0,-2694,-98694,TPEX
2026-01-05,3322,-100000,0,0,-100000,TPEX
2026-01-05,3323,-215860,0,-21815,-237675,TPEX
2026-01-05,3324,185011,10000,96483,291494,TPEX
2026-01-05,3325,-129000,0,-250,-129250,TPEX
2026-01-05,3332,-30000,0,0,-30000,TPEX
2026-01-05,3339,16000,0,-108,15892,TPEX
2026-01-05,3349,437000,0,0,437000,TPEX
2026-01-05,3354,-12000,0,-11000,-23000,TPEX
2026-01-05,3357,1577750,0,56066,1633816,TPEX
2026-01-05,3360,-116000,0,-14727,-130727,TPEX
2026-01-05,3362,-8000,0,-3341,-11341,TPEX
2026-01-05,3363,-437996,0,-1841,-439837,TPEX
2026-01-05,3372,-353999,0,-4125,-358124,TPEX
2026-01-05,3373,-25000,0,-36,-25036,TPEX
2026-01-05,3374,962253,0,69903,1032156,TPEX
2026-01-05,3379,-52000,0,0,-52000,TPEX
2026-01-05,3388,-6000,0,-6000,-12000,TPEX
2026-01-05,3390,-167000,0,576,-166424,TPEX
2026-01-05,3402,-729977,0,-30725,-760702,TPEX
2026-01-05,3426,1000,0,0,1000,TPEX
2026-01-05,3430,-64900,0,-780,-65680,TPEX
2026-01-05,3434,-128000,0,0,-128000,TPEX
2026-01-05,3438,161000,0,0,161000,TPEX
2026-01-05,3441,-31000,0,28,-30972,TPEX
2026-01-05,3444,23000,0,-2000,21000,TPEX
2026-01-05,3455,-469075,0,30150,-438925,TPEX
2026-01-05,3465,-3000,0,0,-3000,TPEX
2026-01-05,3466,-61000,0,441,-60559,TPEX
2026-01-05,3467,-10000,0,23,-9977,TPEX
2026-01-05,3479,-223000,0,-15362,-238362,TPEX
2026-01-05,3483,-233000,0,-1711,-234711,TPEX
2026-01-05,3484,-119000,0,-110,-119110,TPEX
2026-01-05,3489,-9000,0,0,-9000,TPEX
2026-01-05,3490,-252000,0,242,-251758,TPEX
2026-01-05,3491,94092,102000,30097,226189,TPEX
2026-01-05,3492,-27000,0,1000,-26000,TPEX
2026-01-05,3498,-85000,0,801,-84199,TPEX
2026-01-05,3499,21000,0,-607,20393,TPEX
2026-01-05,3508,-35000,0,0,-35000,TPEX
2026-01-05,3511,-163100,0,-492,-163592,TPEX
2026-01-05,3512,-3000,0,0,-3000,TPEX
2026-01-05,3516,-7000,0,0,-7000,TPEX
2026-01-05,3520,-47999,0,0,-47999,TPEX
2026-01-05,3521,29000,0,-100,28900,TPEX
2026-01-05,3522,-31000,0,0,-31000,TPEX
2026-01-05,3523,-6000,0,1,-5999,TPEX
2026-01-05,3526,-186000,-24000,2777,-207223,TPEX
2026-01-05,3527,-29000,0,0,-29000,TPEX
2026-01-05,3529,349741,-299000,11441,62182,TPEX
2026-01-05,3531,-1000,0,0,-1000,TPEX
2026-01-05,3537,-366000,0,-825,-366825,TPEX
2026-01-05,3540,-167000,0,2479,-164521,TPEX
2026-01-05,3541,0,0,0,0,TPEX
2026-01-05,3546,-34000,0,10001,-23999,TPEX
2026-01-05,3548,-274000,0,-4079,-278079,TPEX
2026-01-05,3551,-576850,30000,-13415,-560265,TPEX
2026-01-05,3552,-115000,0,-7411,-122411,TPEX
2026-01-05,3555,-82000,0,0,-82000,TPEX
2026-01-05,3556,-59000,0,0,-59000,TPEX
2026-01-05,3558,-68000,0,606,-67394,TPEX
2026-01-05,3564,-196000,0,-2493,-198493,TPEX
2026-01-05,3567,2000,0,0,2000,TPEX
2026-01-05,3570,-18000,0,0,-18000,TPEX
2026-01-05,3577,-21000,0,-906,-21906,TPEX
2026-01-05,3580,-495972,0,5678,-490294,TPEX
2026-01-05,3581,182000,0,-339,181661,TPEX
2026-01-05,3587,17424,-20000,-4971,-7547,TPEX
2026-01-05,3594,-198000,0,-241,-198241,TPEX
2026-01-05,3597,-5000,0,0,-5000,TPEX
2026-01-05,3609,-98000,0,6000,-92000,TPEX
2026-01-05,3611,-10000,0,-21000,-31000,TPEX
2026-01-05,3615,-455000,0,-323,-455323,TPEX
2026-01-05,3623,-60000,0,59871,-129,TPEX
2026-01-05,3624,542000,0,-234127,307873,TPEX
2026-01-05,3625,-94000,0,-2,-94002,TPEX
2026-01-05,3628,77000,0,-1000,76000,TPEX
2026-01-05,3630,-445000,0,329,-444671,TPEX
2026-01-05,3631,-6000,0,0,-6000,TPEX
2026-01-05,3646,-5000,0,0,-5000,TPEX
2026-01-05,3663,-123000,0,-598642,-721642,TPEX
2026-01-05,3664,-8000,0,0,-8000,TPEX
2026-01-05,3666,-18000,0,0,-18000,TPEX
2026-01-05,3672,2000,0,0,2000,TPEX
2026-01-05,3675,-68000,0,-20581,-88581,TPEX
2026-01-05,3680,1180870,1057000,169739,2407609,TPEX
2026-01-05,3684,-4000,0,6000,2000,TPEX
2026-01-05,3685,-88000,0,0,-88000,TPEX
2026-01-05,3687,-109000,0,-2000,-111000,TPEX
2026-01-05,3689,883710,0,46372,930082,TPEX
2026-01-05,3691,88000,0,-40306,47694,TPEX
2026-01-05,3693,-103000,-30000,-5028,-138028,TPEX
2026-01-05,3707,-1864990,0,-22910,-1887900,TPEX
2026-01-05,3709,-556000,0,170080,-385920,TPEX
2026-01-05,3710,-67000,0,0,-67000,TPEX
2026-01-05,3713,0,0,0,0,TPEX
2026-01-05,4102,9000,0,0,9000,TPEX
2026-01-05,4105,15000,0,-12203,2797,TPEX
2026-01-05,4107,-23000,0,209,-22791,TPEX
2026-01-05,4109,-224999,0,-705,-225704,TPEX
2026-01-05,4111,-61000,0,0,-61000,TPEX
2026-01-05,4113,42000,0,0,42000,TPEX
2026-01-05,4114,-107000,0,-165,-107165,TPEX
2026-01-05,4116,-13000,0,0,-13000,TPEX
2026-01-05,4120,1000,0,0,1000,TPEX
2026-01-05,4121,23001,0,0,23001,TPEX
2026-01-05,4123,539496,-95000,-36135,408361,TPEX
2026-01-05,4126,-14000,0,0,-14000,TPEX
2026-01-05,4127,-2000,0,0,-2000,TPEX
2026-01-05,4128,-304000,0,-13800,-317800,TPEX
2026-01-05,4129,43000,0,-19445,23555,TPEX
2026-01-05,4130,288000,0,-2873,285127,TPEX
2026-01-05,4138,-9000,0,0,-9000,TPEX
2026-01-05,4139,-5000,0,0,-5000,TPEX
2026-01-05,4147,-30000,0,1489,-28511,TPEX
2026-01-05,4153,-2000,0,6,-1994,TPEX
2026-01-05,4157,528000,0,8078,536078,TPEX
2026-01-05,4160,-2000,0,0,-2000,TPEX
2026-01-05,4161,-33000,0,0,-33000,TPEX
2026-01-05,4162,-110000,0,-2021,-112021,TPEX
2026-01-05,4163,-1000,-2000,-351,-3351,TPEX
2026-01-05,4166,111000,0,0,111000,TPEX
2026-01-05,4167,-362999,0,-550,-363549,TPEX
2026-01-05,4168,-37000,0,0,-37000,TPEX
2026-01-05,4171,-19000,0,-10,-19010,TPEX
2026-01-05,4173,-161000,0,-3000,-164000,TPEX
2026-01-05,4174,-199040,0,-132,-199172,TPEX
2026-01-05,4175,0,0,0,0,TPEX
2026-01-05,4188,-1000,0,0,-1000,TPEX
2026-01-05,4198,0,0,59,59,TPEX
2026-01-05,4205,-7000,0,0,-7000,TPEX
2026-01-05,4207,-73000,0,-4000,-77000,TPEX
2026-01-05,4303,-180900,0,-31019,-211919,TPEX
2026-01-05,4305,-1000,0,0,-1000,TPEX
2026-01-05,4401,-23000,0,0,-23000,TPEX
2026-01-05,4402,-2000,0,-101,-2101,TPEX
2026-01-05,4406,1000,0,0,1000,TPEX
2026-01-05,4413,2000,0,0,2000,TPEX
2026-01-05,4416,-3000,0,0,-3000,TPEX
2026-01-05,4417,-60000,0,-123623,-183623,TPEX
2026-01-05,4419,-1000,0,100,-900,TPEX
2026-01-05,4420,-14850,0,-637,-15487,TPEX
2026-01-05,4432,2000,0,0,2000,TPEX
2026-01-05,4433,9000,0,-50,8950,TPEX
2026-01-05,4442,-5000,0,-1000,-6000,TPEX
2026-01-05,4502,-6000,0,0,-6000,TPEX
2026-01-05,4503,-74000,0,-4990,-78990,TPEX
2026-01-05,4506,-90000,0,-148,-90148,TPEX
2026-01-05,4510,-127000,0,-1695,-128695,TPEX
2026-01-05,4513,5000,0,0,5000,TPEX
2026-01-05,4523,-78000,0,-175,-78175,TPEX
2026-01-05,4527,0,0,-909,-909,TPEX
2026-01-05,4528,0,0,0,0,TPEX
2026-01-05,4533,-661000,0,-7218,-668218,TPEX
2026-01-05,4534,-111000,0,-306,-111306,TPEX
2026-01-05,4535,0,0,-2000,-2000,TPEX
2026-01-05,4538,-3000,0,0,-3000,TPEX
2026-01-05,4541,48000,0,-3676,44324,TPEX
2026-01-05,4542,-54000,0,0,-54000,TPEX
2026-01-05,4543,-16000,0,-217,-16217,TPEX
2026-01-05,4549,1000,0,-1657,-657,TPEX
2026-01-05,4550,-3000,0,0,-3000,TPEX
2026-01-05,4554,-4000,0,12,-3988,TPEX
2026-01-05,4556,0,0,-942,-942,TPEX
2026-01-05,4558,-4000,0,481,-3519,TPEX
2026-01-05,4561,-49000,0,-1715,-50715,TPEX
2026-01-05,4563,-333000,0,2353,-330647,TPEX
2026-01-05,4568,1000,0,0,1000,TPEX
2026-01-05,4577,-129000,0,-555,-129555,TPEX
2026-01-05,4580,-2000,0,0,-2000,TPEX
2026-01-05,4702,-11000,0,58,-10942,TPEX
2026-01-05,4706,2000,0,0,2000,TPEX
2026-01-05,4707,-92000,0,0,-92000,TPEX
2026-01-05,4711,2000,0,565,2565,TPEX
2026-01-05,4714,-732999,0,-97735,-830734,TPEX
2026-01-05,4716,-159000,0,-336,-159336,TPEX
2026-01-05,4721,-160000,0,-3854,-163854,TPEX
2026-01-05,4726,-168000,0,0,-168000,TPEX
2026-01-05,4728,-2000,0,0,-2000,TPEX
2026-01-05,4729,-43000,0,999,-42001,TPEX
2026-01-05,4735,-1000,0,-2,-1002,TPEX
2026-01-05,4741,-39000,0,802,-38198,TPEX
2026-01-05,4743,89100,0,12588,101688,TPEX
2026-01-05,4744,-57000,0,0,-57000,TPEX
2026-01-05,4745,-37000,0,5000,-32000,TPEX
2026-01-05,4747,0,0,-593,-593,TPEX
2026-01-05,4749,588800,128000,11522,728322,TPEX
2026-01-05,4754,-3000,0,0,-3000,TPEX
2026-01-05,4760,-79000,0,1682,-77318,TPEX
2026-01-05,4768,-23000,0,28000,5000,TPEX
2026-01-05,4772,15336,0,227,15563,TPEX
2026-01-05,4903,602000,0,-692,601308,TPEX
2026-01-05,4907,3000,0,0,3000,TPEX
2026-01-05,4908,-361000,0,-11228,-372228,TPEX
2026-01-05,4909,198500,0,-6538,191962,TPEX
2026-01-05,4911,-1000,0,0,-1000,TPEX
2026-01-05,4923,-1000,0,0,-1000,TPEX
2026-01-05,4924,-1000,0,0,-1000,TPEX
2026-01-05,4931,-108000,-99000,279790,72790,TPEX
2026-01-05,4933,-86000,0,269,-85731,TPEX
2026-01-05,4939,281000,0,-9948,271052,TPEX
2026-01-05,4946,3000,0,51,3051,TPEX
2026-01-05,4950,3000,0,0,3000,TPEX
2026-01-05,4951,-64000,0,-255,-64255,TPEX
2026-01-05,4953,77000,-105000,-8700,-36700,TPEX
2026-01-05,4966,-419395,422000,-3942,-1337,TPEX
2026-01-05,4971,27608,0,13000,40608,TPEX
2026-01-05,4973,-466750,0,-9,-466759,TPEX
2026-01-05,4974,-87000,0,-2412,-89412,TPEX
2026-01-05,4979,-1317752,65000,-335867,-1588619,TPEX
2026-01-05,4987,5000,0,3,5003,TPEX
2026-01-05,4991,123000,0,101000,224000,TPEX
2026-01-05,4995,-8000,0,0,-8000,TPEX
2026-01-05,5009,145000,0,28337,173337,TPEX
2026-01-05,5011,-201000,0,0,-201000,TPEX
2026-01-05,5014,-30000,0,-30,-30030,TPEX
2026-01-05,5015,3000,0,-899,2101,TPEX
2026-01-05,5201,-153000,0,0,-153000,TPEX
2026-01-05,5202,-134000,0,319,-133681,TPEX
2026-01-05,5206,-9000,0,25,-8975,TPEX
2026-01-05,5209,-12000,0,895,-11105,TPEX
2026-01-05,5210,-12000,0,0,-12000,TPEX
2026-01-05,5211,0,0,0,0,TPEX
2026-01-05,5212,-1000,0,0,-1000,TPEX
2026-01-05,5213,-187000,0,0,-187000,TPEX
2026-01-05,5220,-1000,0,0,-1000,TPEX
2026-01-05,5223,-1000,0,0,-1000,TPEX
2026-01-05,5227,-55000,0,81,-54919,TPEX
2026-01-05,5228,6000,0,1780,7780,TPEX
2026-01-05,5230,0,0,350,350,TPEX
2026-01-05,5236,-111990,0,-37,-112027,TPEX
2026-01-05,5245,9000,0,0,9000,TPEX
2026-01-05,5251,-35916,0,412,-35504,TPEX
2026-01-05,5263,19000,0,-36404,-17404,TPEX
2026-01-05,5272,-11999,0,-80,-12079,TPEX
2026-01-05,5274,-53813,-22117,7023,-68907,TPEX
2026-01-05,5278,-71000,0,3000,-68000,TPEX
2026-01-05,5287,-11000,0,0,-11000,TPEX
2026-01-05,5289,-189907,241000,-113043,-61950,TPEX
2026-01-05,5291,-5000,0,0,-5000,TPEX
2026-01-05,5299,-50000,0,0,-50000,TPEX
2026-01-05,5302,-20000,0,0,-20000,TPEX
2026-01-05,5309,-956500,-7000,-24341,-987841,TPEX
2026-01-05,5312,-6000,0,-59,-6059,TPEX
2026-01-05,5314,449146,0,75287,524433,TPEX
2026-01-05,5315,-1276000,0,1711,-1274289,TPEX
2026-01-05,5321,-4000,0,0,-4000,TPEX
2026-01-05,5324,2000,0,0,2000,TPEX
2026-01-05,5328,-696000,0,824,-695176,TPEX
2026-01-05,5340,-275990,0,-182271,-458261,TPEX
2026-01-05,5347,2842683,-6130571,121383,-3166505,TPEX
2026-01-05,5348,27,0,0,27,TPEX
2026-01-05,5351,6280081,0,-91258,6188823,TPEX
2026-01-05,5353,3000,0,-224,2776,TPEX
2026-01-05,5355,3000,0,-4,2996,TPEX
2026-01-05,5356,-21000,0,-3000,-24000,TPEX
2026-01-05,5364,-5000,0,500,-4500,TPEX
2026-01-05,5371,175001,0,-110644,64357,TPEX
2026-01-05,5381,-158000,0,0,-158000,TPEX
2026-01-05,5386,278000,0,0,278000,TPEX
2026-01-05,5392,-291000,0,-11529,-302529,TPEX
2026-01-05,5398,0,0,0,0,TPEX
2026-01-05,5403,-11000,0,0,-11000,TPEX
2026-01-05,5410,-79000,0,-409,-79409,TPEX
2026-01-05,5425,198642,0,-6151,192491,TPEX
2026-01-05,5426,-359000,0,12,-358988,TPEX
2026-01-05,5432,30000,0,-20,29980,TPEX
2026-01-05,5438,-48000,0,121,-47879,TPEX
2026-01-05,5439,110143,-9000,-20301,80842,TPEX
2026-01-05,5443,-1327710,0,170680,-1157030,TPEX
2026-01-05,5450,5000,0,0,5000,TPEX
2026-01-05,5452,-426200,0,13478,-412722,TPEX
2026-01-05,5455,0,0,7,7,TPEX
2026-01-05,5457,-206000,-9000,-4180,-219180,TPEX
2026-01-05,5460,-32000,0,0,-32000,TPEX
2026-01-05,5464,-1000,0,0,-1000,TPEX
2026-01-05,5465,-204000,0,-660,-204660,TPEX
2026-01-05,5468,-29000,0,0,-29000,TPEX
2026-01-05,5474,-55000,0,-2481,-57481,TPEX
2026-01-05,5475,-299400,0,9466,-289934,TPEX
2026-01-05,5478,-134000,0,-1283,-135283,TPEX
2026-01-05,5481,9000,0,0,9000,TPEX
2026-01-05,5483,-2137661,721632,-90236,-1506265,TPEX
2026-01-05,5487,-14000,0,0,-14000,TPEX
2026-01-05,5488,0,0,-2,-2,TPEX
2026-01-05,5489,-29000,0,-3997,-32997,TPEX
2026-01-05,5490,-107000,0,89,-106911,TPEX
2026-01-05,5493,-66000,0,-12978,-78978,TPEX
2026-01-05,5498,1035140,0,-27000,1008140,TPEX
2026-01-05,5508,-685000,0,259,-684741,TPEX
2026-01-05,5511,41000,0,-6000,35000,TPEX
2026-01-05,5512,-1090000,0,0,-1090000,TPEX
2026-01-05,5514,-3000,0,0,-3000,TPEX
2026-01-05,5520,2000,0,0,2000,TPEX
2026-01-05,5523,-9000,0,4,-8996,TPEX
2026-01-05,5529,3000,0,0,3000,TPEX
2026-01-05,5530,-155000,0,0,-155000,TPEX
2026-01-05,5536,209564,535000,135759,880323,TPEX
2026-01-05,5601,0,0,4,4,TPEX
2026-01-05,5603,26000,0,-409,25591,TPEX
2026-01-05,5604,2000,0,0,2000,TPEX
2026-01-05,5609,-96259,0,-4000,-100259,TPEX
2026-01-05,5701,0,0,193,193,TPEX
2026-01-05,5704,0,0,0,0,TPEX
2026-01-05,5864,766000,0,0,766000,TPEX
2026-01-05,5902,0,0,132,132,TPEX
2026-01-05,5903,7000,-50000,16000,-27000,TPEX
2026-01-05,5904,-59077,65000,-64,5859,TPEX
2026-01-05,5905,-795000,0,-22758,-817758,TPEX
2026-01-05,6015,65000,0,0,65000,TPEX
2026-01-05,6016,-598000,0,0,-598000,TPEX
2026-01-05,6021,49000,0,0,49000,TPEX
2026-01-05,6023,8000,-8000,0,0,TPEX
2026-01-05,6026,141000,0,0,141000,TPEX
2026-01-05,6101,356,0,0,356,TPEX
2026-01-05,6104,-185000,0,6991,-178009,TPEX
2026-01-05,6109,3000,0,-198,2802,TPEX
2026-01-05,6111,-179000,0,-2042,-181042,TPEX
2026-01-05,6113,-45000,0,278,-44722,TPEX
2026-01-05,6114,-2000,0,25,-1975,TPEX
2026-01-05,6118,-82000,0,-340,-82340,TPEX
2026-01-05,6121,344022,-443229,-5180,-104387,TPEX
2026-01-05,6122,60000,0,2000,62000,TPEX
2026-01-05,6123,-16000,0,2327,-13673,TPEX
2026-01-05,6124,34000,0,4643,38643,TPEX
2026-01-05,6125,948000,0,-60599,887401,TPEX
2026-01-05,6126,-61000,0,100000,39000,TPEX
2026-01-05,6127,502000,0,-31143,470857,TPEX
2026-01-05,6129,-135000,0,128,-134872,TPEX
2026-01-05,6130,-49000,0,0,-49000,TPEX
2026-01-05,6134,101000,0,0,101000,TPEX
2026-01-05,6138,-48000,26000,-1135,-23135,TPEX
2026-01-05,6140,-27000,0,-571,-27571,TPEX
2026-01-05,6143,-546000,0,-18196,-564196,TPEX
2026-01-05,6144,-1000,0,0,-1000,TPEX
2026-01-05,6146,-171000,0,-149,-171149,TPEX
2026-01-05,6147,-936000,-1751542,23270,-2664272,TPEX
2026-01-05,6148,-87000,0,274,-86726,TPEX
2026-01-05,6150,-223000,0,-3460,-226460,TPEX
2026-01-05,6151,-45000,0,202,-44798,TPEX
2026-01-05,6154,0,0,0,0,TPEX
2026-01-05,6156,-74000,0,0,-74000,TPEX
2026-01-05,6158,-2000,0,0,-2000,TPEX
2026-01-05,6160,-91000,0,661,-90339,TPEX
2026-01-05,6161,-55000,0,0,-55000,TPEX
2026-01-05,6163,556500,0,-61663,494837,TPEX
2026-01-05,6167,-80000,0,0,-80000,TPEX
2026-01-05,6169,1001,0,26,1027,TPEX
2026-01-05,6170,-258000,0,0,-258000,TPEX
2026-01-05,6171,-1000,0,0,-1000,TPEX
2026-01-05,6173,-2139970,0,-336035,-2476005,TPEX
2026-01-05,6174,-2000,0,20,-1980,TPEX
2026-01-05,6175,-1411500,0,-191773,-1603273,TPEX
2026-01-05,6179,-217000,0,-6258,-223258,TPEX
2026-01-05,6180,-170000,-150878,-297,-321175,TPEX
2026-01-05,6182,-69000,0,-90111,-159111,TPEX
2026-01-05,6185,-79999,0,0,-79999,TPEX
2026-01-05,6186,-94000,0,-6125,-100125,TPEX
2026-01-05,6187,2990263,366000,130937,3487200,TPEX
2026-01-05,6188,-896990,1493000,-196155,399855,TPEX
2026-01-05,6190,534105,0,-59513,474592,TPEX
2026-01-05,6194,-77000,0,-13000,-90000,TPEX
2026-01-05,6195,-13000,0,0,-13000,TPEX
2026-01-05,6199,-102000,0,-5182,-107182,TPEX
2026-01-05,6203,-185200,0,4721,-180479,TPEX
2026-01-05,6204,-178000,0,0,-178000,TPEX
2026-01-05,6207,-130100,0,3143,-126957,TPEX
2026-01-05,6208,-13000,0,589,-12411,TPEX
2026-01-05,6210,-1000,0,0,-1000,TPEX
2026-01-05,6217,-1201000,0,-33841,-1234841,TPEX
2026-01-05,6218,-27930,0,18,-27912,TPEX
2026-01-05,6219,-44000,0,0,-44000,TPEX
2026-01-05,6220,-108000,0,0,-108000,TPEX
2026-01-05,6221,-5000,0,0,-5000,TPEX
2026-01-05,6222,-4000,0,0,-4000,TPEX
2026-01-05,6223,-158386,-418200,27986,-548600,TPEX
2026-01-05,6227,-30000,0,-7423,-37423,TPEX
2026-01-05,6228,-8000,0,1,-7999,TPEX
2026-01-05,6229,-46000,0,-279,-46279,TPEX
2026-01-05,6231,-190000,0,1759,-188241,TPEX
2026-01-05,6233,-121000,0,0,-121000,TPEX
2026-01-05,6234,617000,0,-11691,605309,TPEX
2026-01-05,6237,-24000,0,58,-23942,TPEX
2026-01-05,6240,0,0,0,0,TPEX
2026-01-05,6241,-1000,0,0,-1000,TPEX
2026-01-05,6244,129000,0,-84560,44440,TPEX
2026-01-05,6245,-416000,0,-12902,-428902,TPEX
2026-01-05,6246,0,0,-10,-10,TPEX
2026-01-05,6248,-28999,0,0,-28999,TPEX
2026-01-05,6259,-22000,0,2292,-19708,TPEX
2026-01-05,6261,16000,0,1000,17000,TPEX
2026-01-05,6263,-52000,0,0,-52000,TPEX
2026-01-05,6265,267500,0,344000,611500,TPEX
2026-01-05,6266,-35000,0,-459,-35459,TPEX
2026-01-05,6270,20000,0,4715,24715,TPEX
2026-01-05,6274,-680635,-710000,262408,-1128227,TPEX
2026-01-05,6275,-79000,0,159,-78841,TPEX
2026-01-05,6276,-4000,0,-13,-4013,TPEX
2026-01-05,6279,-54000,0,85,-53915,TPEX
2026-01-05,6284,647000,0,-66352,580648,TPEX
2026-01-05,6290,-1264000,6100,-120555,-1378455,TPEX
2026-01-05,6291,79950,0,-6514,73436,TPEX
2026-01-05,6292,3000,0,0,3000,TPEX
2026-01-05,6294,0,0,-2000,-2000,TPEX
2026-01-05,6411,-171971,0,340,-171631,TPEX
2026-01-05,6417,-3000,0,0,-3000,TPEX
2026-01-05,6418,75000,0,28,75028,TPEX
2026-01-05,6419,33000,0,-1000,32000,TPEX
2026-01-05,6425,-90050,0,-18,-90068,TPEX
2026-01-05,6432,124000,0,0,124000,TPEX
2026-01-05,6435,-93000,0,959,-92041,TPEX
2026-01-05,6441,4000,0,-374,3626,TPEX
2026-01-05,6461,66000,0,-1435,64565,TPEX
2026-01-05,6462,-943000,0,-5700,-948700,TPEX
2026-01-05,6465,57000,0,0,57000,TPEX
2026-01-05,6469,-78000,0,624,-77376,TPEX
2026-01-05,6470,-30000,0,1968,-28032,TPEX
2026-01-05,6474,-1000,0,-3000,-4000,TPEX
2026-01-05,6485,-479815,0,-28655,-508470,TPEX
2026-01-05,6486,-39000,0,0,-39000,TPEX
2026-01-05,6488,59876,1846862,22232,1928970,TPEX
2026-01-05,6492,-73000,0,-218,-73218,TPEX
2026-01-05,6494,-38000,0,0,-38000,TPEX
2026-01-05,6496,1000,0,0,1000,TPEX
2026-01-05,6498,-1000,0,-4000,-5000,TPEX
2026-01-05,6499,-11008,0,98,-10910,TPEX
2026-01-05,6506,0,0,0,0,TPEX
2026-01-05,6508,1000,0,0,1000,TPEX
2026-01-05,6509,-36000,-15000,-181,-51181,TPEX
2026-01-05,6510,-39997,-12284,-7449,-59730,TPEX
2026-01-05,6516,-6000,0,0,-6000,TPEX
2026-01-05,6517,-29000,0,-3264,-32264,TPEX
2026-01-05,6523,-1000,0,0,-1000,TPEX
2026-01-05,6527,-2000,0,0,-2000,TPEX
2026-01-05,6530,-254000,0,161,-253839,TPEX
2026-01-05,6532,-50000,0,0,-50000,TPEX
2026-01-05,6535,-72000,0,-18,-72018,TPEX
2026-01-05,6538,-53000,-155,77,-53078,TPEX
2026-01-05,6542,-1000,0,0,-1000,TPEX
2026-01-05,6546,-165800,0,-443,-166243,TPEX
2026-01-05,6547,-133300,0,-26519,-159819,TPEX
2026-01-05,6548,-2243000,2708000,-31671,433329,TPEX
2026-01-05,6560,-46000,0,0,-46000,TPEX
2026-01-05,6561,-36000,24000,-1134,-13134,TPEX
2026-01-05,6568,-64000,0,-6136,-70136,TPEX
2026-01-05,6569,-25000,0,0,-25000,TPEX
2026-01-05,6570,-11000,0,0,-11000,TPEX
2026-01-05,6576,-15000,0,0,-15000,TPEX
2026-01-05,6577,-7000,0,0,-7000,TPEX
2026-01-05,6578,-19000,0,0,-19000,TPEX
2026-01-05,6584,103000,21000,-30380,93620,TPEX
2026-01-05,6588,-144000,0,-2633,-146633,TPEX
2026-01-05,6593,-138000,0,-3745,-141745,TPEX
2026-01-05,6596,-60000,0,993,-59007,TPEX
2026-01-05,6603,381000,0,1695,382695,TPEX
2026-01-05,6609,-116000,0,-394,-116394,TPEX
2026-01-05,6612,-4000,0,0,-4000,TPEX
2026-01-05,6613,19000,-2665,428,16763,TPEX
2026-01-05,6616,-4000,0,0,-4000,TPEX
2026-01-05,6617,-56000,0,0,-56000,TPEX
2026-01-05,6620,4000,0,0,4000,TPEX
2026-01-05,6624,1000,0,17000,18000,TPEX
2026-01-05,6629,-30000,0,-49,-30049,TPEX
2026-01-05,6637,-6000,0,0,-6000,TPEX
2026-01-05,6640,75000,0,36544,111544,TPEX
2026-01-05,6642,-20000,0,0,-20000,TPEX
2026-01-05,6643,-125050,0,-5948,-130998,TPEX
2026-01-05,6649,-42000,0,0,-42000,TPEX
2026-01-05,6651,-30025,0,0,-30025,TPEX
2026-01-05,6654,8000,0,-21,7979,TPEX
2026-01-05,6661,-1000,0,0,-1000,TPEX
2026-01-05,6664,242010,0,-146,241864,TPEX
2026-01-05,6667,-152999,0,-3959,-156958,TPEX
2026-01-05,6679,-110000,0,-10145,-120145,TPEX
2026-01-05,6680,0,0,198,198,TPEX
2026-01-05,6683,-164080,0,-9148,-173228,TPEX
2026-01-05,6684,-43000,0,-182,-43182,TPEX
2026-01-05,6690,-7999,0,0,-7999,TPEX
2026-01-05,6692,-5000,0,0,-5000,TPEX
2026-01-05,6693,16000,0,1000,17000,TPEX
2026-01-05,6703,-2000,0,0,-2000,TPEX
2026-01-05,6708,2000,0,0,2000,TPEX
2026-01-05,6712,95501,0,-4251,91250,TPEX
2026-01-05,6716,-15000,0,-563,-15563,TPEX
2026-01-05,6720,-15000,0,0,-15000,TPEX
2026-01-05,6725,35000,0,23000,58000,TPEX
2026-01-05,6727,-602000,0,17000,-585000,TPEX
2026-01-05,6728,9000,0,402,9402,TPEX
2026-01-05,6732,-46000,0,-1979,-47979,TPEX
2026-01-05,6733,24000,0,-64,23936,TPEX
2026-01-05,6735,-6000,0,0,-6000,TPEX
2026-01-05,6739,-82919,0,-19799,-102718,TPEX
2026-01-05,6741,-63000,0,0,-63000,TPEX
2026-01-05,6751,-13000,0,10,-12990,TPEX
2026-01-05,6752,-77984,0,3372,-74612,TPEX
2026-01-05,6761,-11000,0,-429,-11429,TPEX
2026-01-05,6762,-1000,0,0,-1000,TPEX
2026-01-05,6763,-253000,0,-42115,-295115,TPEX
2026-01-05,6785,-97000,0,-7481,-104481,TPEX
2026-01-05,6788,43000,0,-13000,30000,TPEX
2026-01-05,6791,-2000,0,571,-1429,TPEX
2026-01-05,6803,-7000,14000,0,7000,TPEX
2026-01-05,6804,-7000,0,0,-7000,TPEX
2026-01-05,6811,-48000,0,-4377,-52377,TPEX
2026-01-05,6821,2000,0,0,2000,TPEX
2026-01-05,6823,-6000,0,3000,-3000,TPEX
2026-01-05,6829,-116000,0,-1358,-117358,TPEX
2026-01-05,6840,-5000,0,0,-5000,TPEX
2026-01-05,6841,-264900,0,-2949,-267849,TPEX
2026-01-05,6846,1000,0,0,1000,TPEX
2026-01-05,6859,-14978,0,703,-14275,TPEX
2026-01-05,6865,0,0,1,1,TPEX
2026-01-05,6870,18020,0,1651,19671,TPEX
2026-01-05,6872,2000,0,0,2000,TPEX
2026-01-05,6874,-2000,0,0,-2000,TPEX
2026-01-05,6875,-23000,0,0,-23000,TPEX
2026-01-05,6877,-48000,0,626,-47374,TPEX
2026-01-05,6894,-24000,0,40,-23960,TPEX
2026-01-05,6895,-8000,0,840,-7160,TPEX
2026-01-05,6899,1000,0,0,1000,TPEX
2026-01-05,6903,-191800,0,20352,-171448,TPEX
2026-01-05,6910,-112000,0,-64984,-176984,TPEX
2026-01-05,6913,-12000,0,-8000,-20000,TPEX
2026-01-05,6922,-9018,0,1000,-8018,TPEX
2026-01-05,6925,-19000,0,2,-18998,TPEX
2026-01-05,6929,-2200,0,0,-2200,TPEX
2026-01-05,6953,7000,0,0,7000,TPEX
2026-01-05,6967,-27000,0,6000,-21000,TPEX
2026-01-05,6968,-10000,0,0,-10000,TPEX
2026-01-05,6971,-19000,0,0,-19000,TPEX
2026-01-05,6982,-10000,0,0,-10000,TPEX
2026-01-05,6996,-211983,0,0,-211983,TPEX
2026-01-05,7402,-101000,100000,-4275,-5275,TPEX
2026-01-05,7547,-6000,0,0,-6000,TPEX
2026-01-05,7556,1000,0,0,1000,TPEX
2026-01-05,7584,-1000,0,0,-1000,TPEX
2026-01-05,7642,-21000,0,141,-20859,TPEX
2026-01-05,7703,54000,0,8944,62944,TPEX
2026-01-05,7704,1000,0,0,1000,TPEX
2026-01-05,7709,-9000,0,0,-9000,TPEX
2026-01-05,7712,-114000,0,0,-114000,TPEX
2026-01-05,7713,-7000,0,0,-7000,TPEX
2026-01-05,7714,-12000,0,-22159,-34159,TPEX
2026-01-05,7715,7000,0,0,7000,TPEX
2026-01-05,7717,1000,0,-3000,-2000,TPEX
2026-01-05,7718,-1000,0,0,-1000,TPEX
2026-01-05,7723,-30000,0,0,-30000,TPEX
2026-01-05,7728,-1000,0,20937,19937,TPEX
2026-01-05,7734,34100,0,4239,38339,TPEX
2026-01-05,7738,-51000,0,-2000,-53000,TPEX
2026-01-05,7743,-1000,0,0,-1000,TPEX
2026-01-05,7744,-40000,0,13000,-27000,TPEX
2026-01-05,7751,25000,0,-7951,17049,TPEX
2026-01-05,7753,-3000,0,0,-3000,TPEX
2026-01-05,7757,-5000,0,0,-5000,TPEX
2026-01-05,7770,-3000,0,0,-3000,TPEX
2026-01-05,7777,73000,0,0,73000,TPEX
2026-01-05,7782,-1000,0,0,-1000,TPEX
2026-01-05,7805,17000,0,0,17000,TPEX
2026-01-05,7810,-89000,0,-4000,-93000,TPEX
2026-01-05,8027,-1106000,0,-39958,-1145958,TPEX
2026-01-05,8032,-8000,0,88,-7912,TPEX
2026-01-05,8034,-238000,0,-11031,-249031,TPEX
2026-01-05,8038,18000,0,0,18000,TPEX
2026-01-05,8040,-165000,0,-675,-165675,TPEX
2026-01-05,8042,473500,0,75995,549495,TPEX
2026-01-05,8043,-386050,0,-10899,-396949,TPEX
2026-01-05,8044,-400000,0,2252,-397748,TPEX
2026-01-05,8047,-27000,0,0,-27000,TPEX
2026-01-05,8048,281000,0,-788,280212,TPEX
2026-01-05,8049,-12000,0,9,-11991,TPEX
2026-01-05,8050,-439000,0,520,-438480,TPEX
2026-01-05,8054,-524275,0,-104236,-628511,TPEX
2026-01-05,8059,-2000,0,-87,-2087,TPEX
2026-01-05,8064,259000,0,-65984,193016,TPEX
2026-01-05,8066,-1000,0,-20,-1020,TPEX
2026-01-05,8068,130000,0,72000,202000,TPEX
2026-01-05,8069,-3576738,2133510,79426,-1363802,TPEX
2026-01-05,8071,-104999,0,-544,-105543,TPEX
2026-01-05,8074,1204765,0,-76721,1128044,TPEX
2026-01-05,8076,-257000,0,-2454,-259454,TPEX
2026-01-05,8080,0,0,-4,-4,TPEX
2026-01-05,8083,2250,0,0,2250,TPEX
2026-01-05,8084,-51000,0,0,-51000,TPEX
2026-01-05,8085,-340000,0,380,-339620,TPEX
2026-01-05,8086,-337999,0,-16288,-354287,TPEX
2026-01-05,8087,3000,0,0,3000,TPEX
2026-01-05,8088,32200,0,0,32200,TPEX
2026-01-05,8089,-115000,0,0,-115000,TPEX
2026-01-05,8091,3000,0,-2664,336,TPEX
2026-01-05,8092,-1000,0,0,-1000,TPEX
2026-01-05,8096,-1270000,0,-55384,-1325384,TPEX
2026-01-05,8097,-24000,0,-5064,-29064,TPEX
2026-01-05,8099,-32000,0,27,-31973,TPEX
2026-01-05,8102,-3000,0,0,-3000,TPEX
2026-01-05,8107,6000,0,0,6000,TPEX
2026-01-05,8109,-10000,0,629,-9371,TPEX
2026-01-05,8111,497010,0,-168527,328483,TPEX
2026-01-05,8121,-155000,0,448,-154552,TPEX
2026-01-05,8147,-28000,0,-3147,-31147,TPEX
2026-01-05,8155,-289000,0,-16562,-305562,TPEX
2026-01-05,8171,-14000,0,-72,-14072,TPEX
2026-01-05,8176,-5000,0,108,-4892,TPEX
2026-01-05,8182,0,0,0,0,TPEX
2026-01-05,8183,-189000,0,-7125,-196125,TPEX
2026-01-05,8227,-101912,0,-7013,-108925,TPEX
2026-01-05,8234,-184900,0,-3069,-187969,TPEX
2026-01-05,8240,16000,0,-7048,8952,TPEX
2026-01-05,8255,-68000,0,-1261,-69261,TPEX
2026-01-05,8277,-20000,0,-647,-20647,TPEX
2026-01-05,8279,-12000,0,0,-12000,TPEX
2026-01-05,8284,-1000,0,0,-1000,TPEX
2026-01-05,8289,-11000,0,0,-11000,TPEX
2026-01-05,8299,-674073,534000,231292,91219,TPEX
2026-01-05,8342,-1000,0,0,-1000,TPEX
2026-01-05,8349,14000,0,0,14000,TPEX
2026-01-05,8354,-5000,0,0,-5000,TPEX
2026-01-05,8358,-4937373,-526000,-246577,-5709950,TPEX
2026-01-05,8383,-101000,0,-357,-101357,TPEX
2026-01-05,8390,126000,0,-19851,106149,TPEX
2026-01-05,8401,3000,0,0,3000,TPEX
2026-01-05,8403,-55000,0,0,-55000,TPEX
2026-01-05,8409,4000,0,33,4033,TPEX
2026-01-05,8410,-13000,0,0,-13000,TPEX
2026-01-05,8415,-80000,106000,-33000,-7000,TPEX
2026-01-05,8421,6000,0,0,6000,TPEX
2026-01-05,8426,-10000,0,31,-9969,TPEX
2026-01-05,8431,-91150,0,43476,-47674,TPEX
2026-01-05,8432,-1000,0,0,-1000,TPEX
2026-01-05,8433,-2000,0,0,-2000,TPEX
2026-01-05,8435,-27000,0,0,-27000,TPEX
2026-01-05,8436,-76000,115239,-3649,35590,TPEX
2026-01-05,8437,-7000,0,0,-7000,TPEX
2026-01-05,8440,-60000,0,0,-60000,TPEX
2026-01-05,8444,0,0,16,16,TPEX
2026-01-05,8446,-36000,0,0,-36000,TPEX
2026-01-05,8450,-1000,0,0,-1000,TPEX
2026-01-05,8472,1000,0,-548,452,TPEX
2026-01-05,8477,-2000,0,0,-2000,TPEX
2026-01-05,8489,-11000,0,-2000,-13000,TPEX
2026-01-05,8905,-5000,0,0,-5000,TPEX
2026-01-05,8906,-25000,0,0,-25000,TPEX
2026-01-05,8908,-15000,0,0,-15000,TPEX
2026-01-05,8916,-4000,0,-5000,-9000,TPEX
2026-01-05,8917,-5000,0,3555,-1445,TPEX
2026-01-05,8924,-34000,0,-7302,-41302,TPEX
2026-01-05,8927,-469000,0,0,-469000,TPEX
2026-01-05,8928,-8000,0,0,-8000,TPEX
2026-01-05,8930,-13000,0,0,-13000,TPEX
2026-01-05,8931,-2000,0,0,-2000,TPEX
2026-01-05,8932,50000,0,864,50864,TPEX
2026-01-05,8933,3000,0,-182,2818,TPEX
2026-01-05,8935,-8999,0,-709,-9708,TPEX
2026-01-05,8936,196000,0,1792,197792,TPEX
2026-01-05,8937,-13000,0,-6977,-19977,TPEX
2026-01-05,8938,3000,0,0,3000,TPEX
2026-01-05,8941,0,0,0,0,TPEX
2026-01-05,8942,-62000,0,-27000,-89000,TPEX
2026-01-05,9949,1000,0,0,1000,TPEX
2026-01-05,9950,-1000,0,0,-1000,TPEX
2026-01-05,9951,-23000,0,-23967,-46967,TPEX
2026-01-05,9960,10000,0,0,10000,TPEX
2026-01-05,9962,-1000,0,0,-1000,TPEX
2026-01-06,1240,0,0,0,0,TPEX
2026-01-06,1264,-1000,0,0,-1000,TPEX
2026-01-06,1268,-1000,0,0,-1000,TPEX
2026-01-06,1294,-2000,0,0,-2000,TPEX
2026-01-06,1295,42000,0,250,42250,TPEX
2026-01-06,1336,-4000,0,0,-4000,TPEX
2026-01-06,1565,58000,0,-2301,55699,TPEX
2026-01-06,1569,-105000,0,-5637,-110637,TPEX
2026-01-06,1570,4000,0,0,4000,TPEX
2026-01-06,1580,6000,0,0,6000,TPEX
2026-01-06,1584,197000,0,-867,196133,TPEX
2026-01-06,1586,57000,0,0,57000,TPEX
2026-01-06,1591,-87000,0,-34,-87034,TPEX
2026-01-06,1595,43000,0,593,43593,TPEX
2026-01-06,1599,2000,0,0,2000,TPEX
2026-01-06,1742,0,0,-740,-740,TPEX
2026-01-06,1777,-3000,0,0,-3000,TPEX
2026-01-06,1781,13000,0,-3,12997,TPEX
2026-01-06,1784,108000,0,13392,121392,TPEX
2026-01-06,1785,536000,-28000,-267224,240776,TPEX
2026-01-06,1788,1000,0,0,1000,TPEX
2026-01-06,1796,-8000,0,0,-8000,TPEX
2026-01-06,1799,26000,0,-948,25052,TPEX
2026-01-06,1815,-9393063,-12000,330421,-9074642,TPEX
2026-01-06,2061,-6000,0,0,-6000,TPEX
2026-01-06,2063,4000,0,0,4000,TPEX
2026-01-06,2064,-1000,0,0,-1000,TPEX
2026-01-06,2065,-13000,0,0,-13000,TPEX
2026-01-06,2066,3000,0,0,3000,TPEX
2026-01-06,2067,-2000,0,1,-1999,TPEX
2026-01-06,2070,7000,0,-2208,4792,TPEX
2026-01-06,2221,0,0,0,0,TPEX
2026-01-06,2230,-44000,0,73225,29225,TPEX
2026-01-06,2596,47000,0,0,47000,TPEX
2026-01-06,2640,7000,-15000,0,-8000,TPEX
2026-01-06,2641,311000,0,26534,337534,TPEX
2026-01-06,2643,3000,0,-1000,2000,TPEX
2026-01-06,2718,17000,0,369,17369,TPEX
2026-01-06,2719,-6000,0,318,-5682,TPEX
2026-01-06,2726,1000,0,0,1000,TPEX
2026-01-06,2729,-1000,0,120,-880,TPEX
2026-01-06,2732,15000,0,0,15000,TPEX
2026-01-06,2734,-16000,0,0,-16000,TPEX
2026-01-06,2736,9000,0,0,9000,TPEX
2026-01-06,2743,32000,0,149,32149,TPEX
2026-01-06,2745,20000,0,4935,24935,TPEX
2026-01-06,2751,2000,0,0,2000,TPEX
2026-01-06,2754,-4000,0,0,-4000,TPEX
2026-01-06,2755,2000,0,-1962,38,TPEX
2026-01-06,2756,7000,0,-57,6943,TPEX
2026-01-06,2941,3000,0,0,3000,TPEX
2026-01-06,2947,-125029,0,0,-125029,TPEX
2026-01-06,3066,2000,0,0,2000,TPEX
2026-01-06,3071,7000,0,0,7000,TPEX
2026-01-06,3073,52000,0,50,52050,TPEX
2026-01-06,3078,306000,-126031,10920,190889,TPEX
2026-01-06,3081,-219870,-3300,104000,-119170,TPEX
2026-01-06,3083,30000,0,158,30158,TPEX
2026-01-06,3086,28000,0,-921,27079,TPEX
2026-01-06,3088,7000,0,414,7414,TPEX
2026-01-06,3093,-12000,0,0,-12000,TPEX
2026-01-06,3095,-2000,0,0,-2000,TPEX
2026-01-06,3105,167940,6000,441520,615460,TPEX
2026-01-06,3114,21000,0,0,21000,TPEX
2026-01-06,3118,-1000,0,0,-1000,TPEX
2026-01-06,3122,3000,0,45,3045,TPEX
2026-01-06,3128,30000,0,0,30000,TPEX
2026-01-06,3131,336003,-10998,-56003,269002,TPEX
2026-01-06,3141,14000,0,-872,13128,TPEX
2026-01-06,3147,-16000,0,875,-15125,TPEX
2026-01-06,3152,0,0,-43804,-43804,TPEX
2026-01-06,3158,-2000,0,0,-2000,TPEX
2026-01-06,3162,-72000,0,0,-72000,TPEX
2026-01-06,3163,-2800028,-20000,54516,-2765512,TPEX
2026-01-06,3169,27000,0,4398,31398,TPEX
2026-01-06,3171,0,0,0,0,TPEX
2026-01-06,3176,43000,0,0,43000,TPEX
2026-01-06,3178,17000,0,0,17000,TPEX
2026-01-06,3188,-1000,0,0,-1000,TPEX
2026-01-06,3191,0,0,1000,1000,TPEX
2026-01-06,3205,0,0,0,0,TPEX
2026-01-06,3206,-5000,0,0,-5000,TPEX
2026-01-06,3207,363000,0,66789,429789,TPEX
2026-01-06,3211,-699953,214531,171577,-313845,TPEX
2026-01-06,3213,-8990,-1460,24388,13938,TPEX
2026-01-06,3217,-130725,-869,-1895,-133489,TPEX
2026-01-06,3218,77000,0,-6836,70164,TPEX
2026-01-06,3219,-23000,0,13706,-9294,TPEX
2026-01-06,3221,25000,0,0,25000,TPEX
2026-01-06,3224,-2000,0,0,-2000,TPEX
2026-01-06,3226,-1000,0,0,-1000,TPEX
2026-01-06,3227,224200,78500,231059,533759,TPEX
2026-01-06,3228,71000,0,317,71317,TPEX
2026-01-06,3230,50000,0,761,50761,TPEX
2026-01-06,3232,-2000,0,0,-2000,TPEX
2026-01-06,3234,144000,0,-148,143852,TPEX
2026-01-06,3236,106000,0,4000,110000,TPEX
2026-01-06,3252,3000,0,72,3072,TPEX
2026-01-06,3259,-2000,0,0,-2000,TPEX
2026-01-06,3260,328800,193620,-816837,-294417,TPEX
2026-01-06,3264,-1104000,690679,1296000,882679,TPEX
2026-01-06,3265,-96000,-1474,22738,-74736,TPEX
2026-01-06,3268,1000,0,-3,997,TPEX
2026-01-06,3272,0,0,0,0,TPEX
2026-01-06,3276,52000,0,0,52000,TPEX
2026-01-06,3284,14000,0,0,14000,TPEX
2026-01-06,3287,-6000,0,0,-6000,TPEX
2026-01-06,3289,-267513,0,4937,-262576,TPEX
2026-01-06,3290,-41000,0,51512,10512,TPEX
2026-01-06,3293,-67491,-41000,931,-107560,TPEX
2026-01-06,3294,-347000,0,-142000,-489000,TPEX
2026-01-06,3297,23000,0,-536,22464,TPEX
2026-01-06,3303,22000,0,-349,21651,TPEX
2026-01-06,3306,54000,0,-100,53900,TPEX
2026-01-06,3310,0,0,-5000,-5000,TPEX
2026-01-06,3313,47000,0,0,47000,TPEX
2026-01-06,3317,-150000,0,-1649,-151649,TPEX
2026-01-06,3322,73000,0,0,73000,TPEX
2026-01-06,3323,36000,0,-5594,30406,TPEX
2026-01-06,3324,-124209,-412348,40879,-495678,TPEX
2026-01-06,3325,-10000,0,0,-10000,TPEX
2026-01-06,3332,-5000,0,1000,-4000,TPEX
2026-01-06,3339,191000,0,-1,190999,TPEX
2026-01-06,3349,45000,0,0,45000,TPEX
2026-01-06,3354,-13790,0,1000,-12790,TPEX
2026-01-06,3357,75000,0,226785,301785,TPEX
2026-01-06,3360,64000,0,-1423,62577,TPEX
2026-01-06,3362,162000,0,2406,164406,TPEX
2026-01-06,3363,-1125970,0,-1745,-1127715,TPEX
2026-01-06,3372,520000,0,0,520000,TPEX
2026-01-06,3373,-12000,0,479,-11521,TPEX
2026-01-06,3374,1667960,347000,574803,2589763,TPEX
2026-01-06,3379,21000,0,15,21015,TPEX
2026-01-06,3388,1000,0,-4000,-3000,TPEX
2026-01-06,3390,95000,0,0,95000,TPEX
2026-01-06,3402,-294950,0,26775,-268175,TPEX
2026-01-06,3426,-1000,0,0,-1000,TPEX
2026-01-06,3430,-103000,0,-312,-103312,TPEX
2026-01-06,3434,30000,0,0,30000,TPEX
2026-01-06,3438,-134000,0,0,-134000,TPEX
2026-01-06,3441,21000,0,0,21000,TPEX
2026-01-06,3444,-5000,0,-1000,-6000,TPEX
2026-01-06,3455,102000,-1420,2034,102614,TPEX
2026-01-06,3465,-1000,0,0,-1000,TPEX
2026-01-06,3466,-92000,0,-107,-92107,TPEX
2026-01-06,3467,2000,0,0,2000,TPEX
2026-01-06,3479,27000,0,14963,41963,TPEX
2026-01-06,3483,-156000,-1545,-8508,-166053,TPEX
2026-01-06,3484,18000,0,-12000,6000,TPEX
2026-01-06,3489,14000,0,0,14000,TPEX
2026-01-06,3490,163000,0,-216,162784,TPEX
2026-01-06,3491,-182038,-27300,-33340,-242678,TPEX
2026-01-06,3492,4000,0,0,4000,TPEX
2026-01-06,3498,105000,0,74,105074,TPEX
2026-01-06,3499,22000,0,420,22420,TPEX
2026-01-06,3508,37000,0,0,37000,TPEX
2026-01-06,3511,-19000,0,366,-18634,TPEX
2026-01-06,3512,0,0,0,0,TPEX
2026-01-06,3516,0,0,0,0,TPEX
2026-01-06,3520,56000,0,4,56004,TPEX
2026-01-06,3521,11000,0,-3,10997,TPEX
2026-01-06,3522,49000,0,0,49000,TPEX
2026-01-06,3523,0,0,0,0,TPEX
2026-01-06,3526,14000,0,4573,18573,TPEX
2026-01-06,3527,24000,0,0,24000,TPEX
2026-01-06,3529,333360,-41850,31884,323394,TPEX
2026-01-06,3537,-20000,0,0,-20000,TPEX
2026-01-06,3540,92000,0,1000,93000,TPEX
2026-01-06,3541,-4000,0,0,-4000,TPEX
2026-01-06,3546,-45000,0,-2000,-47000,TPEX
2026-01-06,3548,44000,0,-316,43684,TPEX
2026-01-06,3551,-667269,30000,56729,-580540,TPEX
2026-01-06,3552,17000,0,-59,16941,TPEX
2026-01-06,3555,53000,0,0,53000,TPEX
2026-01-06,3556,13000,0,61,13061,TPEX
2026-01-06,3558,5000,0,142,5142,TPEX
2026-01-06,3564,11000,0,87,11087,TPEX
2026-01-06,3567,2000,0,0,2000,TPEX
2026-01-06,3570,8000,0,0,8000,TPEX
2026-01-06,3577,5000,0,-1453,3547,TPEX
2026-01-06,3580,-101000,0,-3080,-104080,TPEX
2026-01-06,3581,-4000,0,0,-4000,TPEX
2026-01-06,3587,51176,0,523,51699,TPEX
2026-01-06,3594,20000,0,174,20174,TPEX
2026-01-06,3597,-2000,0,0,-2000,TPEX
2026-01-06,3609,34000,0,0,34000,TPEX
2026-01-06,3611,4000,0,0,4000,TPEX
2026-01-06,3615,405000,0,402,405402,TPEX
2026-01-06,3623,9000,0,-61903,-52903,TPEX
2026-01-06,3624,-54000,0,-41965,-95965,TPEX
2026-01-06,3625,62000,0,-577,61423,TPEX
2026-01-06,3628,44000,0,477,44477,TPEX
2026-01-06,3630,108000,0,12792,120792,TPEX
2026-01-06,3631,0,0,0,0,TPEX
2026-01-06,3646,-9000,0,0,-9000,TPEX
2026-01-06,3663,110000,0,-290979,-180979,TPEX
2026-01-06,3664,6000,0,0,6000,TPEX
2026-01-06,3666,-23000,0,0,-23000,TPEX
2026-01-06,3672,-11000,0,0,-11000,TPEX
2026-01-06,3675,29000,0,-545,28455,TPEX
2026-01-06,3680,1191,1158000,127494,1286685,TPEX
2026-01-06,3684,20000,0,3000,23000,TPEX
2026-01-06,3685,-48000,0,0,-48000,TPEX
2026-01-06,3687,-45000,0,0,-45000,TPEX
2026-01-06,3689,-1181990,0,-219880,-1401870,TPEX
2026-01-06,3691,-27000,0,-11000,-38000,TPEX
2026-01-06,3693,69800,-21000,30245,79045,TPEX
2026-01-06,3707,-2812995,0,104982,-2708013,TPEX
2026-01-06,3709,210000,0,74871,284871,TPEX
2026-01-06,3710,-63000,0,0,-63000,TPEX
2026-01-06,4102,39000,0,0,39000,TPEX
2026-01-06,4105,-241805,-4000,-247,-246052,TPEX
2026-01-06,4107,-6000,0,0,-6000,TPEX
2026-01-06,4109,-35000,0,73,-34927,TPEX
2026-01-06,4111,-100000,0,-8000,-108000,TPEX
2026-01-06,4113,-15000,0,0,-15000,TPEX
2026-01-06,4114,228998,0,81439,310437,TPEX
2026-01-06,4116,-15000,0,0,-15000,TPEX
2026-01-06,4120,2000,0,-2000,0,TPEX
2026-01-06,4121,3000,0,0,3000,TPEX
2026-01-06,4123,-635100,0,22087,-613013,TPEX
2026-01-06,4126,-12000,0,0,-12000,TPEX
2026-01-06,4127,-1000,0,0,-1000,TPEX
2026-01-06,4128,-865000,0,686,-864314,TPEX
2026-01-06,4129,36250,0,22557,58807,TPEX
2026-01-06,4130,-1700000,0,2187,-1697813,TPEX
2026-01-06,4131,1000,0,-3654,-2654,TPEX
2026-01-06,4138,7000,0,0,7000,TPEX
2026-01-06,4139,-8000,0,0,-8000,TPEX
2026-01-06,4147,-49000,0,-345,-49345,TPEX
2026-01-06,4153,9000,0,-59,8941,TPEX
2026-01-06,4157,1018000,0,0,1018000,TPEX
2026-01-06,4160,14000,0,0,14000,TPEX
2026-01-06,4161,-19000,0,0,-19000,TPEX
2026-01-06,4162,71000,0,705,71705,TPEX
2026-01-06,4163,0,-2000,0,-2000,TPEX
2026-01-06,4166,-232000,0,0,-232000,TPEX
2026-01-06,4167,-128000,0,-2,-128002,TPEX
2026-01-06,4168,48000,0,3,48003,TPEX
2026-01-06,4171,-11000,0,0,-11000,TPEX
2026-01-06,4173,19000,0,0,19000,TPEX
2026-01-06,4174,-50972,0,257,-50715,TPEX
2026-01-06,4175,4000,0,0,4000,TPEX
2026-01-06,4205,1000,0,0,1000,TPEX
2026-01-06,4207,-9000,0,-14000,-23000,TPEX
2026-01-06,4303,201973,0,4306,206279,TPEX
2026-01-06,4305,-2000,0,0,-2000,TPEX
2026-01-06,4401,15000,0,0,15000,TPEX
2026-01-06,4402,2000,0,-1,1999,TPEX
2026-01-06,4413,2000,0,0,2000,TPEX
2026-01-06,4416,-8000,0,0,-8000,TPEX
2026-01-06,4417,22000,0,-8247,13753,TPEX
2026-01-06,4419,1000,0,207,1207,TPEX
2026-01-06,4420,2100,0,818,2918,TPEX
2026-01-06,4430,0,0,0,0,TPEX
2026-01-06,4432,-3000,0,0,-3000,TPEX
2026-01-06,4433,2000,0,-10,1990,TPEX
2026-01-06,4442,0,0,1000,1000,TPEX
2026-01-06,4502,1000,0,0,1000,TPEX
2026-01-06,4503,5000,0,-1881,3119,TPEX
2026-01-06,4506,6000,0,0,6000,TPEX
2026-01-06,4510,416000,0,18397,434397,TPEX
2026-01-06,4513,65000,0,0,65000,TPEX
2026-01-06,4523,-4000,0,522,-3478,TPEX
2026-01-06,4527,1000,0,0,1000,TPEX
2026-01-06,4528,-2000,0,0,-2000,TPEX
2026-01-06,4533,187000,0,2570,189570,TPEX
2026-01-06,4534,-35000,0,262,-34738,TPEX
2026-01-06,4535,3000,0,0,3000,TPEX
2026-01-06,4538,1000,0,-674,326,TPEX
2026-01-06,4541,149000,0,10953,159953,TPEX
2026-01-06,4542,63000,0,0,63000,TPEX
2026-01-06,4543,-23000,0,-126,-23126,TPEX
2026-01-06,4549,-18000,0,-4787,-22787,TPEX
2026-01-06,4550,-2000,0,0,-2000,TPEX
2026-01-06,4554,-6000,0,0,-6000,TPEX
2026-01-06,4556,0,0,8,8,TPEX
2026-01-06,4558,-14000,0,-2059,-16059,TPEX
2026-01-06,4561,40000,0,-100,39900,TPEX
2026-01-06,4563,21000,0,-4033,16967,TPEX
2026-01-06,4568,0,0,0,0,TPEX
2026-01-06,4577,-25000,0,227,-24773,TPEX
2026-01-06,4580,-2000,0,0,-2000,TPEX
2026-01-06,4702,-8000,0,0,-8000,TPEX
2026-01-06,4706,-3000,0,0,-3000,TPEX
2026-01-06,4707,116000,0,0,116000,TPEX
2026-01-06,4711,-1000,0,-116,-1116,TPEX
2026-01-06,4714,30000,0,-1200,28800,TPEX
2026-01-06,4716,58000,0,0,58000,TPEX
2026-01-06,4721,67000,0,-2036,64964,TPEX
2026-01-06,4726,53000,0,0,53000,TPEX
2026-01-06,4728,100,0,0,100,TPEX
2026-01-06,4729,321000,0,-2614,318386,TPEX
2026-01-06,4735,2000,0,-1,1999,TPEX
2026-01-06,4741,38000,0,-769,37231,TPEX
2026-01-06,4743,178210,0,75103,253313,TPEX
2026-01-06,4744,19000,0,-3000,16000,TPEX
2026-01-06,4745,46000,0,2000,48000,TPEX
2026-01-06,4747,-2000,0,0,-2000,TPEX
2026-01-06,4749,81321,120652,-87052,114921,TPEX
2026-01-06,4760,213000,0,3147,216147,TPEX
2026-01-06,4768,28991,0,-7368,21623,TPEX
2026-01-06,4772,395603,-1000,-64786,329817,TPEX
2026-01-06,4806,0,0,903,903,TPEX
2026-01-06,4903,-622000,0,0,-622000,TPEX
2026-01-06,4907,4000,0,0,4000,TPEX
2026-01-06,4908,-166000,0,-6241,-172241,TPEX
2026-01-06,4909,-925500,0,12485,-913015,TPEX
2026-01-06,4911,-15000,0,0,-15000,TPEX
2026-01-06,4923,-10000,0,82,-9918,TPEX
2026-01-06,4931,-2601,-60000,105000,42399,TPEX
2026-01-06,4933,81000,0,-57,80943,TPEX
2026-01-06,4939,-515000,0,0,-515000,TPEX
2026-01-06,4946,11000,0,60,11060,TPEX
2026-01-06,4951,-1000,0,0,-1000,TPEX
2026-01-06,4953,227000,0,2373,229373,TPEX
2026-01-06,4966,-155086,411400,7777,264091,TPEX
2026-01-06,4971,5973,0,-10873,-4900,TPEX
2026-01-06,4972,-7000,0,0,-7000,TPEX
2026-01-06,4973,885143,0,0,885143,TPEX
2026-01-06,4974,57000,0,4390,61390,TPEX
2026-01-06,4979,-1604630,-160348,-446193,-2211171,TPEX
2026-01-06,4987,-1000,0,0,-1000,TPEX
2026-01-06,4991,59000,0,41000,100000,TPEX
2026-01-06,4995,-7000,0,0,-7000,TPEX
2026-01-06,5009,266000,-5000,9753,270753,TPEX
2026-01-06,5011,-11000,0,0,-11000,TPEX
2026-01-06,5013,-17000,0,0,-17000,TPEX
2026-01-06,5014,15000,0,150,15150,TPEX
2026-01-06,5015,4000,0,0,4000,TPEX
2026-01-06,5201,-10000,0,0,-10000,TPEX
2026-01-06,5202,58000,0,0,58000,TPEX
2026-01-06,5206,-2000,0,0,-2000,TPEX
2026-01-06,5209,10000,0,-292,9708,TPEX
2026-01-06,5210,-217000,0,195,-216805,TPEX
2026-01-06,5211,0,0,0,0,TPEX
2026-01-06,5212,-1000,0,0,-1000,TPEX
2026-01-06,5213,24000,0,0,24000,TPEX
2026-01-06,5220,-7000,0,0,-7000,TPEX
2026-01-06,5223,-1000,0,0,-1000,TPEX
2026-01-06,5227,56000,0,0,56000,TPEX
2026-01-06,5228,-36000,0,-1702,-37702,TPEX
2026-01-06,5230,18000,0,0,18000,TPEX
2026-01-06,5236,62000,0,-323,61677,TPEX
2026-01-06,5245,-36000,0,-432,-36432,TPEX
2026-01-06,5251,7000,0,-837,6163,TPEX
2026-01-06,5263,-123000,0,-14039,-137039,TPEX
2026-01-06,5272,-36000,0,504,-35496,TPEX
2026-01-06,5274,20479,-4235,-1577,14667,TPEX
2026-01-06,5278,5000,0,1000,6000,TPEX
2026-01-06,5287,2000,0,0,2000,TPEX
2026-01-06,5289,42961,281600,206587,531148,TPEX
2026-01-06,5291,4000,0,191,4191,TPEX
2026-01-06,5299,21000,0,0,21000,TPEX
2026-01-06,5301,3000,0,0,3000,TPEX
2026-01-06,5302,-8000,0,-8000,-16000,TPEX
2026-01-06,5309,-4800970,-9000,-69583,-4879553,TPEX
2026-01-06,5310,0,0,7,7,TPEX
2026-01-06,5312,4000,0,0,4000,TPEX
2026-01-06,5314,200400,0,19717,220117,TPEX
2026-01-06,5315,159000,0,0,159000,TPEX
2026-01-06,5321,0,0,0,0,TPEX
2026-01-06,5324,-19000,0,0,-19000,TPEX
2026-01-06,5328,-853000,0,-89,-853089,TPEX
2026-01-06,5340,-853000,0,4535,-848465,TPEX
2026-01-06,5344,-2000,0,0,-2000,TPEX
2026-01-06,5345,0,0,444,444,TPEX
2026-01-06,5347,11881541,-8520103,727572,4089010,TPEX
2026-01-06,5351,1312030,0,-69544,1242486,TPEX
2026-01-06,5353,1000,0,0,1000,TPEX
2026-01-06,5355,-8000,0,-10,-8010,TPEX
2026-01-06,5356,-12000,0,-1000,-13000,TPEX
2026-01-06,5364,1000,0,0,1000,TPEX
2026-01-06,5371,907000,0,162516,1069516,TPEX
2026-01-06,5381,443000,0,0,443000,TPEX
2026-01-06,5386,-217000,0,-10001,-227001,TPEX
2026-01-06,5392,-387000,0,34154,-352846,TPEX
2026-01-06,5398,65000,0,0,65000,TPEX
2026-01-06,5403,-29000,0,0,-29000,TPEX
2026-01-06,5410,-6000,0,0,-6000,TPEX
2026-01-06,5425,576000,-2477,68731,642254,TPEX
2026-01-06,5426,12000,0,24,12024,TPEX
2026-01-06,5432,-100000,0,103,-99897,TPEX
2026-01-06,5438,54000,0,-51,53949,TPEX
2026-01-06,5439,329750,975650,226522,1531922,TPEX
2026-01-06,5443,-507970,0,-33273,-541243,TPEX
2026-01-06,5450,-4000,0,0,-4000,TPEX
2026-01-06,5452,136800,0,-95466,41334,TPEX
2026-01-06,5455,0,0,302,302,TPEX
2026-01-06,5457,-49000,-11000,534,-59466,TPEX
2026-01-06,5460,7000,0,0,7000,TPEX
2026-01-06,5464,20000,0,0,20000,TPEX
2026-01-06,5465,-5000,0,18,-4982,TPEX
2026-01-06,5468,-3000,0,0,-3000,TPEX
2026-01-06,5474,27000,0,-2067,24933,TPEX
2026-01-06,5475,-313000,0,1013,-311987,TPEX
2026-01-06,5478,-27000,0,-275,-27275,TPEX
2026-01-06,5481,59000,0,0,59000,TPEX
2026-01-06,5483,-212342,1862504,272935,1923097,TPEX
2026-01-06,5487,-1000,0,0,-1000,TPEX
2026-01-06,5488,-1000,0,0,-1000,TPEX
2026-01-06,5489,9000,0,0,9000,TPEX
2026-01-06,5490,43000,0,104,43104,TPEX
2026-01-06,5493,32000,0,-7970,24030,TPEX
2026-01-06,5498,147715,0,-8000,139715,TPEX
2026-01-06,5508,11000,-1000,5988,15988,TPEX
2026-01-06,5511,-125000,0,-12000,-137000,TPEX
2026-01-06,5512,491000,0,0,491000,TPEX
2026-01-06,5520,1000,0,0,1000,TPEX
2026-01-06,5523,3000,0,0,3000,TPEX
2026-01-06,5529,4000,0,0,4000,TPEX
2026-01-06,5530,-31000,0,0,-31000,TPEX
2026-01-06,5536,-694835,485400,198399,-11036,TPEX
2026-01-06,5548,2000,0,0,2000,TPEX
2026-01-06,5603,-13000,0,0,-13000,TPEX
2026-01-06,5604,-1000,0,0,-1000,TPEX
2026-01-06,5609,20000,0,0,20000,TPEX
2026-01-06,5701,0,0,-2,-2,TPEX
2026-01-06,5704,-1000,0,0,-1000,TPEX
2026-01-06,5864,219000,0,0,219000,TPEX
2026-01-06,5902,1000,0,0,1000,TPEX
2026-01-06,5903,20000,-52000,9831,-22169,TPEX
2026-01-06,5904,-60845,75178,-352,13981,TPEX
2026-01-06,5905,172000,0,-795,171205,TPEX
2026-01-06,6015,46000,0,0,46000,TPEX
2026-01-06,6016,944000,0,0,944000,TPEX
2026-01-06,6021,53000,0,0,53000,TPEX
2026-01-06,6023,-11000,2000,0,-9000,TPEX
2026-01-06,6026,296000,0,0,296000,TPEX
2026-01-06,6101,90,0,0,90,TPEX
2026-01-06,6104,-1650,0,9765,8115,TPEX
2026-01-06,6109,2000,0,0,2000,TPEX
2026-01-06,6111,-59000,0,-46653,-105653,TPEX
2026-01-06,6113,51000,0,936,51936,TPEX
2026-01-06,6114,3000,0,0,3000,TPEX
2026-01-06,6118,5000,0,825,5825,TPEX
2026-01-06,6121,215515,-526050,-4425,-314960,TPEX
2026-01-06,6122,156000,0,0,156000,TPEX
2026-01-06,6123,33000,0,-463,32537,TPEX
2026-01-06,6124,-34000,0,-4338,-38338,TPEX
2026-01-06,6125,-918000,0,276514,-641486,TPEX
2026-01-06,6126,118000,0,-3700,114300,TPEX
2026-01-06,6127,-135000,0,-69728,-204728,TPEX
2026-01-06,6129,137000,0,279,137279,TPEX
2026-01-06,6130,-56020,0,0,-56020,TPEX
2026-01-06,6134,-86000,0,195,-85805,TPEX
2026-01-06,6138,-241000,0,7446,-233554,TPEX
2026-01-06,6140,56100,0,482,56582,TPEX
2026-01-06,6143,43000,0,3259,46259,TPEX
2026-01-06,6146,-34000,-500,187,-34313,TPEX
2026-01-06,6147,2076000,-1882951,5859,198908,TPEX
2026-01-06,6148,54000,0,-58,53942,TPEX
2026-01-06,6150,-13000,0,8853,-4147,TPEX
2026-01-06,6151,69000,0,549,69549,TPEX
2026-01-06,6154,-1000,0,0,-1000,TPEX
2026-01-06,6156,57000,0,0,57000,TPEX
2026-01-06,6158,-13000,0,0,-13000,TPEX
2026-01-06,6160,-161000,0,-690,-161690,TPEX
2026-01-06,6161,-5000,0,-41,-5041,TPEX
2026-01-06,6163,-81000,0,-3457,-84457,TPEX
2026-01-06,6167,79000,0,14984,93984,TPEX
2026-01-06,6170,-25000,0,0,-25000,TPEX
2026-01-06,6171,1000,0,0,1000,TPEX
2026-01-06,6173,317000,0,-29594,287406,TPEX
2026-01-06,6174,6000,0,0,6000,TPEX
2026-01-06,6175,-533900,0,-10404,-544304,TPEX
2026-01-06,6179,-127000,0,44727,-82273,TPEX
2026-01-06,6180,-91980,-204438,-111,-296529,TPEX
2026-01-06,6182,-3159900,0,423356,-2736544,TPEX
2026-01-06,6185,-2000,0,0,-2000,TPEX
2026-01-06,6186,-61000,0,-75,-61075,TPEX
2026-01-06,6187,567770,73000,-54816,585954,TPEX
2026-01-06,6188,-776740,1458000,538067,1219327,TPEX
2026-01-06,6190,-1184000,0,247567,-936433,TPEX
2026-01-06,6194,19000,0,-8000,11000,TPEX
2026-01-06,6195,2000,0,0,2000,TPEX
2026-01-06,6199,62000,0,79106,141106,TPEX
2026-01-06,6203,0,0,-45,-45,TPEX
2026-01-06,6204,-4000,0,0,-4000,TPEX
2026-01-06,6207,-1426100,0,33573,-1392527,TPEX
2026-01-06,6208,2000,0,-277,1723,TPEX
2026-01-06,6210,1000,0,0,1000,TPEX
2026-01-06,6212,1000,0,0,1000,TPEX
2026-01-06,6217,-172000,0,-20175,-192175,TPEX
2026-01-06,6218,14000,0,0,14000,TPEX
2026-01-06,6219,-8000,0,0,-8000,TPEX
2026-01-06,6220,-1000,0,0,-1000,TPEX
2026-01-06,6221,-216800,0,-17000,-233800,TPEX
2026-01-06,6222,-1000,0,0,-1000,TPEX
2026-01-06,6223,46183,-280901,28101,-206617,TPEX
2026-01-06,6227,75000,0,-92,74908,TPEX
2026-01-06,6229,-46000,0,-19,-46019,TPEX
2026-01-06,6231,80000,0,-3885,76115,TPEX
2026-01-06,6233,-247000,0,0,-247000,TPEX
2026-01-06,6234,-593000,0,141,-592859,TPEX
2026-01-06,6237,18000,0,-247,17753,TPEX
2026-01-06,6240,-1000,0,0,-1000,TPEX
2026-01-06,6244,-2372000,0,66227,-2305773,TPEX
2026-01-06,6245,168880,-2003,-22372,144505,TPEX
2026-01-06,6248,30000,0,5000,35000,TPEX
2026-01-06,6259,21000,0,-2000,19000,TPEX
2026-01-06,6261,406000,0,5000,411000,TPEX
2026-01-06,6263,7000,0,0,7000,TPEX
2026-01-06,6265,53000,0,-8000,45000,TPEX
2026-01-06,6266,42000,0,0,42000,TPEX
2026-01-06,6270,-245000,0,20285,-224715,TPEX
2026-01-06,6274,69442,-728298,180084,-478772,TPEX
2026-01-06,6275,45000,0,3628,48628,TPEX
2026-01-06,6276,-8000,0,565,-7435,TPEX
2026-01-06,6279,-43223,0,-272,-43495,TPEX
2026-01-06,6284,483000,0,53919,536919,TPEX
2026-01-06,6290,1530000,2000,139728,1671728,TPEX
2026-01-06,6291,-4000,0,-17744,-21744,TPEX
2026-01-06,6292,-2000,0,0,-2000,TPEX
2026-01-06,6294,-2000,0,0,-2000,TPEX
2026-01-06,6411,79020,0,-62,78958,TPEX
2026-01-06,6417,9000,0,0,9000,TPEX
2026-01-06,6418,5000,0,0,5000,TPEX
2026-01-06,6419,8000,0,1000,9000,TPEX
2026-01-06,6425,-340000,0,-776,-340776,TPEX
2026-01-06,6432,9000,0,0,9000,TPEX
2026-01-06,6435,73000,0,12000,85000,TPEX
2026-01-06,6441,-6000,0,0,-6000,TPEX
2026-01-06,6461,-44000,0,-2867,-46867,TPEX
2026-01-06,6462,-156955,0,-8978,-165933,TPEX
2026-01-06,6465,-33000,0,0,-33000,TPEX
2026-01-06,6469,61155,-1000,1584,61739,TPEX
2026-01-06,6470,35000,0,919,35919,TPEX
2026-01-06,6474,-2000,0,-5000,-7000,TPEX
2026-01-06,6482,-1000,0,0,-1000,TPEX
2026-01-06,6485,373100,0,-361,372739,TPEX
2026-01-06,6486,101000,0,11000,112000,TPEX
2026-01-06,6488,718027,2053251,528319,3299597,TPEX
2026-01-06,6492,46000,0,-132,45868,TPEX
2026-01-06,6494,38000,0,0,38000,TPEX
2026-01-06,6496,-3000,0,0,-3000,TPEX
2026-01-06,6498,-14000,0,1000,-13000,TPEX
2026-01-06,6499,22000,0,-534,21466,TPEX
2026-01-06,6506,-1000,0,0,-1000,TPEX
2026-01-06,6508,4000,0,0,4000,TPEX
2026-01-06,6509,96000,-17000,-7001,71999,TPEX
2026-01-06,6510,-191000,18794,-11549,-183755,TPEX
2026-01-06,6516,-1000,0,0,-1000,TPEX
2026-01-06,6517,15000,0,329,15329,TPEX
2026-01-06,6523,4000,0,0,4000,TPEX
2026-01-06,6530,-159000,0,-495,-159495,TPEX
2026-01-06,6532,0,0,0,0,TPEX
2026-01-06,6535,-14000,0,890,-13110,TPEX
2026-01-06,6538,4000,-785,914,4129,TPEX
2026-01-06,6542,0,0,0,0,TPEX
2026-01-06,6546,81000,0,1723,82723,TPEX
2026-01-06,6547,-14000,0,-2884,-16884,TPEX
2026-01-06,6548,2550851,4133000,-11618,6672233,TPEX
2026-01-06,6560,34000,0,0,34000,TPEX
2026-01-06,6561,-162143,150750,-1288,-12681,TPEX
2026-01-06,6568,4000,0,322,4322,TPEX
2026-01-06,6569,1000,0,54,1054,TPEX
2026-01-06,6570,3000,0,56,3056,TPEX
2026-01-06,6576,-15000,0,0,-15000,TPEX
2026-01-06,6577,-1000,0,0,-1000,TPEX
2026-01-06,6578,-15000,0,0,-15000,TPEX
2026-01-06,6584,139515,436000,15343,590858,TPEX
2026-01-06,6588,-58000,0,0,-58000,TPEX
2026-01-06,6593,2000,0,0,2000,TPEX
2026-01-06,6596,91000,0,16000,107000,TPEX
2026-01-06,6603,230000,0,2000,232000,TPEX
2026-01-06,6609,37000,0,-409,36591,TPEX
2026-01-06,6612,-11000,0,1000,-10000,TPEX
2026-01-06,6613,-10714,-4378,1163,-13929,TPEX
2026-01-06,6616,7000,0,0,7000,TPEX
2026-01-06,6617,-15000,0,0,-15000,TPEX
2026-01-06,6620,123000,0,0,123000,TPEX
2026-01-06,6624,22000,0,0,22000,TPEX
2026-01-06,6629,-6433,0,1000,-5433,TPEX
2026-01-06,6637,-7000,0,0,-7000,TPEX
2026-01-06,6640,-6000,-18000,-25825,-49825,TPEX
2026-01-06,6642,-2000,0,0,-2000,TPEX
2026-01-06,6643,188000,0,24721,212721,TPEX
2026-01-06,6649,96000,0,132,96132,TPEX
2026-01-06,6651,47030,0,0,47030,TPEX
2026-01-06,6654,2000,0,0,2000,TPEX
2026-01-06,6662,1000,0,0,1000,TPEX
2026-01-06,6664,12700,0,-28442,-15742,TPEX
2026-01-06,6667,-188990,0,-9098,-198088,TPEX
2026-01-06,6679,61000,0,6544,67544,TPEX
2026-01-06,6680,0,0,114,114,TPEX
2026-01-06,6683,-65975,0,-19866,-85841,TPEX
2026-01-06,6684,15000,0,-266,14734,TPEX
2026-01-06,6690,-6000,0,0,-6000,TPEX
2026-01-06,6692,-14000,0,0,-14000,TPEX
2026-01-06,6693,-180000,0,-12121,-192121,TPEX
2026-01-06,6697,5000,0,0,5000,TPEX
2026-01-06,6703,10000,0,62,10062,TPEX
2026-01-06,6708,2000,0,0,2000,TPEX
2026-01-06,6712,-144000,0,-5757,-149757,TPEX
2026-01-06,6716,7000,0,33,7033,TPEX
2026-01-06,6720,1000,0,0,1000,TPEX
2026-01-06,6725,-107000,0,10000,-97000,TPEX
2026-01-06,6727,-249000,0,43000,-206000,TPEX
2026-01-06,6728,3000,0,0,3000,TPEX
2026-01-06,6732,48000,0,687,48687,TPEX
2026-01-06,6733,-139000,0,48,-138952,TPEX
2026-01-06,6735,-4000,0,0,-4000,TPEX
2026-01-06,6739,-34000,0,1091,-32909,TPEX
2026-01-06,6741,48000,0,10000,58000,TPEX
2026-01-06,6751,1000,0,0,1000,TPEX
2026-01-06,6752,-1000,0,-1085,-2085,TPEX
2026-01-06,6761,4000,0,-886,3114,TPEX
2026-01-06,6763,53000,0,-1806,51194,TPEX
2026-01-06,6785,-72000,1000,-1871,-72871,TPEX
2026-01-06,6788,-74000,0,11400,-62600,TPEX
2026-01-06,6791,1000,0,5,1005,TPEX
2026-01-06,6803,36000,100000,0,136000,TPEX
2026-01-06,6804,1000,0,0,1000,TPEX
2026-01-06,6811,21000,0,-1537,19463,TPEX
2026-01-06,6821,-13000,0,0,-13000,TPEX
2026-01-06,6823,11000,0,0,11000,TPEX
2026-01-06,6829,70000,0,814,70814,TPEX
2026-01-06,6840,1000,0,0,1000,TPEX
2026-01-06,6841,-104000,0,-859,-104859,TPEX
2026-01-06,6843,-1000,0,0,-1000,TPEX
2026-01-06,6846,-2000,0,0,-2000,TPEX
2026-01-06,6859,4000,0,0,4000,TPEX
2026-01-06,6865,2000,0,0,2000,TPEX
2026-01-06,6870,-17000,0,-872,-17872,TPEX
2026-01-06,6874,0,0,0,0,TPEX
2026-01-06,6875,-3000,0,-255,-3255,TPEX
2026-01-06,6877,12000,0,119,12119,TPEX
2026-01-06,6894,4000,0,48,4048,TPEX
2026-01-06,6895,-28000,0,0,-28000,TPEX
2026-01-06,6903,-124995,0,3258,-121737,TPEX
2026-01-06,6904,1000,0,0,1000,TPEX
2026-01-06,6910,-7000,0,-57000,-64000,TPEX
2026-01-06,6913,36000,0,2000,38000,TPEX
2026-01-06,6922,1029,0,188,1217,TPEX
2026-01-06,6925,36000,0,831,36831,TPEX
2026-01-06,6953,-50000,0,3000,-47000,TPEX
2026-01-06,6967,3000,0,0,3000,TPEX
2026-01-06,6968,-5000,0,0,-5000,TPEX
2026-01-06,6971,-32000,0,0,-32000,TPEX
2026-01-06,6982,6000,0,0,6000,TPEX
2026-01-06,6996,34000,0,0,34000,TPEX
2026-01-06,7402,-94000,0,5094,-88906,TPEX
2026-01-06,7547,-36000,0,0,-36000,TPEX
2026-01-06,7556,5000,0,0,5000,TPEX
2026-01-06,7584,1000,0,0,1000,TPEX
2026-01-06,7642,9000,0,0,9000,TPEX
2026-01-06,7703,22307,0,12206,34513,TPEX
2026-01-06,7704,-2000,0,0,-2000,TPEX
2026-01-06,7712,115000,0,0,115000,TPEX
2026-01-06,7714,-49000,0,0,-49000,TPEX
2026-01-06,7715,-4000,0,0,-4000,TPEX
2026-01-06,7717,-988,0,0,-988,TPEX
2026-01-06,7723,19000,0,0,19000,TPEX
2026-01-06,7728,7000,0,11000,18000,TPEX
2026-01-06,7734,-11000,0,-5777,-16777,TPEX
2026-01-06,7738,31000,0,0,31000,TPEX
2026-01-06,7743,-8000,0,0,-8000,TPEX
2026-01-06,7744,12000,0,45000,57000,TPEX
2026-01-06,7747,-1000,0,0,-1000,TPEX
2026-01-06,7751,-61000,0,-9198,-70198,TPEX
2026-01-06,7757,6000,0,0,6000,TPEX
2026-01-06,7770,-3000,0,0,-3000,TPEX
2026-01-06,7777,10000,0,0,10000,TPEX
2026-01-06,7782,0,0,0,0,TPEX
2026-01-06,7805,-10000,0,0,-10000,TPEX
2026-01-06,7810,-33000,0,-48000,-81000,TPEX
2026-01-06,8024,-3000,0,0,-3000,TPEX
2026-01-06,8027,401705,0,59592,461297,TPEX
2026-01-06,8032,11000,0,-7,10993,TPEX
2026-01-06,8034,-39000,0,-25354,-64354,TPEX
2026-01-06,8038,439000,0,0,439000,TPEX
2026-01-06,8040,20000,0,244,20244,TPEX
2026-01-06,8042,-500800,0,184474,-316326,TPEX
2026-01-06,8043,-178985,0,-5078,-184063,TPEX
2026-01-06,8044,17000,0,7920,24920,TPEX
2026-01-06,8047,-29000,0,1000,-28000,TPEX
2026-01-06,8048,9000,0,0,9000,TPEX
2026-01-06,8049,39000,0,-5000,34000,TPEX
2026-01-06,8050,48000,-3222,-162,44616,TPEX
2026-01-06,8054,-679885,0,-34413,-714298,TPEX
2026-01-06,8059,43000,0,-189,42811,TPEX
2026-01-06,8064,548960,0,70339,619299,TPEX
2026-01-06,8066,-1000,0,0,-1000,TPEX
2026-01-06,8067,0,0,-8,-8,TPEX
2026-01-06,8068,7000,0,-13000,-6000,TPEX
2026-01-06,8069,-2439878,-46665,15146,-2471397,TPEX
2026-01-06,8071,-10000,0,0,-10000,TPEX
2026-01-06,8074,-76000,0,239,-75761,TPEX
2026-01-06,8076,-27000,0,99,-26901,TPEX
2026-01-06,8080,0,0,47,47,TPEX
2026-01-06,8083,11000,0,0,11000,TPEX
2026-01-06,8084,-14000,0,0,-14000,TPEX
2026-01-06,8085,200000,0,-397,199603,TPEX
2026-01-06,8086,-413001,0,51143,-361858,TPEX
2026-01-06,8087,-1000,0,0,-1000,TPEX
2026-01-06,8088,565000,0,0,565000,TPEX
2026-01-06,8089,27000,0,0,27000,TPEX
2026-01-06,8091,51000,-1226,16,49790,TPEX
2026-01-06,8092,-1000,0,1000,0,TPEX
2026-01-06,8096,-612000,0,-39905,-651905,TPEX
2026-01-06,8097,20000,0,-2000,18000,TPEX
2026-01-06,8099,34000,0,29,34029,TPEX
2026-01-06,8102,-1000,0,0,-1000,TPEX
2026-01-06,8107,-1000,0,-3001,-4001,TPEX
2026-01-06,8109,157000,0,-2000,155000,TPEX
2026-01-06,8111,-212990,0,-170893,-383883,TPEX
2026-01-06,8121,-108900,0,-1307,-110207,TPEX
2026-01-06,8147,6000,0,1527,7527,TPEX
2026-01-06,8155,-167000,0,4029,-162971,TPEX
2026-01-06,8171,22000,0,-99,21901,TPEX
2026-01-06,8176,0,0,-1,-1,TPEX
2026-01-06,8182,0,0,0,0,TPEX
2026-01-06,8183,164000,0,12124,176124,TPEX
2026-01-06,8227,38000,0,3001,41001,TPEX
2026-01-06,8234,75900,0,3475,79375,TPEX
2026-01-06,8240,-298000,0,27172,-270828,TPEX
2026-01-06,8255,56000,0,11927,67927,TPEX
2026-01-06,8277,143000,0,0,143000,TPEX
2026-01-06,8279,-2000,0,0,-2000,TPEX
2026-01-06,8289,1000,0,0,1000,TPEX
2026-01-06,8299,336481,115000,438562,890043,TPEX
2026-01-06,8349,9000,0,10,9010,TPEX
2026-01-06,8354,-1000,0,-1019,-2019,TPEX
2026-01-06,8358,-377148,108000,445127,175979,TPEX
2026-01-06,8383,21000,0,614,21614,TPEX
2026-01-06,8390,185000,0,11775,196775,TPEX
2026-01-06,8403,-13000,0,0,-13000,TPEX
2026-01-06,8409,0,0,-1,-1,TPEX
2026-01-06,8410,-4000,0,-6000,-10000,TPEX
2026-01-06,8415,-140000,5000,-8000,-143000,TPEX
2026-01-06,8421,-11000,0,0,-11000,TPEX
2026-01-06,8423,0,0,-162,-162,TPEX
2026-01-06,8424,1000,0,90,1090,TPEX
2026-01-06,8426,6000,0,0,6000,TPEX
2026-01-06,8431,-371000,0,20489,-350511,TPEX
2026-01-06,8432,-1000,0,0,-1000,TPEX
2026-01-06,8433,-5000,0,0,-5000,TPEX
2026-01-06,8435,10000,0,0,10000,TPEX
2026-01-06,8436,-14000,90980,1525,78505,TPEX
2026-01-06,8437,-10000,0,0,-10000,TPEX
2026-01-06,8440,6000,0,35,6035,TPEX
2026-01-06,8446,-10000,0,0,-10000,TPEX
2026-01-06,8450,-1000,0,0,-1000,TPEX
2026-01-06,8472,-1000,0,0,-1000,TPEX
2026-01-06,8489,-10000,0,0,-10000,TPEX
2026-01-06,8906,10000,0,0,10000,TPEX
2026-01-06,8908,-9000,0,0,-9000,TPEX
2026-01-06,8916,10000,0,-18000,-8000,TPEX
2026-01-06,8917,1000,0,0,1000,TPEX
2026-01-06,8924,37000,0,-2000,35000,TPEX
2026-01-06,8927,-397000,-3000,0,-400000,TPEX
2026-01-06,8928,-1000,0,0,-1000,TPEX
2026-01-06,8929,-1000,0,0,-1000,TPEX
2026-01-06,8930,8000,0,-68,7932,TPEX
2026-01-06,8931,2000,0,0,2000,TPEX
2026-01-06,8932,214000,-500,60092,273592,TPEX
2026-01-06,8933,-9000,0,0,-9000,TPEX
2026-01-06,8935,-71000,0,0,-71000,TPEX
2026-01-06,8936,-60000,0,294,-59706,TPEX
2026-01-06,8937,22000,0,-2031,19969,TPEX
2026-01-06,8938,173000,0,-35,172965,TPEX
2026-01-06,8942,26000,0,0,26000,TPEX
2026-01-06,9949,3000,0,0,3000,TPEX
2026-01-06,9950,5000,0,0,5000,TPEX
2026-01-06,9951,-6000,0,-13000,-19000,TPEX
2026-01-06,9960,6000,0,0,6000,TPEX
2026-01-06,9962,-1000,0,0,-1000,TPEX
2026-01-07,1240,1000,0,0,1000,TPEX
2026-01-07,1259,-3000,0,0,-3000,TPEX
2026-01-07,1294,0,0,0,0,TPEX
2026-01-07,1295,25000,0,-229,24771,TPEX
2026-01-07,1336,2000,0,0,2000,TPEX
2026-01-07,1565,49000,0,0,49000,TPEX
2026-01-07,1569,-216000,0,-15027,-231027,TPEX
2026-01-07,1570,42000,0,-6,41994,TPEX
2026-01-07,1580,5000,0,0,5000,TPEX
2026-01-07,1584,251922,0,4184,256106,TPEX
2026-01-07,1586,-134000,0,0,-134000,TPEX
2026-01-07,1591,-21000,0,392,-20608,TPEX
2026-01-07,1593,-1000,0,0,-1000,TPEX
2026-01-07,1595,15000,0,36,15036,TPEX
2026-01-07,1599,-2000,0,0,-2000,TPEX
2026-01-07,1742,0,0,0,0,TPEX
2026-01-07,1777,-2000,0,0,-2000,TPEX
2026-01-07,1781,2000,0,-133,1867,TPEX
2026-01-07,1784,-2692,0,33273,30581,TPEX
2026-01-07,1785,-535250,-13000,198639,-349611,TPEX
2026-01-07,1788,0,0,0,0,TPEX
2026-01-07,1796,4000,0,0,4000,TPEX
2026-01-07,1799,17000,0,0,17000,TPEX
2026-01-07,1813,0,0,26,26,TPEX
2026-01-07,1815,-6464614,-480000,188699,-6755915,TPEX
2026-01-07,2061,2000,0,0,2000,TPEX
2026-01-07,2063,1000,0,0,1000,TPEX
2026-01-07,2064,-1000,0,0,-1000,TPEX
2026-01-07,2065,10000,0,0,10000,TPEX
2026-01-07,2066,3000,0,0,3000,TPEX
2026-01-07,2067,0,0,-1,-1,TPEX
2026-01-07,2070,-4000,0,-2072,-6072,TPEX
2026-01-07,2221,-3000,0,0,-3000,TPEX
2026-01-07,2230,1000,0,109265,110265,TPEX
2026-01-07,2596,-9000,0,0,-9000,TPEX
2026-01-07,2640,-27000,0,1000,-26000,TPEX
2026-01-07,2641,1230000,0,34091,1264091,TPEX
2026-01-07,2643,-2000,0,0,-2000,TPEX
2026-01-07,2718,-2000,0,0,-2000,TPEX
2026-01-07,2719,-3000,0,0,-3000,TPEX
2026-01-07,2726,4010,0,0,4010,TPEX
2026-01-07,2729,7000,0,0,7000,TPEX
2026-01-07,2732,5000,0,-1000,4000,TPEX
2026-01-07,2734,58000,0,18,58018,TPEX
2026-01-07,2736,27000,0,-1,26999,TPEX
2026-01-07,2743,1000,0,293,1293,TPEX
2026-01-07,2745,-17000,0,-32,-17032,TPEX
2026-01-07,2751,-1000,0,0,-1000,TPEX
2026-01-07,2754,2000,0,0,2000,TPEX
2026-01-07,2755,14000,0,-4912,9088,TPEX
2026-01-07,2756,26000,0,96,26096,TPEX
2026-01-07,2916,-11000,0,0,-11000,TPEX
2026-01-07,2926,-2000,0,0,-2000,TPEX
2026-01-07,2947,-22820,0,0,-22820,TPEX
2026-01-07,3066,2000,0,-45,1955,TPEX
2026-01-07,3071,53000,0,0,53000,TPEX
2026-01-07,3073,-1000,0,29,-971,TPEX
2026-01-07,3078,668000,-1079000,27226,-383774,TPEX
2026-01-07,3081,225050,0,-1395,223655,TPEX
2026-01-07,3083,15000,0,0,15000,TPEX
2026-01-07,3086,-56000,0,-2940,-58940,TPEX
2026-01-07,3088,39000,0,2690,41690,TPEX
2026-01-07,3093,-10000,0,0,-10000,TPEX
2026-01-07,3095,0,0,0,0,TPEX
2026-01-07,3105,2091859,0,616265,2708124,TPEX
2026-01-07,3114,-1000,0,0,-1000,TPEX
2026-01-07,3122,-1000,0,-8,-1008,TPEX
2026-01-07,3128,134000,0,0,134000,TPEX
2026-01-07,3131,281003,-11000,38285,308288,TPEX
2026-01-07,3141,246000,0,6359,252359,TPEX
2026-01-07,3147,37000,0,-9234,27766,TPEX
2026-01-07,3152,87000,0,5552,92552,TPEX
2026-01-07,3158,-13000,0,0,-13000,TPEX
2026-01-07,3162,312000,0,-36000,276000,TPEX
2026-01-07,3163,-343297,0,1436,-341861,TPEX
2026-01-07,3169,96000,0,-116,95884,TPEX
2026-01-07,3171,-3000,0,-1000,-4000,TPEX
2026-01-07,3176,38000,0,0,38000,TPEX
2026-01-07,3178,-46000,0,0,-46000,TPEX
2026-01-07,3188,54000,0,0,54000,TPEX
2026-01-07,3191,4000,0,-110,3890,TPEX
2026-01-07,3205,20000,0,0,20000,TPEX
2026-01-07,3206,13000,0,0,13000,TPEX
2026-01-07,3207,-333000,0,24824,-308176,TPEX
2026-01-07,3211,46257,16000,-126623,-64366,TPEX
2026-01-07,3213,29000,0,-2129,26871,TPEX
2026-01-07,3217,66250,0,3931,70181,TPEX
2026-01-07,3218,61000,0,1254,62254,TPEX
2026-01-07,3219,-144000,0,17888,-126112,TPEX
2026-01-07,3221,59000,0,0,59000,TPEX
2026-01-07,3224,-1000,0,0,-1000,TPEX
2026-01-07,3227,-436000,89000,-3816,-350816,TPEX
2026-01-07,3228,-7000,0,4000,-3000,TPEX
2026-01-07,3230,192000,0,0,192000,TPEX
2026-01-07,3232,8000,0,0,8000,TPEX
2026-01-07,3234,71000,0,241,71241,TPEX
2026-01-07,3236,-57000,0,8040,-48960,TPEX
2026-01-07,3259,-9000,0,18,-8982,TPEX
2026-01-07,3260,1152030,149000,-30180,1270850,TPEX
2026-01-07,3264,-214058,-156869,1008260,637333,TPEX
2026-01-07,3265,232330,0,-24213,208117,TPEX
2026-01-07,3268,12000,0,1988,13988,TPEX
2026-01-07,3272,46000,0,0,46000,TPEX
2026-01-07,3276,17000,0,0,17000,TPEX
2026-01-07,3284,9000,0,0,9000,TPEX
2026-01-07,3285,-1000,0,0,-1000,TPEX
2026-01-07,3287,-1000,0,-226,-1226,TPEX
2026-01-07,3289,-131000,0,-540,-131540,TPEX
2026-01-07,3290,-34970,0,-55408,-90378,TPEX
2026-01-07,3293,270199,32000,28361,330560,TPEX
2026-01-07,3294,42200,0,-9571,32629,TPEX
2026-01-07,3297,4000,0,76,4076,TPEX
2026-01-07,3303,-1000,0,0,-1000,TPEX
2026-01-07,3306,13000,0,744,13744,TPEX
2026-01-07,3310,-2000,0,-5000,-7000,TPEX
2026-01-07,3313,141000,0,0,141000,TPEX
2026-01-07,3317,151000,0,-193,150807,TPEX
2026-01-07,3322,189000,0,0,189000,TPEX
2026-01-07,3323,49000,0,-8568,40432,TPEX
2026-01-07,3324,-924559,-116000,-31156,-1071715,TPEX
2026-01-07,3325,-44000,0,0,-44000,TPEX
2026-01-07,3332,4000,0,0,4000,TPEX
2026-01-07,3339,51000,0,99,51099,TPEX
2026-01-07,3349,-158000,0,0,-158000,TPEX
2026-01-07,3354,1000,0,0,1000,TPEX
2026-01-07,3357,-201000,0,-253893,-454893,TPEX
2026-01-07,3360,7000,0,-20048,-13048,TPEX
2026-01-07,3362,52000,0,-1070,50930,TPEX
2026-01-07,3363,-521992,50000,-4467,-476459,TPEX
2026-01-07,3372,687000,0,10781,697781,TPEX
2026-01-07,3373,9000,0,0,9000,TPEX
2026-01-07,3374,5027032,610000,719281,6356313,TPEX
2026-01-07,3379,-44000,0,-569,-44569,TPEX
2026-01-07,3388,6000,0,0,6000,TPEX
2026-01-07,3390,133000,0,-199,132801,TPEX
2026-01-07,3402,22827,0,-40644,-17817,TPEX
2026-01-07,3430,-98000,0,0,-98000,TPEX
2026-01-07,3434,23000,0,0,23000,TPEX
2026-01-07,3438,-43000,0,0,-43000,TPEX
2026-01-07,3441,26000,0,41,26041,TPEX
2026-01-07,3444,3050,0,15000,18050,TPEX
2026-01-07,3455,-436668,0,-3094,-439762,TPEX
2026-01-07,3466,100000,0,15000,115000,TPEX
2026-01-07,3467,-5000,0,-31,-5031,TPEX
2026-01-07,3479,-101000,0,12632,-88368,TPEX
2026-01-07,3483,-12000,0,128,-11872,TPEX
2026-01-07,3484,26000,0,-113,25887,TPEX
2026-01-07,3489,6000,0,0,6000,TPEX
2026-01-07,3490,143000,0,0,143000,TPEX
2026-01-07,3491,-431992,-32000,-97140,-561132,TPEX
2026-01-07,3492,24000,0,-4000,20000,TPEX
2026-01-07,3498,63000,0,541,63541,TPEX
2026-01-07,3499,-19950,0,189,-19761,TPEX
2026-01-07,3508,4000,0,0,4000,TPEX
2026-01-07,3511,139000,0,-110,138890,TPEX
2026-01-07,3512,-2000,0,0,-2000,TPEX
2026-01-07,3516,1000,0,0,1000,TPEX
2026-01-07,3520,83000,0,0,83000,TPEX
2026-01-07,3521,53000,0,-125,52875,TPEX
2026-01-07,3522,7000,0,0,7000,TPEX
2026-01-07,3523,1000,0,0,1000,TPEX
2026-01-07,3526,-19995,66000,7145,53150,TPEX
2026-01-07,3527,12000,0,0,12000,TPEX
2026-01-07,3529,299089,-11000,9812,297901,TPEX
2026-01-07,3531,0,0,0,0,TPEX
2026-01-07,3537,-102000,0,0,-102000,TPEX
2026-01-07,3540,33000,0,-90,32910,TPEX
2026-01-07,3541,-1000,0,1,-999,TPEX
2026-01-07,3546,-55950,0,1246,-54704,TPEX
2026-01-07,3548,120599,0,490,121089,TPEX
2026-01-07,3551,-202000,0,-110208,-312208,TPEX
2026-01-07,3552,59000,0,2079,61079,TPEX
2026-01-07,3555,-36000,0,0,-36000,TPEX
2026-01-07,3556,14000,0,0,14000,TPEX
2026-01-07,3558,7000,0,-809,6191,TPEX
2026-01-07,3564,66000,0,4660,70660,TPEX
2026-01-07,3567,-4000,0,0,-4000,TPEX
2026-01-07,3570,5000,0,0,5000,TPEX
2026-01-07,3577,-28000,0,-262,-28262,TPEX
2026-01-07,3580,363302,0,-566,362736,TPEX
2026-01-07,3581,189000,0,0,189000,TPEX
2026-01-07,3587,16000,0,-7757,8243,TPEX
2026-01-07,3594,13000,0,211,13211,TPEX
2026-01-07,3597,-3000,0,9,-2991,TPEX
2026-01-07,3609,2000,0,0,2000,TPEX
2026-01-07,3611,-10000,0,0,-10000,TPEX
2026-01-07,3615,-1002000,0,-270,-1002270,TPEX
2026-01-07,3623,3000,0,849,3849,TPEX
2026-01-07,3624,-622000,0,-26248,-648248,TPEX
2026-01-07,3625,151000,0,-343,150657,TPEX
2026-01-07,3628,-130000,0,-151,-130151,TPEX
2026-01-07,3630,-479000,0,50494,-428506,TPEX
2026-01-07,3631,18000,0,0,18000,TPEX
2026-01-07,3646,-11000,0,0,-11000,TPEX
2026-01-07,3663,126000,0,-191195,-65195,TPEX
2026-01-07,3666,-30000,0,0,-30000,TPEX
2026-01-07,3672,-1000,0,0,-1000,TPEX
2026-01-07,3675,78000,0,3704,81704,TPEX
2026-01-07,3680,-336800,573000,-127238,108962,TPEX
2026-01-07,3684,1000,0,-91,909,TPEX
2026-01-07,3685,-42000,0,0,-42000,TPEX
2026-01-07,3687,-16000,0,1000,-15000,TPEX
2026-01-07,3689,621230,0,-159442,461788,TPEX
2026-01-07,3691,-37000,0,6196,-30804,TPEX
2026-01-07,3693,-67400,0,17982,-49418,TPEX
2026-01-07,3707,48000,0,-110912,-62912,TPEX
2026-01-07,3709,1592000,0,-14239,1577761,TPEX
2026-01-07,3710,26000,0,0,26000,TPEX
2026-01-07,3713,-5000,0,0,-5000,TPEX
2026-01-07,4102,-2000,0,0,-2000,TPEX
2026-01-07,4105,41000,-1000,1545,41545,TPEX
2026-01-07,4107,-15000,0,97,-14903,TPEX
2026-01-07,4109,40000,0,668,40668,TPEX
2026-01-07,4111,14000,0,0,14000,TPEX
2026-01-07,4113,7000,0,-1005,5995,TPEX
2026-01-07,4114,-699000,0,-76329,-775329,TPEX
2026-01-07,4116,8000,0,0,8000,TPEX
2026-01-07,4120,10000,0,0,10000,TPEX
2026-01-07,4121,0,0,0,0,TPEX
2026-01-07,4123,85690,0,56800,142490,TPEX
2026-01-07,4126,-59000,0,0,-59000,TPEX
2026-01-07,4127,-5000,0,0,-5000,TPEX
2026-01-07,4128,729000,0,2000,731000,TPEX
2026-01-07,4129,45450,0,25935,71385,TPEX
2026-01-07,4130,289000,0,-4000,285000,TPEX
2026-01-07,4131,-11000,0,0,-11000,TPEX
2026-01-07,4138,0,0,0,0,TPEX
2026-01-07,4139,0,0,0,0,TPEX
2026-01-07,4147,379000,0,269,379269,TPEX
2026-01-07,4153,0,0,0,0,TPEX
2026-01-07,4157,-1731000,0,-9194,-1740194,TPEX
2026-01-07,4160,7000,0,0,7000,TPEX
2026-01-07,4161,-3000,0,0,-3000,TPEX
2026-01-07,4162,209000,0,857,209857,TPEX
2026-01-07,4163,1000,0,60,1060,TPEX
2026-01-07,4166,75000,0,0,75000,TPEX
2026-01-07,4167,135000,0,13212,148212,TPEX
2026-01-07,4168,50000,0,0,50000,TPEX
2026-01-07,4171,-21000,0,-47,-21047,TPEX
2026-01-07,4173,20000,0,0,20000,TPEX
2026-01-07,4174,108000,0,0,108000,TPEX
2026-01-07,4175,-3000,0,0,-3000,TPEX
2026-01-07,4188,-2000,0,0,-2000,TPEX
2026-01-07,4205,8000,0,0,8000,TPEX
2026-01-07,4207,-4000,0,0,-4000,TPEX
2026-01-07,4303,104000,0,622,104622,TPEX
2026-01-07,4401,2000,0,0,2000,TPEX
2026-01-07,4402,-9000,0,0,-9000,TPEX
2026-01-07,4406,-1000,0,0,-1000,TPEX
2026-01-07,4413,0,0,0,0,TPEX
2026-01-07,4416,-4000,0,-5000,-9000,TPEX
2026-01-07,4417,11000,0,0,11000,TPEX
2026-01-07,4419,-1000,0,0,-1000,TPEX
2026-01-07,4420,-3000,0,-183,-3183,TPEX
2026-01-07,4432,5000,0,0,5000,TPEX
2026-01-07,4433,-4000,0,0,-4000,TPEX
2026-01-07,4442,-3000,0,0,-3000,TPEX
2026-01-07,4502,10000,0,0,10000,TPEX
2026-01-07,4503,0,0,-391,-391,TPEX
2026-01-07,4506,6000,0,0,6000,TPEX
2026-01-07,4510,-125000,0,-1376,-126376,TPEX
2026-01-07,4513,29000,0,0,29000,TPEX
2026-01-07,4523,-32000,0,-1,-32001,TPEX
2026-01-07,4527,1000,0,0,1000,TPEX
2026-01-07,4528,-3000,0,0,-3000,TPEX
2026-01-07,4533,368000,0,11000,379000,TPEX
2026-01-07,4534,25000,0,-659,24341,TPEX
2026-01-07,4535,1000,0,0,1000,TPEX
2026-01-07,4538,-1000,0,33,-967,TPEX
2026-01-07,4541,3000,0,-1363,1637,TPEX
2026-01-07,4542,27000,0,0,27000,TPEX
2026-01-07,4543,-15000,0,0,-15000,TPEX
2026-01-07,4549,18000,0,-308,17692,TPEX
2026-01-07,4550,1000,0,0,1000,TPEX
2026-01-07,4554,-7000,0,0,-7000,TPEX
2026-01-07,4556,1000,0,0,1000,TPEX
2026-01-07,4558,22000,0,-45,21955,TPEX
2026-01-07,4561,10000,0,0,10000,TPEX
2026-01-07,4563,-15000,0,-1141,-16141,TPEX
2026-01-07,4568,-1000,0,0,-1000,TPEX
2026-01-07,4577,82000,0,207,82207,TPEX
2026-01-07,4580,3000,0,0,3000,TPEX
2026-01-07,4584,1000,0,0,1000,TPEX
2026-01-07,4702,-16000,0,-292,-16292,TPEX
2026-01-07,4706,-1000,0,0,-1000,TPEX
2026-01-07,4707,163000,0,0,163000,TPEX
2026-01-07,4711,-1000,0,0,-1000,TPEX
2026-01-07,4714,332000,0,44,332044,TPEX
2026-01-07,4716,144000,0,531,144531,TPEX
2026-01-07,4721,198000,0,4927,202927,TPEX
2026-01-07,4726,41000,0,0,41000,TPEX
2026-01-07,4729,-165000,0,-172,-165172,TPEX
2026-01-07,4735,-1000,0,0,-1000,TPEX
2026-01-07,4741,-23000,0,-960,-23960,TPEX
2026-01-07,4743,1426061,0,13708,1439769,TPEX
2026-01-07,4744,-141000,0,0,-141000,TPEX
2026-01-07,4745,83000,0,9000,92000,TPEX
2026-01-07,4747,0,0,0,0,TPEX
2026-01-07,4749,-16950,79000,-31295,30755,TPEX
2026-01-07,4754,-2000,0,0,-2000,TPEX
2026-01-07,4760,-422000,0,-84393,-506393,TPEX
2026-01-07,4767,0,0,0,0,TPEX
2026-01-07,4768,-20000,0,23099,3099,TPEX
2026-01-07,4772,1010005,0,40789,1050794,TPEX
2026-01-07,4903,-241000,0,117,-240883,TPEX
2026-01-07,4907,4000,0,0,4000,TPEX
2026-01-07,4908,11000,0,205,11205,TPEX
2026-01-07,4909,-191000,0,-3872,-194872,TPEX
2026-01-07,4911,5000,0,0,5000,TPEX
2026-01-07,4923,-5000,0,0,-5000,TPEX
2026-01-07,4924,-1000,0,0,-1000,TPEX
2026-01-07,4931,-98000,-120000,123000,-95000,TPEX
2026-01-07,4933,86000,0,904,86904,TPEX
2026-01-07,4939,47000,0,76,47076,TPEX
2026-01-07,4946,13000,0,0,13000,TPEX
2026-01-07,4950,0,0,0,0,TPEX
2026-01-07,4951,32000,0,791,32791,TPEX
2026-01-07,4953,809000,0,15925,824925,TPEX
2026-01-07,4966,184628,411000,112247,707875,TPEX
2026-01-07,4971,-964875,0,9593,-955282,TPEX
2026-01-07,4972,11000,0,-663,10337,TPEX
2026-01-07,4973,894250,0,1829,896079,TPEX
2026-01-07,4974,68000,0,8596,76596,TPEX
2026-01-07,4979,-1711945,-395000,124250,-1982695,TPEX
2026-01-07,4991,-154000,0,67000,-87000,TPEX
2026-01-07,4995,6000,0,0,6000,TPEX
2026-01-07,5009,1785890,0,80789,1866679,TPEX
2026-01-07,5011,123000,0,677,123677,TPEX
2026-01-07,5014,23000,0,1235,24235,TPEX
2026-01-07,5015,3000,0,0,3000,TPEX
2026-01-07,5201,-79000,0,0,-79000,TPEX
2026-01-07,5202,85000,0,0,85000,TPEX
2026-01-07,5206,-3000,0,0,-3000,TPEX
2026-01-07,5209,14000,0,200,14200,TPEX
2026-01-07,5210,49000,0,7,49007,TPEX
2026-01-07,5212,-2000,0,0,-2000,TPEX
2026-01-07,5213,58000,0,0,58000,TPEX
2026-01-07,5220,13000,0,0,13000,TPEX
2026-01-07,5223,4000,0,0,4000,TPEX
2026-01-07,5227,24000,0,-11,23989,TPEX
2026-01-07,5228,30000,0,-78,29922,TPEX
2026-01-07,5230,30000,0,0,30000,TPEX
2026-01-07,5236,26000,0,-108,25892,TPEX
2026-01-07,5245,-21000,0,220,-20780,TPEX
2026-01-07,5251,17000,0,492,17492,TPEX
2026-01-07,5263,-43000,0,-50253,-93253,TPEX
2026-01-07,5272,8000,0,2,8002,TPEX
2026-01-07,5274,-29189,2988,-5005,-31206,TPEX
2026-01-07,5278,-48000,0,0,-48000,TPEX
2026-01-07,5287,-9000,0,0,-9000,TPEX
2026-01-07,5289,703564,-125000,-159522,419042,TPEX
2026-01-07,5291,-2950,0,-122,-3072,TPEX
2026-01-07,5299,51000,0,0,51000,TPEX
2026-01-07,5301,1000,0,0,1000,TPEX
2026-01-07,5302,41000,0,0,41000,TPEX
2026-01-07,5309,-1320985,-8000,-73024,-1402009,TPEX
2026-01-07,5312,11000,0,-347,10653,TPEX
2026-01-07,5314,284310,0,145,284455,TPEX
2026-01-07,5315,223000,0,0,223000,TPEX
2026-01-07,5321,-11000,0,56,-10944,TPEX
2026-01-07,5324,10000,0,0,10000,TPEX
2026-01-07,5328,354000,0,613,354613,TPEX
2026-01-07,5340,-1254000,0,220963,-1033037,TPEX
2026-01-07,5344,2000,0,0,2000,TPEX
2026-01-07,5347,11224150,-9665352,1226378,2785176,TPEX
2026-01-07,5351,2912375,20000,96000,3028375,TPEX
2026-01-07,5353,8000,0,4,8004,TPEX
2026-01-07,5355,4000,0,-28,3972,TPEX
2026-01-07,5356,-11000,0,0,-11000,TPEX
2026-01-07,5364,1000,0,0,1000,TPEX
2026-01-07,5371,613000,0,-64657,548343,TPEX
2026-01-07,5381,376000,0,0,376000,TPEX
2026-01-07,5386,-5000,0,1564,-3436,TPEX
2026-01-07,5392,-339700,0,-47183,-386883,TPEX
2026-01-07,5398,-4000,0,31,-3969,TPEX
2026-01-07,5403,-3000,0,0,-3000,TPEX
2026-01-07,5410,22000,0,797,22797,TPEX
2026-01-07,5425,806463,0,298924,1105387,TPEX
2026-01-07,5426,133000,0,229,133229,TPEX
2026-01-07,5432,16000,0,-139,15861,TPEX
2026-01-07,5438,45000,0,0,45000,TPEX
2026-01-07,5439,79500,299000,-153945,224555,TPEX
2026-01-07,5443,-1035150,0,-86644,-1121794,TPEX
2026-01-07,5450,2000,0,0,2000,TPEX
2026-01-07,5452,-463000,0,-10463,-473463,TPEX
2026-01-07,5455,-1000,0,0,-1000,TPEX
2026-01-07,5457,-25000,-12000,34148,-2852,TPEX
2026-01-07,5460,1000,0,2,1002,TPEX
2026-01-07,5464,-9000,0,0,-9000,TPEX
2026-01-07,5465,10000,0,0,10000,TPEX
2026-01-07,5468,104000,0,0,104000,TPEX
2026-01-07,5474,37000,0,-2429,34571,TPEX
2026-01-07,5475,39800,0,19793,59593,TPEX
2026-01-07,5478,-27000,0,-176,-27176,TPEX
2026-01-07,5481,85000,0,0,85000,TPEX
2026-01-07,5483,-1700661,3018767,-67430,1250676,TPEX
2026-01-07,5487,-19000,0,0,-19000,TPEX
2026-01-07,5488,0,0,-2,-2,TPEX
2026-01-07,5489,19000,0,0,19000,TPEX
2026-01-07,5490,-57000,0,1002,-55998,TPEX
2026-01-07,5493,-3800,0,18731,14931,TPEX
2026-01-07,5498,1230973,0,76000,1306973,TPEX
2026-01-07,5508,92000,0,33795,125795,TPEX
2026-01-07,5511,114000,0,-4000,110000,TPEX
2026-01-07,5512,207000,0,0,207000,TPEX
2026-01-07,5514,-1000,0,0,-1000,TPEX
2026-01-07,5516,3000,0,0,3000,TPEX
2026-01-07,5529,1000,0,0,1000,TPEX
2026-01-07,5530,-87000,0,-551,-87551,TPEX
2026-01-07,5536,-1116650,948000,-10620,-179270,TPEX
2026-01-07,5548,0,0,0,0,TPEX
2026-01-07,5603,-4000,0,0,-4000,TPEX
2026-01-07,5604,6000,0,0,6000,TPEX
2026-01-07,5609,106402,0,0,106402,TPEX
2026-01-07,5701,0,0,-1,-1,TPEX
2026-01-07,5704,-3000,0,0,-3000,TPEX
2026-01-07,5864,617000,0,0,617000,TPEX
2026-01-07,5902,-6000,0,0,-6000,TPEX
2026-01-07,5903,6005,-54000,11000,-36995,TPEX
2026-01-07,5904,-148991,128000,-2485,-23476,TPEX
2026-01-07,5905,348000,0,827,348827,TPEX
2026-01-07,6015,27000,0,0,27000,TPEX
2026-01-07,6016,-336100,0,0,-336100,TPEX
2026-01-07,6021,54000,0,0,54000,TPEX
2026-01-07,6023,-16000,0,0,-16000,TPEX
2026-01-07,6026,-768000,0,0,-768000,TPEX
2026-01-07,6101,-2000,0,0,-2000,TPEX
2026-01-07,6104,-1000,0,-4267,-5267,TPEX
2026-01-07,6109,-2000,0,0,-2000,TPEX
2026-01-07,6111,-89000,0,-28116,-117116,TPEX
2026-01-07,6113,-237000,0,-1577,-238577,TPEX
2026-01-07,6114,5000,0,0,5000,TPEX
2026-01-07,6118,6000,0,0,6000,TPEX
2026-01-07,6121,283316,-384975,76,-101583,TPEX
2026-01-07,6122,219000,0,0,219000,TPEX
2026-01-07,6123,9000,0,-98,8902,TPEX
2026-01-07,6124,-1000,0,0,-1000,TPEX
2026-01-07,6125,-1362000,0,213925,-1148075,TPEX
2026-01-07,6126,-158000,0,198346,40346,TPEX
2026-01-07,6127,-927000,0,-313,-927313,TPEX
2026-01-07,6129,100000,0,-525,99475,TPEX
2026-01-07,6130,-16000,0,0,-16000,TPEX
2026-01-07,6134,-208000,0,0,-208000,TPEX
2026-01-07,6138,-78000,2000,20339,-55661,TPEX
2026-01-07,6140,42000,0,-454,41546,TPEX
2026-01-07,6143,178899,0,14053,192952,TPEX
2026-01-07,6144,-3000,0,0,-3000,TPEX
2026-01-07,6146,85784,0,0,85784,TPEX
2026-01-07,6147,2631000,-1718015,-40915,872070,TPEX
2026-01-07,6148,17000,0,297,17297,TPEX
2026-01-07,6150,-31000,0,4157,-26843,TPEX
2026-01-07,6151,42000,0,0,42000,TPEX
2026-01-07,6154,-1000,0,0,-1000,TPEX
2026-01-07,6156,253900,0,-76,253824,TPEX
2026-01-07,6158,8000,0,0,8000,TPEX
2026-01-07,6160,-24000,0,-1,-24001,TPEX
2026-01-07,6161,79000,0,213,79213,TPEX
2026-01-07,6163,-89000,0,-3454,-92454,TPEX
2026-01-07,6167,-217000,0,-14111,-231111,TPEX
2026-01-07,6169,0,0,0,0,TPEX
2026-01-07,6170,-75000,0,0,-75000,TPEX
2026-01-07,6171,1000,0,0,1000,TPEX
2026-01-07,6173,-29950,0,-102123,-132073,TPEX
2026-01-07,6174,1000,0,0,1000,TPEX
2026-01-07,6175,-177000,0,-5495,-182495,TPEX
2026-01-07,6179,-24000,0,-462,-24462,TPEX
2026-01-07,6180,50500,-254389,254,-203635,TPEX
2026-01-07,6182,5458305,0,1222036,6680341,TPEX
2026-01-07,6185,39000,0,0,39000,TPEX
2026-01-07,6186,-44000,0,1568,-42432,TPEX
2026-01-07,6187,-45800,36000,11044,1244,TPEX
2026-01-07,6188,-860150,1450000,-57395,532455,TPEX
2026-01-07,6190,-636999,0,-122948,-759947,TPEX
2026-01-07,6194,49000,0,25,49025,TPEX
2026-01-07,6195,6000,0,0,6000,TPEX
2026-01-07,6198,1000,0,0,1000,TPEX
2026-01-07,6199,243000,0,63868,306868,TPEX
2026-01-07,6203,17000,-10000,-313,6687,TPEX
2026-01-07,6204,-7000,0,1000,-6000,TPEX
2026-01-07,6207,-222000,0,-7823,-229823,TPEX
2026-01-07,6208,4000,0,184,4184,TPEX
2026-01-07,6210,-5000,0,0,-5000,TPEX
2026-01-07,6217,2331000,0,96572,2427572,TPEX
2026-01-07,6218,28000,0,0,28000,TPEX
2026-01-07,6219,-32000,0,0,-32000,TPEX
2026-01-07,6220,47000,0,0,47000,TPEX
2026-01-07,6221,-13000,0,-600,-13600,TPEX
2026-01-07,6222,-1000,0,0,-1000,TPEX
2026-01-07,6223,-139834,16000,5978,-117856,TPEX
2026-01-07,6227,78000,0,4655,82655,TPEX
2026-01-07,6228,7000,0,224,7224,TPEX
2026-01-07,6229,9000,0,0,9000,TPEX
2026-01-07,6231,125000,0,42277,167277,TPEX
2026-01-07,6233,108000,0,0,108000,TPEX
2026-01-07,6234,462200,0,-1,462199,TPEX
2026-01-07,6237,72000,0,-864,71136,TPEX
2026-01-07,6241,-16000,0,525,-15475,TPEX
2026-01-07,6242,2000,0,0,2000,TPEX
2026-01-07,6244,2889000,0,53660,2942660,TPEX
2026-01-07,6245,47000,0,711,47711,TPEX
2026-01-07,6246,-1000,0,-1,-1001,TPEX
2026-01-07,6248,24000,0,0,24000,TPEX
2026-01-07,6259,-1000,0,-292,-1292,TPEX
2026-01-07,6261,-196000,0,0,-196000,TPEX
2026-01-07,6263,2000,0,0,2000,TPEX
2026-01-07,6264,-3000,0,0,-3000,TPEX
2026-01-07,6265,1458000,0,-3000,1455000,TPEX
2026-01-07,6266,-12000,0,180,-11820,TPEX
2026-01-07,6270,41000,0,0,41000,TPEX
2026-01-07,6274,580512,-1567400,-209100,-1195988,TPEX
2026-01-07,6275,155000,0,4749,159749,TPEX
2026-01-07,6276,20000,0,-97,19903,TPEX
2026-01-07,6279,75000,-40000,2627,37627,TPEX
2026-01-07,6284,485000,0,6595,491595,TPEX
2026-01-07,6290,-1536990,0,-643212,-2180202,TPEX
2026-01-07,6291,27000,0,7996,34996,TPEX
2026-01-07,6292,1000,0,0,1000,TPEX
2026-01-07,6294,1000,0,149,1149,TPEX
2026-01-07,6411,108000,0,117,108117,TPEX
2026-01-07,6417,26000,0,0,26000,TPEX
2026-01-07,6418,-10000,0,435,-9565,TPEX
2026-01-07,6419,-28000,0,90,-27910,TPEX
2026-01-07,6425,-206000,0,95,-205905,TPEX
2026-01-07,6432,-65000,0,-111,-65111,TPEX
2026-01-07,6435,384000,0,13052,397052,TPEX
2026-01-07,6441,-21000,0,252,-20748,TPEX
2026-01-07,6461,-127000,0,-597,-127597,TPEX
2026-01-07,6462,-5990,10000,-2988,1022,TPEX
2026-01-07,6465,0,0,6628,6628,TPEX
2026-01-07,6469,211000,0,9026,220026,TPEX
2026-01-07,6470,27000,0,2,27002,TPEX
2026-01-07,6474,-6000,0,-6000,-12000,TPEX
2026-01-07,6482,0,0,668,668,TPEX
2026-01-07,6485,404800,0,38120,442920,TPEX
2026-01-07,6486,-35000,0,0,-35000,TPEX
2026-01-07,6488,-624813,2873593,635184,2883964,TPEX
2026-01-07,6492,132000,0,-8,131992,TPEX
2026-01-07,6494,0,0,0,0,TPEX
2026-01-07,6496,1000,0,0,1000,TPEX
2026-01-07,6498,-111900,0,-1260,-113160,TPEX
2026-01-07,6499,34000,0,-270,33730,TPEX
2026-01-07,6506,-1000,0,0,-1000,TPEX
2026-01-07,6508,-1000,0,0,-1000,TPEX
2026-01-07,6509,76000,-17000,16000,75000,TPEX
2026-01-07,6510,-86998,56000,-12186,-43184,TPEX
2026-01-07,6516,29000,0,0,29000,TPEX
2026-01-07,6517,26000,0,32,26032,TPEX
2026-01-07,6523,0,0,0,0,TPEX
2026-01-07,6527,-6000,0,0,-6000,TPEX
2026-01-07,6530,100000,0,-9,99991,TPEX
2026-01-07,6532,14000,0,0,14000,TPEX
2026-01-07,6535,-5000,0,-944,-5944,TPEX
2026-01-07,6538,76000,-776,-3209,72015,TPEX
2026-01-07,6542,-1000,0,0,-1000,TPEX
2026-01-07,6546,89000,0,33,89033,TPEX
2026-01-07,6547,144000,0,22274,166274,TPEX
2026-01-07,6548,-2932950,2557000,6000,-369950,TPEX
2026-01-07,6560,18000,0,-846,17154,TPEX
2026-01-07,6561,-94000,78000,1180,-14820,TPEX
2026-01-07,6568,-20000,0,-2971,-22971,TPEX
2026-01-07,6569,15000,0,0,15000,TPEX
2026-01-07,6570,3000,0,1,3001,TPEX
2026-01-07,6576,-23000,0,0,-23000,TPEX
2026-01-07,6577,7000,0,0,7000,TPEX
2026-01-07,6578,6000,0,1,6001,TPEX
2026-01-07,6584,-152850,310000,13903,171053,TPEX
2026-01-07,6588,-60000,0,0,-60000,TPEX
2026-01-07,6590,-2000,0,0,-2000,TPEX
2026-01-07,6593,47000,0,579,47579,TPEX
2026-01-07,6596,148000,0,1120,149120,TPEX
2026-01-07,6603,247000,0,1011,248011,TPEX
2026-01-07,6609,56000,0,-31,55969,TPEX
2026-01-07,6612,7000,0,1029,8029,TPEX
2026-01-07,6613,47000,-5201,-700,41099,TPEX
2026-01-07,6616,0,0,0,0,TPEX
2026-01-07,6617,10000,0,0,10000,TPEX
2026-01-07,6620,43000,0,0,43000,TPEX
2026-01-07,6624,14000,0,-219,13781,TPEX
2026-01-07,6629,0,0,0,0,TPEX
2026-01-07,6637,2000,0,0,2000,TPEX
2026-01-07,6640,-116000,-2000,14392,-103608,TPEX
2026-01-07,6642,4000,0,0,4000,TPEX
2026-01-07,6643,200900,0,93785,294685,TPEX
2026-01-07,6649,-8000,0,10,-7990,TPEX
2026-01-07,6651,37000,0,0,37000,TPEX
2026-01-07,6654,2000,0,0,2000,TPEX
2026-01-07,6662,1000,0,0,1000,TPEX
2026-01-07,6664,18974,0,1313,20287,TPEX
2026-01-07,6667,42105,0,-2789,39316,TPEX
2026-01-07,6679,83000,0,-3169,79831,TPEX
2026-01-07,6683,-80980,-20000,-16838,-117818,TPEX
2026-01-07,6684,46000,0,-19,45981,TPEX
2026-01-07,6690,17000,0,1022,18022,TPEX
2026-01-07,6692,6000,0,-143,5857,TPEX
2026-01-07,6693,49000,0,70,49070,TPEX
2026-01-07,6697,2000,0,0,2000,TPEX
2026-01-07,6703,9000,0,0,9000,TPEX
2026-01-07,6708,0,0,0,0,TPEX
2026-01-07,6712,-154700,0,-1318,-156018,TPEX
2026-01-07,6716,3000,0,0,3000,TPEX
2026-01-07,6720,26000,0,0,26000,TPEX
2026-01-07,6725,-14000,0,14412,412,TPEX
2026-01-07,6727,52000,0,-8000,44000,TPEX
2026-01-07,6728,0,0,0,0,TPEX
2026-01-07,6732,64000,0,1032,65032,TPEX
2026-01-07,6733,-90000,0,72,-89928,TPEX
2026-01-07,6735,-22000,0,0,-22000,TPEX
2026-01-07,6739,-21000,0,-24712,-45712,TPEX
2026-01-07,6741,27000,0,0,27000,TPEX
2026-01-07,6751,-1000,0,-39,-1039,TPEX
2026-01-07,6752,-6000,0,315,-5685,TPEX
2026-01-07,6761,142000,0,12908,154908,TPEX
2026-01-07,6762,0,0,182,182,TPEX
2026-01-07,6763,-2000,0,-1557,-3557,TPEX
2026-01-07,6785,-9000,0,-1213,-10213,TPEX
2026-01-07,6788,-78900,0,-37556,-116456,TPEX
2026-01-07,6791,-1000,0,0,-1000,TPEX
2026-01-07,6803,16000,53000,2000,71000,TPEX
2026-01-07,6804,-9000,0,0,-9000,TPEX
2026-01-07,6811,13000,0,-529,12471,TPEX
2026-01-07,6821,1000,0,0,1000,TPEX
2026-01-07,6823,-42000,0,-20000,-62000,TPEX
2026-01-07,6829,3001,0,-507,2494,TPEX
2026-01-07,6840,15000,0,0,15000,TPEX
2026-01-07,6841,107000,0,-493,106507,TPEX
2026-01-07,6843,-1000,0,0,-1000,TPEX
2026-01-07,6846,0,0,0,0,TPEX
2026-01-07,6859,12005,0,88,12093,TPEX
2026-01-07,6865,8000,0,270,8270,TPEX
2026-01-07,6870,-1980,0,38,-1942,TPEX
2026-01-07,6874,0,0,0,0,TPEX
2026-01-07,6875,-2000,0,-267,-2267,TPEX
2026-01-07,6877,-22000,0,690,-21310,TPEX
2026-01-07,6894,-4850,0,4,-4846,TPEX
2026-01-07,6895,-25000,0,2972,-22028,TPEX
2026-01-07,6903,-108200,0,1474,-106726,TPEX
2026-01-07,6910,-24000,0,-38000,-62000,TPEX
2026-01-07,6913,-10000,0,-3073,-13073,TPEX
2026-01-07,6922,10000,0,216,10216,TPEX
2026-01-07,6925,-2000,0,0,-2000,TPEX
2026-01-07,6929,1000,0,0,1000,TPEX
2026-01-07,6953,7100,0,2000,9100,TPEX
2026-01-07,6967,-1000,0,-1000,-2000,TPEX
2026-01-07,6968,4000,0,0,4000,TPEX
2026-01-07,6971,11000,0,0,11000,TPEX
2026-01-07,6982,25000,0,0,25000,TPEX
2026-01-07,6996,100983,0,0,100983,TPEX
2026-01-07,7402,-52000,0,50414,-1586,TPEX
2026-01-07,7547,-7000,0,0,-7000,TPEX
2026-01-07,7556,-3000,0,0,-3000,TPEX
2026-01-07,7584,4000,0,0,4000,TPEX
2026-01-07,7642,3000,0,-45,2955,TPEX
2026-01-07,7703,-15000,0,-2281,-17281,TPEX
2026-01-07,7704,2000,0,0,2000,TPEX
2026-01-07,7712,30000,0,0,30000,TPEX
2026-01-07,7713,-3000,0,0,-3000,TPEX
2026-01-07,7714,-5000,0,0,-5000,TPEX
2026-01-07,7715,27000,0,0,27000,TPEX
2026-01-07,7717,0,0,0,0,TPEX
2026-01-07,7718,1000,0,0,1000,TPEX
2026-01-07,7723,94000,0,0,94000,TPEX
2026-01-07,7728,11000,0,11000,22000,TPEX
2026-01-07,7734,-9000,0,-876,-9876,TPEX
2026-01-07,7738,-4000,0,0,-4000,TPEX
2026-01-07,7743,-1000,0,0,-1000,TPEX
2026-01-07,7744,-10000,0,3364,-6636,TPEX
2026-01-07,7747,-1000,0,0,-1000,TPEX
2026-01-07,7751,-53000,0,-23041,-76041,TPEX
2026-01-07,7753,-3000,0,0,-3000,TPEX
2026-01-07,7757,33000,0,0,33000,TPEX
2026-01-07,7770,2000,0,0,2000,TPEX
2026-01-07,7777,-93000,0,2000,-91000,TPEX
2026-01-07,7782,1000,0,0,1000,TPEX
2026-01-07,7805,-13029,0,0,-13029,TPEX
2026-01-07,7810,-6800,0,0,-6800,TPEX
2026-01-07,8024,-2000,0,0,-2000,TPEX
2026-01-07,8027,-489300,0,27515,-461785,TPEX
2026-01-07,8032,12000,0,0,12000,TPEX
2026-01-07,8034,55000,0,16709,71709,TPEX
2026-01-07,8038,416000,0,439,416439,TPEX
2026-01-07,8040,45000,0,0,45000,TPEX
2026-01-07,8042,155976,0,-155582,394,TPEX
2026-01-07,8043,139515,0,-4960,134555,TPEX
2026-01-07,8044,145000,0,446,145446,TPEX
2026-01-07,8047,-48000,0,722,-47278,TPEX
2026-01-07,8048,71000,0,-32,70968,TPEX
2026-01-07,8049,-41000,0,-1,-41001,TPEX
2026-01-07,8050,132000,0,154,132154,TPEX
2026-01-07,8054,110110,0,-96234,13876,TPEX
2026-01-07,8059,169000,0,4238,173238,TPEX
2026-01-07,8064,721000,0,-239537,481463,TPEX
2026-01-07,8066,-1000,0,0,-1000,TPEX
2026-01-07,8067,0,0,1,1,TPEX
2026-01-07,8068,16000,0,-14000,2000,TPEX
2026-01-07,8069,-3052984,-3386,-24021,-3080391,TPEX
2026-01-07,8071,44000,0,0,44000,TPEX
2026-01-07,8074,-374000,0,217,-373783,TPEX
2026-01-07,8076,137000,0,8312,145312,TPEX
2026-01-07,8080,0,0,237,237,TPEX
2026-01-07,8083,13000,0,0,13000,TPEX
2026-01-07,8084,-13000,0,0,-13000,TPEX
2026-01-07,8085,150000,0,-7,149993,TPEX
2026-01-07,8086,378979,0,321325,700304,TPEX
2026-01-07,8087,-5000,0,0,-5000,TPEX
2026-01-07,8088,1610000,0,32342,1642342,TPEX
2026-01-07,8089,121000,0,0,121000,TPEX
2026-01-07,8091,67000,0,15000,82000,TPEX
2026-01-07,8092,-5000,0,0,-5000,TPEX
2026-01-07,8096,1008000,0,274537,1282537,TPEX
2026-01-07,8097,45000,0,161,45161,TPEX
2026-01-07,8099,-22000,0,0,-22000,TPEX
2026-01-07,8107,4000,0,-36,3964,TPEX
2026-01-07,8109,-6000,0,5000,-1000,TPEX
2026-01-07,8111,-45000,0,-51783,-96783,TPEX
2026-01-07,8121,386600,0,1305,387905,TPEX
2026-01-07,8147,-10000,0,1559,-8441,TPEX
2026-01-07,8155,-193204,0,147308,-45896,TPEX
2026-01-07,8171,56000,0,27,56027,TPEX
2026-01-07,8176,0,0,-18,-18,TPEX
2026-01-07,8182,-10000,0,0,-10000,TPEX
2026-01-07,8183,104000,0,6075,110075,TPEX
2026-01-07,8227,22000,0,4958,26958,TPEX
2026-01-07,8234,-146000,-11000,-25237,-182237,TPEX
2026-01-07,8240,339000,0,4058,343058,TPEX
2026-01-07,8255,7000,-2000,-1018,3982,TPEX
2026-01-07,8277,13000,0,963,13963,TPEX
2026-01-07,8279,9000,0,0,9000,TPEX
2026-01-07,8284,1000,0,36,1036,TPEX
2026-01-07,8289,0,0,0,0,TPEX
2026-01-07,8299,-552316,-79000,556426,-74890,TPEX
2026-01-07,8349,-19000,0,0,-19000,TPEX
2026-01-07,8354,1000,0,0,1000,TPEX
2026-01-07,8358,-21978,-60000,-226316,-308294,TPEX
2026-01-07,8383,61000,0,-14,60986,TPEX
2026-01-07,8390,-9000,0,21630,12630,TPEX
2026-01-07,8401,2000,0,0,2000,TPEX
2026-01-07,8403,7000,0,0,7000,TPEX
2026-01-07,8410,-10000,0,0,-10000,TPEX
2026-01-07,8415,-3000,0,-168000,-171000,TPEX
2026-01-07,8421,9000,0,0,9000,TPEX
2026-01-07,8426,1000,0,0,1000,TPEX
2026-01-07,8431,881000,0,-24057,856943,TPEX
2026-01-07,8432,5000,0,-13000,-8000,TPEX
2026-01-07,8433,-3000,0,0,-3000,TPEX
2026-01-07,8435,3000,0,0,3000,TPEX
2026-01-07,8436,431100,138566,16223,585889,TPEX
2026-01-07,8437,3000,0,-730,2270,TPEX
2026-01-07,8440,15000,0,179,15179,TPEX
2026-01-07,8444,1000,0,0,1000,TPEX
2026-01-07,8446,33000,0,-267,32733,TPEX
2026-01-07,8450,-2000,0,0,-2000,TPEX
2026-01-07,8472,-2000,0,0,-2000,TPEX
2026-01-07,8489,-8000,0,28,-7972,TPEX
2026-01-07,8905,-3000,0,0,-3000,TPEX
2026-01-07,8906,-3000,0,0,-3000,TPEX
2026-01-07,8908,-32000,0,0,-32000,TPEX
2026-01-07,8916,7000,0,0,7000,TPEX
2026-01-07,8924,37000,0,-38,36962,TPEX
2026-01-07,8927,62000,0,0,62000,TPEX
2026-01-07,8928,0,0,0,0,TPEX
2026-01-07,8930,45000,0,261,45261,TPEX
2026-01-07,8931,0,0,0,0,TPEX
2026-01-07,8932,426000,0,17216,443216,TPEX
2026-01-07,8933,4000,0,-473,3527,TPEX
2026-01-07,8935,45000,0,-2,44998,TPEX
2026-01-07,8936,-64000,0,2308,-61692,TPEX
2026-01-07,8937,7000,0,0,7000,TPEX
2026-01-07,8938,10000,0,0,10000,TPEX
2026-01-07,8941,0,0,0,0,TPEX
2026-01-07,8942,-36440,0,0,-36440,TPEX
2026-01-07,9949,-17000,0,0,-17000,TPEX
2026-01-07,9951,2000,0,0,2000,TPEX
2026-01-07,9960,10000,0,0,10000,TPEX
2026-01-07,9962,1000,0,3953,4953,TPEX
2026-01-08,1240,-1000,0,0,-1000,TPEX
2026-01-08,1259,-1000,0,0,-1000,TPEX
2026-01-08,1264,4000,0,0,4000,TPEX
2026-01-08,1268,-2000,0,0,-2000,TPEX
2026-01-08,1294,-5000,0,0,-5000,TPEX
2026-01-08,1295,23000,0,-21,22979,TPEX
2026-01-08,1336,9000,0,-148,8852,TPEX
2026-01-08,1565,11000,0,-1,10999,TPEX
2026-01-08,1569,65000,0,4219,69219,TPEX
2026-01-08,1570,-43000,0,0,-43000,TPEX
2026-01-08,1580,7000,0,0,7000,TPEX
2026-01-08,1584,305507,0,-1148,304359,TPEX
2026-01-08,1586,546000,0,3973,549973,TPEX
2026-01-08,1591,86000,0,-239,85761,TPEX
2026-01-08,1593,-2000,0,0,-2000,TPEX
2026-01-08,1595,13000,0,778,13778,TPEX
2026-01-08,1599,7000,0,0,7000,TPEX
2026-01-08,1742,0,0,0,0,TPEX
2026-01-08,1777,-6000,0,0,-6000,TPEX
2026-01-08,1781,0,0,-4,-4,TPEX
2026-01-08,1784,-130000,0,90879,-39121,TPEX
2026-01-08,1785,-1423980,0,-383034,-1807014,TPEX
2026-01-08,1788,1000,0,0,1000,TPEX
2026-01-08,1799,12000,0,-2000,10000,TPEX
2026-01-08,1815,-2677102,26000,-1086423,-3737525,TPEX
2026-01-08,2061,-8000,0,0,-8000,TPEX
2026-01-08,2063,2000,0,0,2000,TPEX
2026-01-08,2064,0,0,0,0,TPEX
2026-01-08,2065,4000,0,0,4000,TPEX
2026-01-08,2066,11000,0,0,11000,TPEX
2026-01-08,2067,63000,0,0,63000,TPEX
2026-01-08,2070,-6000,0,10000,4000,TPEX
2026-01-08,2221,0,0,0,0,TPEX
2026-01-08,2230,56000,0,9144,65144,TPEX
2026-01-08,2596,13000,0,0,13000,TPEX
2026-01-08,2640,4000,-15000,0,-11000,TPEX
2026-01-08,2641,-1211000,0,-91145,-1302145,TPEX
2026-01-08,2643,3000,0,-2000,1000,TPEX
2026-01-08,2718,11000,0,0,11000,TPEX
2026-01-08,2719,5000,0,0,5000,TPEX
2026-01-08,2726,2000,0,0,2000,TPEX
2026-01-08,2729,2000,0,0,2000,TPEX
2026-01-08,2732,3000,0,0,3000,TPEX
2026-01-08,2734,4000,0,0,4000,TPEX
2026-01-08,2736,-13000,0,0,-13000,TPEX
2026-01-08,2740,-2000,0,0,-2000,TPEX
2026-01-08,2743,34000,0,558,34558,TPEX
2026-01-08,2745,22000,0,-283,21717,TPEX
2026-01-08,2751,0,0,0,0,TPEX
2026-01-08,2752,-1000,0,0,-1000,TPEX
2026-01-08,2754,-1000,0,0,-1000,TPEX
2026-01-08,2755,-1788,0,0,-1788,TPEX
2026-01-08,2756,8000,0,-66,7934,TPEX
2026-01-08,2916,-14000,0,0,-14000,TPEX
2026-01-08,2926,9000,0,0,9000,TPEX
2026-01-08,2947,0,0,1000,1000,TPEX
2026-01-08,3066,-1000,0,28,-972,TPEX
2026-01-08,3071,-74000,0,0,-74000,TPEX
2026-01-08,3073,-1000,0,0,-1000,TPEX
2026-01-08,3078,-693000,0,-10119,-703119,TPEX
2026-01-08,3081,24000,-40000,46091,30091,TPEX
2026-01-08,3083,4000,0,0,4000,TPEX
2026-01-08,3086,-30000,0,-1199,-31199,TPEX
2026-01-08,3088,-107718,0,196,-107522,TPEX
2026-01-08,3093,-5000,0,0,-5000,TPEX
2026-01-08,3095,0,0,284,284,TPEX
2026-01-08,3105,7164509,906000,404480,8474989,TPEX
2026-01-08,3114,-21000,0,0,-21000,TPEX
2026-01-08,3122,-4000,0,-175,-4175,TPEX
2026-01-08,3128,-190000,0,0,-190000,TPEX
2026-01-08,3131,127000,-49000,-51565,26435,TPEX
2026-01-08,3141,-274000,0,-4120,-278120,TPEX
2026-01-08,3147,14000,0,-994,13006,TPEX
2026-01-08,3152,-51000,0,-13270,-64270,TPEX
2026-01-08,3162,-245000,0,-85,-245085,TPEX
2026-01-08,3163,108000,0,10414,118414,TPEX
2026-01-08,3169,-89000,-8000,1434,-95566,TPEX
2026-01-08,3171,-2000,0,216,-1784,TPEX
2026-01-08,3176,127000,0,0,127000,TPEX
2026-01-08,3178,7000,0,0,7000,TPEX
2026-01-08,3188,77000,0,0,77000,TPEX
2026-01-08,3191,-6000,0,1,-5999,TPEX
2026-01-08,3205,28000,0,0,28000,TPEX
2026-01-08,3206,9000,0,212,9212,TPEX
2026-01-08,3207,-65000,0,23412,-41588,TPEX
2026-01-08,3211,623312,-1209000,-59525,-645213,TPEX
2026-01-08,3213,-36000,0,985,-35015,TPEX
2026-01-08,3217,-155000,0,-4247,-159247,TPEX
2026-01-08,3218,10000,0,-2258,7742,TPEX
2026-01-08,3219,71000,0,11394,82394,TPEX
2026-01-08,3221,-30000,0,0,-30000,TPEX
2026-01-08,3224,-7000,0,0,-7000,TPEX
2026-01-08,3226,0,0,0,0,TPEX
2026-01-08,3227,-178000,77000,-36649,-137649,TPEX
2026-01-08,3228,-34000,0,-3729,-37729,TPEX
2026-01-08,3230,57000,0,-212,56788,TPEX
2026-01-08,3232,0,0,0,0,TPEX
2026-01-08,3234,-32000,0,453,-31547,TPEX
2026-01-08,3236,-545000,0,-7103,-552103,TPEX
2026-01-08,3252,-1000,0,3,-997,TPEX
2026-01-08,3259,-4000,0,0,-4000,TPEX
2026-01-08,3260,142795,75850,212085,430730,TPEX
2026-01-08,3264,537100,-76547,-212592,247961,TPEX
2026-01-08,3265,283000,330000,-38335,574665,TPEX
2026-01-08,3268,-1000,0,-10,-1010,TPEX
2026-01-08,3272,-4000,0,0,-4000,TPEX
2026-01-08,3276,-19000,0,0,-19000,TPEX
2026-01-08,3284,17000,0,0,17000,TPEX
2026-01-08,3285,-1000,0,0,-1000,TPEX
2026-01-08,3287,1000,0,0,1000,TPEX
2026-01-08,3289,-80946,20000,-9770,-70716,TPEX
2026-01-08,3290,-168000,0,-46890,-214890,TPEX
2026-01-08,3293,485488,-164000,11493,332981,TPEX
2026-01-08,3294,-457900,0,-56,-457956,TPEX
2026-01-08,3297,32000,0,2303,34303,TPEX
2026-01-08,3303,-6000,0,0,-6000,TPEX
2026-01-08,3306,-110000,0,62,-109938,TPEX
2026-01-08,3310,0,0,-10000,-10000,TPEX
2026-01-08,3313,58000,0,0,58000,TPEX
2026-01-08,3317,-270000,0,-815,-270815,TPEX
2026-01-08,3322,-89000,0,0,-89000,TPEX
2026-01-08,3323,-134950,0,-21962,-156912,TPEX
2026-01-08,3324,201405,0,-28718,172687,TPEX
2026-01-08,3325,-40000,0,-396,-40396,TPEX
2026-01-08,3332,4000,0,0,4000,TPEX
2026-01-08,3339,-32000,0,0,-32000,TPEX
2026-01-08,3349,-113000,0,0,-113000,TPEX
2026-01-08,3354,-8000,0,0,-8000,TPEX
2026-01-08,3357,-647000,0,-35006,-682006,TPEX
2026-01-08,3360,-90000,0,-1,-90001,TPEX
2026-01-08,3362,-336000,0,-1957,-337957,TPEX
2026-01-08,3363,315000,19000,3647,337647,TPEX
2026-01-08,3372,163000,0,-10816,152184,TPEX
2026-01-08,3373,-2000,0,0,-2000,TPEX
2026-01-08,3374,-794885,3314000,-456704,2062411,TPEX
2026-01-08,3379,-48000,0,-797,-48797,TPEX
2026-01-08,3388,0,0,0,0,TPEX
2026-01-08,3390,26000,0,-301,25699,TPEX
2026-01-08,3402,-335000,0,97174,-237826,TPEX
2026-01-08,3430,222000,0,18069,240069,TPEX
2026-01-08,3434,15000,0,0,15000,TPEX
2026-01-08,3438,-18000,0,0,-18000,TPEX
2026-01-08,3441,-34000,0,-1,-34001,TPEX
2026-01-08,3444,5000,0,55000,60000,TPEX
2026-01-08,3455,197000,0,720,197720,TPEX
2026-01-08,3466,8000,0,0,8000,TPEX
2026-01-08,3467,6000,0,0,6000,TPEX
2026-01-08,3479,-153000,0,-1417,-154417,TPEX
2026-01-08,3483,-143450,-8000,35205,-116245,TPEX
2026-01-08,3484,-38000,0,296,-37704,TPEX
2026-01-08,3489,1000,0,0,1000,TPEX
2026-01-08,3490,-88000,0,0,-88000,TPEX
2026-01-08,3491,219000,0,-76595,142405,TPEX
2026-01-08,3492,-7000,0,-18,-7018,TPEX
2026-01-08,3498,468990,0,96381,565371,TPEX
2026-01-08,3499,-43000,0,-530,-43530,TPEX
2026-01-08,3508,-4000,0,-1,-4001,TPEX
2026-01-08,3511,-153000,0,-408,-153408,TPEX
2026-01-08,3516,2000,0,0,2000,TPEX
2026-01-08,3520,-40000,0,0,-40000,TPEX
2026-01-08,3521,-8000,0,-291,-8291,TPEX
2026-01-08,3522,-32000,0,0,-32000,TPEX
2026-01-08,3523,2000,0,0,2000,TPEX
2026-01-08,3526,91000,0,-7718,83282,TPEX
2026-01-08,3527,7000,0,0,7000,TPEX
2026-01-08,3529,-186480,-45000,9307,-222173,TPEX
2026-01-08,3537,-139000,0,-1,-139001,TPEX
2026-01-08,3540,-30976,0,0,-30976,TPEX
2026-01-08,3541,1000,0,-792,208,TPEX
2026-01-08,3546,7000,0,14276,21276,TPEX
2026-01-08,3548,2000,0,-643,1357,TPEX
2026-01-08,3551,118000,0,-60034,57966,TPEX
2026-01-08,3552,-10000,0,-56,-10056,TPEX
2026-01-08,3555,58000,0,0,58000,TPEX
2026-01-08,3556,15000,0,9,15009,TPEX
2026-01-08,3558,-46000,-8000,-805,-54805,TPEX
2026-01-08,3564,-30000,0,-4003,-34003,TPEX
2026-01-08,3567,-4000,0,-1000,-5000,TPEX
2026-01-08,3570,2000,0,0,2000,TPEX
2026-01-08,3577,-9000,0,-2267,-11267,TPEX
2026-01-08,3580,-454985,0,-246,-455231,TPEX
2026-01-08,3581,-68975,0,356,-68619,TPEX
2026-01-08,3587,-28000,0,-9611,-37611,TPEX
2026-01-08,3594,-31000,0,-1143,-32143,TPEX
2026-01-08,3597,-4000,0,0,-4000,TPEX
2026-01-08,3609,-14000,0,0,-14000,TPEX
2026-01-08,3611,-4000,0,0,-4000,TPEX
2026-01-08,3615,-91000,0,-1792,-92792,TPEX
2026-01-08,3623,44000,0,0,44000,TPEX
2026-01-08,3624,246000,0,-64923,181077,TPEX
2026-01-08,3625,-218949,0,930,-218019,TPEX
2026-01-08,3628,10000,0,271,10271,TPEX
2026-01-08,3630,-636000,0,1081,-634919,TPEX
2026-01-08,3631,0,0,0,0,TPEX
2026-01-08,3646,7000,0,0,7000,TPEX
2026-01-08,3663,356920,0,-65134,291786,TPEX
2026-01-08,3664,0,0,210,210,TPEX
2026-01-08,3666,-23000,0,0,-23000,TPEX
2026-01-08,3672,5000,0,0,5000,TPEX
2026-01-08,3675,-70000,0,-5002,-75002,TPEX
2026-01-08,3680,-270500,0,36949,-233551,TPEX
2026-01-08,3684,1000,0,-5000,-4000,TPEX
2026-01-08,3685,-22000,0,0,-22000,TPEX
2026-01-08,3687,-8000,0,-1235,-9235,TPEX
2026-01-08,3689,-373000,0,60380,-312620,TPEX
2026-01-08,3691,-66000,0,-3000,-69000,TPEX
2026-01-08,3693,-50000,0,52980,2980,TPEX
2026-01-08,3707,-425000,0,-147140,-572140,TPEX
2026-01-08,3709,635000,0,-137839,497161,TPEX
2026-01-08,3710,-25415,0,0,-25415,TPEX
2026-01-08,3713,2000,0,0,2000,TPEX
2026-01-08,4102,-3000,0,44,-2956,TPEX
2026-01-08,4105,130000,-2000,-2420,125580,TPEX
2026-01-08,4107,-16000,0,0,-16000,TPEX
2026-01-08,4109,15000,0,-105,14895,TPEX
2026-01-08,4111,17000,0,2000,19000,TPEX
2026-01-08,4113,29000,0,-333,28667,TPEX
2026-01-08,4114,198000,0,-5824,192176,TPEX
2026-01-08,4116,2000,0,0,2000,TPEX
2026-01-08,4120,-1000,0,0,-1000,TPEX
2026-01-08,4121,13000,0,0,13000,TPEX
2026-01-08,4123,607000,0,14520,621520,TPEX
2026-01-08,4126,-5000,0,0,-5000,TPEX
2026-01-08,4127,1000,0,0,1000,TPEX
2026-01-08,4128,829000,0,29782,858782,TPEX
2026-01-08,4129,50540,0,-11789,38751,TPEX
2026-01-08,4130,-840000,0,2000,-838000,TPEX
2026-01-08,4131,13000,0,0,13000,TPEX
2026-01-08,4138,1000,0,16,1016,TPEX
2026-01-08,4147,292000,0,330,292330,TPEX
2026-01-08,4153,-2000,0,0,-2000,TPEX
2026-01-08,4157,1888000,0,-8887,1879113,TPEX
2026-01-08,4160,7000,0,32,7032,TPEX
2026-01-08,4161,5000,0,0,5000,TPEX
2026-01-08,4162,499000,0,-1051,497949,TPEX
2026-01-08,4163,-1000,0,0,-1000,TPEX
2026-01-08,4166,63000,0,0,63000,TPEX
2026-01-08,4167,-135000,0,-736,-135736,TPEX
2026-01-08,4168,58619,0,0,58619,TPEX
2026-01-08,4171,4000,0,0,4000,TPEX
2026-01-08,4173,65000,0,0,65000,TPEX
2026-01-08,4174,203000,0,0,203000,TPEX
2026-01-08,4175,1000,0,0,1000,TPEX
2026-01-08,4188,-1000,0,0,-1000,TPEX
2026-01-08,4205,3000,0,0,3000,TPEX
2026-01-08,4207,-7000,0,0,-7000,TPEX
2026-01-08,4303,-427600,0,35775,-391825,TPEX
2026-01-08,4304,1000,0,0,1000,TPEX
2026-01-08,4401,-3000,0,0,-3000,TPEX
2026-01-08,4402,-1000,0,45,-955,TPEX
2026-01-08,4413,0,0,7,7,TPEX
2026-01-08,4416,6000,0,0,6000,TPEX
2026-01-08,4417,8000,0,-158,7842,TPEX
2026-01-08,4419,0,0,2,2,TPEX
2026-01-08,4420,6200,0,0,6200,TPEX
2026-01-08,4432,4000,0,1000,5000,TPEX
2026-01-08,4433,2000,0,0,2000,TPEX
2026-01-08,4502,3000,0,0,3000,TPEX
2026-01-08,4503,12000,0,-179,11821,TPEX
2026-01-08,4506,8000,0,0,8000,TPEX
2026-01-08,4510,-117000,0,-12442,-129442,TPEX
2026-01-08,4513,32390,0,-358,32032,TPEX
2026-01-08,4523,-34000,0,-164,-34164,TPEX
2026-01-08,4527,0,0,126,126,TPEX
2026-01-08,4528,-1000,0,0,-1000,TPEX
2026-01-08,4533,-11000,0,5565,-5435,TPEX
2026-01-08,4534,35000,0,294,35294,TPEX
2026-01-08,4535,2000,0,0,2000,TPEX
2026-01-08,4538,-1000,0,0,-1000,TPEX
2026-01-08,4541,227000,0,19011,246011,TPEX
2026-01-08,4542,34000,0,558,34558,TPEX
2026-01-08,4543,-11000,0,550,-10450,TPEX
2026-01-08,4549,53000,0,243,53243,TPEX
2026-01-08,4550,2000,0,0,2000,TPEX
2026-01-08,4554,-1000,0,7,-993,TPEX
2026-01-08,4556,0,0,0,0,TPEX
2026-01-08,4558,0,0,0,0,TPEX
2026-01-08,4561,6000,0,-254,5746,TPEX
2026-01-08,4563,-21000,0,-3742,-24742,TPEX
2026-01-08,4568,0,0,0,0,TPEX
2026-01-08,4577,-110000,0,3,-109997,TPEX
2026-01-08,4580,2000,0,0,2000,TPEX
2026-01-08,4702,-9000,0,-389,-9389,TPEX
2026-01-08,4707,50000,0,0,50000,TPEX
2026-01-08,4711,1000,0,-474,526,TPEX
2026-01-08,4714,8000,0,-75,7925,TPEX
2026-01-08,4716,-42000,0,330,-41670,TPEX
2026-01-08,4721,-56000,0,2264,-53736,TPEX
2026-01-08,4726,44000,0,262,44262,TPEX
2026-01-08,4729,-52000,0,0,-52000,TPEX
2026-01-08,4741,3000,0,0,3000,TPEX
2026-01-08,4743,1147600,0,-3621,1143979,TPEX
2026-01-08,4744,146000,0,0,146000,TPEX
2026-01-08,4745,30000,0,0,30000,TPEX
2026-01-08,4747,-8000,0,0,-8000,TPEX
2026-01-08,4749,-161334,-35000,-113897,-310231,TPEX
2026-01-08,4754,-1000,0,0,-1000,TPEX
2026-01-08,4760,-47000,0,-3605,-50605,TPEX
2026-01-08,4767,0,0,0,0,TPEX
2026-01-08,4768,-508070,0,-8683,-516753,TPEX
2026-01-08,4772,152205,-5000,-127008,20197,TPEX
2026-01-08,4903,-179000,0,-3936,-182936,TPEX
2026-01-08,4905,0,0,0,0,TPEX
2026-01-08,4907,1000,0,0,1000,TPEX
2026-01-08,4908,-32000,0,-2847,-34847,TPEX
2026-01-08,4909,248000,0,-11305,236695,TPEX
2026-01-08,4911,20000,0,0,20000,TPEX
2026-01-08,4923,-5000,0,0,-5000,TPEX
2026-01-08,4931,-192000,-34000,235000,9000,TPEX
2026-01-08,4933,-7000,0,-973,-7973,TPEX
2026-01-08,4939,-264000,0,-242,-264242,TPEX
2026-01-08,4946,0,0,0,0,TPEX
2026-01-08,4950,0,0,0,0,TPEX
2026-01-08,4951,-26000,0,-406,-26406,TPEX
2026-01-08,4953,357000,0,-12974,344026,TPEX
2026-01-08,4966,-9235,288000,34823,313588,TPEX
2026-01-08,4971,23975,0,-21281,2694,TPEX
2026-01-08,4972,-4000,0,0,-4000,TPEX
2026-01-08,4973,1706000,0,70683,1776683,TPEX
2026-01-08,4974,-30000,0,-767,-30767,TPEX
2026-01-08,4979,-1364170,15000,285357,-1063813,TPEX
2026-01-08,4987,1000,0,-468,532,TPEX
2026-01-08,4991,-178000,0,27000,-151000,TPEX
2026-01-08,4995,-4000,0,0,-4000,TPEX
2026-01-08,5009,-657967,0,38071,-619896,TPEX
2026-01-08,5011,-64000,0,0,-64000,TPEX
2026-01-08,5013,1000,0,0,1000,TPEX
2026-01-08,5014,-210000,0,-2006,-212006,TPEX
2026-01-08,5201,-8000,0,0,-8000,TPEX
2026-01-08,5202,14000,0,0,14000,TPEX
2026-01-08,5206,5000,0,0,5000,TPEX
2026-01-08,5209,-32000,0,51,-31949,TPEX
2026-01-08,5210,-13000,0,-1,-13001,TPEX
2026-01-08,5212,1000,0,0,1000,TPEX
2026-01-08,5213,177000,0,3115,180115,TPEX
2026-01-08,5220,-2000,0,0,-2000,TPEX
2026-01-08,5223,8000,0,0,8000,TPEX
2026-01-08,5227,35000,0,2500,37500,TPEX
2026-01-08,5228,-15000,0,0,-15000,TPEX
2026-01-08,5230,21000,0,-107,20893,TPEX
2026-01-08,5236,-37000,0,358,-36642,TPEX
2026-01-08,5245,-3000,0,117,-2883,TPEX
2026-01-08,5251,-34943,0,-269,-35212,TPEX
2026-01-08,5263,59000,0,0,59000,TPEX
2026-01-08,5272,-13000,0,-576,-13576,TPEX
2026-01-08,5274,-40762,-15,-14016,-54793,TPEX
2026-01-08,5278,10000,0,0,10000,TPEX
2026-01-08,5287,-1000,0,0,-1000,TPEX
2026-01-08,5289,104580,106000,-71755,138825,TPEX
2026-01-08,5291,-9960,0,0,-9960,TPEX
2026-01-08,5299,-15000,0,0,-15000,TPEX
2026-01-08,5301,2000,0,0,2000,TPEX
2026-01-08,5302,46000,0,916,46916,TPEX
2026-01-08,5309,-703000,-3000,-76398,-782398,TPEX
2026-01-08,5312,-19000,0,-1000,-20000,TPEX
2026-01-08,5314,1721000,0,74933,1795933,TPEX
2026-01-08,5315,-44000,0,0,-44000,TPEX
2026-01-08,5321,-4000,0,0,-4000,TPEX
2026-01-08,5324,-23000,0,0,-23000,TPEX
2026-01-08,5328,-1432000,0,-1501,-1433501,TPEX
2026-01-08,5340,-1182000,0,65623,-1116377,TPEX
2026-01-08,5347,22511186,762474,342595,23616255,TPEX
2026-01-08,5351,1684000,7000,40000,1731000,TPEX
2026-01-08,5353,1000,0,0,1000,TPEX
2026-01-08,5355,-33000,0,-3,-33003,TPEX
2026-01-08,5356,-2000,0,0,-2000,TPEX
2026-01-08,5364,1000,0,0,1000,TPEX
2026-01-08,5371,-1894938,0,496401,-1398537,TPEX
2026-01-08,5381,-299000,0,0,-299000,TPEX
2026-01-08,5386,153020,0,-25,152995,TPEX
2026-01-08,5392,-68900,0,-47877,-116777,TPEX
2026-01-08,5398,-51000,0,-1,-51001,TPEX
2026-01-08,5403,10000,0,0,10000,TPEX
2026-01-08,5410,-11000,0,-189,-11189,TPEX
2026-01-08,5425,-365790,0,-106962,-472752,TPEX
2026-01-08,5426,-79000,0,585,-78415,TPEX
2026-01-08,5432,69000,0,132,69132,TPEX
2026-01-08,5438,-22000,0,-245,-22245,TPEX
2026-01-08,5439,278000,244000,-18822,503178,TPEX
2026-01-08,5443,-640150,0,135534,-504616,TPEX
2026-01-08,5450,1000,0,0,1000,TPEX
2026-01-08,5452,244000,0,-923,243077,TPEX
2026-01-08,5455,0,0,-1,-1,TPEX
2026-01-08,5457,-169950,-3000,-4364,-177314,TPEX
2026-01-08,5460,4000,0,0,4000,TPEX
2026-01-08,5464,-4000,0,0,-4000,TPEX
2026-01-08,5465,-111000,0,782,-110218,TPEX
2026-01-08,5468,18000,0,0,18000,TPEX
2026-01-08,5474,-29000,0,-8977,-37977,TPEX
2026-01-08,5475,-1843000,0,9699,-1833301,TPEX
2026-01-08,5478,25000,0,-426,24574,TPEX
2026-01-08,5481,463000,0,0,463000,TPEX
2026-01-08,5483,-938854,-47890,-237574,-1224318,TPEX
2026-01-08,5487,5000,0,0,5000,TPEX
2026-01-08,5489,10000,0,0,10000,TPEX
2026-01-08,5490,-229000,0,-759,-229759,TPEX
2026-01-08,5493,-147900,0,4960,-142940,TPEX
2026-01-08,5498,-540000,0,26000,-514000,TPEX
2026-01-08,5508,-140000,0,-9670,-149670,TPEX
2026-01-08,5511,95000,0,0,95000,TPEX
2026-01-08,5512,181000,0,0,181000,TPEX
2026-01-08,5516,4000,0,0,4000,TPEX
2026-01-08,5523,1000,0,0,1000,TPEX
2026-01-08,5529,-1000,0,0,-1000,TPEX
2026-01-08,5530,-54000,0,-1366,-55366,TPEX
2026-01-08,5536,-376876,46000,17959,-312917,TPEX
2026-01-08,5543,-3000,0,0,-3000,TPEX
2026-01-08,5548,1000,0,0,1000,TPEX
2026-01-08,5603,-16000,0,0,-16000,TPEX
2026-01-08,5609,35000,0,0,35000,TPEX
2026-01-08,5704,3000,0,0,3000,TPEX
2026-01-08,5864,-1368000,0,0,-1368000,TPEX
2026-01-08,5902,0,0,0,0,TPEX
2026-01-08,5903,11000,-40000,10000,-19000,TPEX
2026-01-08,5904,-5000,-1000,448,-5552,TPEX
2026-01-08,5905,288000,0,-500,287500,TPEX
2026-01-08,6015,99000,0,0,99000,TPEX
2026-01-08,6016,1736800,0,0,1736800,TPEX
2026-01-08,6020,0,0,0,0,TPEX
2026-01-08,6021,87000,0,0,87000,TPEX
2026-01-08,6023,43000,0,0,43000,TPEX
2026-01-08,6026,571000,0,0,571000,TPEX
2026-01-08,6101,-1000,0,0,-1000,TPEX
2026-01-08,6104,-483900,2000,4724,-477176,TPEX
2026-01-08,6109,0,0,129,129,TPEX
2026-01-08,6111,41000,0,-1426,39574,TPEX
2026-01-08,6113,106000,0,-222,105778,TPEX
2026-01-08,6114,3000,0,0,3000,TPEX
2026-01-08,6118,-109000,0,0,-109000,TPEX
2026-01-08,6121,-137026,89157,-1224,-49093,TPEX
2026-01-08,6122,241000,0,16000,257000,TPEX
2026-01-08,6123,1000,0,0,1000,TPEX
2026-01-08,6124,14000,0,0,14000,TPEX
2026-01-08,6125,-837980,0,-209838,-1047818,TPEX
2026-01-08,6126,-1354900,0,-93462,-1448362,TPEX
2026-01-08,6127,-342000,0,-321,-342321,TPEX
2026-01-08,6129,-380000,0,801,-379199,TPEX
2026-01-08,6130,-46000,0,0,-46000,TPEX
2026-01-08,6134,18000,0,0,18000,TPEX
2026-01-08,6138,19000,1000,-12009,7991,TPEX
2026-01-08,6140,-1000,0,85,-915,TPEX
2026-01-08,6143,-113000,0,5138,-107862,TPEX
2026-01-08,6146,30000,0,0,30000,TPEX
2026-01-08,6147,-1131025,371524,-26144,-785645,TPEX
2026-01-08,6148,1000,0,-1141,-141,TPEX
2026-01-08,6150,-75000,0,346,-74654,TPEX
2026-01-08,6151,-33000,0,0,-33000,TPEX
2026-01-08,6154,0,0,0,0,TPEX
2026-01-08,6156,-196000,0,0,-196000,TPEX
2026-01-08,6160,13000,0,-207,12793,TPEX
2026-01-08,6161,-29000,0,3,-28997,TPEX
2026-01-08,6163,-1012000,0,38850,-973150,TPEX
2026-01-08,6167,10000,0,0,10000,TPEX
2026-01-08,6169,-2000,0,0,-2000,TPEX
2026-01-08,6170,3000,0,0,3000,TPEX
2026-01-08,6171,1000,0,0,1000,TPEX
2026-01-08,6173,-751000,0,-262317,-1013317,TPEX
2026-01-08,6174,2000,0,0,2000,TPEX
2026-01-08,6175,-61000,0,-23153,-84153,TPEX
2026-01-08,6179,-19000,0,-1180,-20180,TPEX
2026-01-08,6180,95000,-253512,-218,-158730,TPEX
2026-01-08,6182,770000,0,-847009,-77009,TPEX
2026-01-08,6185,-2000,0,-1,-2001,TPEX
2026-01-08,6186,-31000,0,-1249,-32249,TPEX
2026-01-08,6187,353885,0,-15871,338014,TPEX
2026-01-08,6188,-1758800,0,-698555,-2457355,TPEX
2026-01-08,6190,-87850,0,54272,-33578,TPEX
2026-01-08,6194,-21000,0,9,-20991,TPEX
2026-01-08,6198,-1000,0,0,-1000,TPEX
2026-01-08,6199,8000,0,3701,11701,TPEX
2026-01-08,6203,-12000,0,-381,-12381,TPEX
2026-01-08,6204,-108000,0,2000,-106000,TPEX
2026-01-08,6207,-174000,0,620,-173380,TPEX
2026-01-08,6208,7000,0,334,7334,TPEX
2026-01-08,6217,-126000,0,-12378,-138378,TPEX
2026-01-08,6218,-20995,0,0,-20995,TPEX
2026-01-08,6219,-32970,0,8,-32962,TPEX
2026-01-08,6220,1000,0,0,1000,TPEX
2026-01-08,6221,-171150,0,0,-171150,TPEX
2026-01-08,6222,4000,0,0,4000,TPEX
2026-01-08,6223,13196,-40000,-4926,-31730,TPEX
2026-01-08,6227,8000,0,574,8574,TPEX
2026-01-08,6228,0,0,56,56,TPEX
2026-01-08,6229,-2000,0,-7357,-9357,TPEX
2026-01-08,6231,30800,0,-21085,9715,TPEX
2026-01-08,6233,67000,0,0,67000,TPEX
2026-01-08,6234,-492000,0,3557,-488443,TPEX
2026-01-08,6237,-55000,0,-980,-55980,TPEX
2026-01-08,6241,9000,0,0,9000,TPEX
2026-01-08,6242,1000,0,0,1000,TPEX
2026-01-08,6244,-928000,0,-98460,-1026460,TPEX
2026-01-08,6245,47520,0,51986,99506,TPEX
2026-01-08,6246,1000,0,-824,176,TPEX
2026-01-08,6248,-5000,0,-1,-5001,TPEX
2026-01-08,6259,0,0,0,0,TPEX
2026-01-08,6261,95000,0,-3000,92000,TPEX
2026-01-08,6263,14000,0,4,14004,TPEX
2026-01-08,6264,1000,0,0,1000,TPEX
2026-01-08,6265,148030,0,26000,174030,TPEX
2026-01-08,6266,-37294,0,611,-36683,TPEX
2026-01-08,6270,-86000,0,0,-86000,TPEX
2026-01-08,6274,41130,226000,-44064,223066,TPEX
2026-01-08,6275,197000,0,-19975,177025,TPEX
2026-01-08,6276,-9000,0,95,-8905,TPEX
2026-01-08,6279,-234000,-219450,-393,-453843,TPEX
2026-01-08,6284,-15000,0,-11525,-26525,TPEX
2026-01-08,6290,-338990,0,-39943,-378933,TPEX
2026-01-08,6291,-46000,0,-2519,-48519,TPEX
2026-01-08,6292,-7000,0,0,-7000,TPEX
2026-01-08,6294,-3000,0,2,-2998,TPEX
2026-01-08,6411,-34980,0,-808,-35788,TPEX
2026-01-08,6417,29000,0,0,29000,TPEX
2026-01-08,6418,-159000,0,-669,-159669,TPEX
2026-01-08,6419,27000,0,0,27000,TPEX
2026-01-08,6425,-58000,0,-110,-58110,TPEX
2026-01-08,6432,-113000,0,-5,-113005,TPEX
2026-01-08,6435,124000,0,-13778,110222,TPEX
2026-01-08,6441,-14000,0,-3,-14003,TPEX
2026-01-08,6461,-31000,0,0,-31000,TPEX
2026-01-08,6462,458000,1000,97327,556327,TPEX
2026-01-08,6465,-56000,0,-5497,-61497,TPEX
2026-01-08,6469,29000,0,-30,28970,TPEX
2026-01-08,6470,57000,0,0,57000,TPEX
2026-01-08,6474,1000,0,-9000,-8000,TPEX
2026-01-08,6482,0,0,-987,-987,TPEX
2026-01-08,6485,2212008,0,22094,2234102,TPEX
2026-01-08,6486,-16000,0,0,-16000,TPEX
2026-01-08,6488,-1416540,787872,-491509,-1120177,TPEX
2026-01-08,6492,105000,0,0,105000,TPEX
2026-01-08,6494,-7000,0,0,-7000,TPEX
2026-01-08,6498,12000,0,0,12000,TPEX
2026-01-08,6499,41726,0,366,42092,TPEX
2026-01-08,6506,3000,0,0,3000,TPEX
2026-01-08,6508,0,0,0,0,TPEX
2026-01-08,6509,2000,-5000,0,-3000,TPEX
2026-01-08,6510,-95000,-10350,-22715,-128065,TPEX
2026-01-08,6516,-8000,0,0,-8000,TPEX
2026-01-08,6517,15000,0,678,15678,TPEX
2026-01-08,6523,-3000,0,0,-3000,TPEX
2026-01-08,6530,-21000,0,-217,-21217,TPEX
2026-01-08,6532,0,0,0,0,TPEX
2026-01-08,6535,56000,0,789,56789,TPEX
2026-01-08,6538,-6000,-621,-473,-7094,TPEX
2026-01-08,6542,1000,0,0,1000,TPEX
2026-01-08,6546,-86000,0,-1059,-87059,TPEX
2026-01-08,6547,-100044,0,2242,-97802,TPEX
2026-01-08,6548,963000,-4000,17372,976372,TPEX
2026-01-08,6556,-1000,0,0,-1000,TPEX
2026-01-08,6560,5000,0,22,5022,TPEX
2026-01-08,6561,-66000,0,-859,-66859,TPEX
2026-01-08,6568,-45857,0,-7583,-53440,TPEX
2026-01-08,6569,6000,0,0,6000,TPEX
2026-01-08,6570,4000,0,0,4000,TPEX
2026-01-08,6576,6000,0,0,6000,TPEX
2026-01-08,6577,-6000,0,0,-6000,TPEX
2026-01-08,6578,-20000,0,0,-20000,TPEX
2026-01-08,6584,-266000,0,-38981,-304981,TPEX
2026-01-08,6588,-37000,0,0,-37000,TPEX
2026-01-08,6590,0,0,0,0,TPEX
2026-01-08,6593,3000,0,-101,2899,TPEX
2026-01-08,6596,64000,0,13000,77000,TPEX
2026-01-08,6603,929000,0,11079,940079,TPEX
2026-01-08,6609,-51900,0,148,-51752,TPEX
2026-01-08,6612,-8000,0,0,-8000,TPEX
2026-01-08,6613,105000,-2535,2709,105174,TPEX
2026-01-08,6615,-2000,0,0,-2000,TPEX
2026-01-08,6616,4000,0,0,4000,TPEX
2026-01-08,6617,35000,0,0,35000,TPEX
2026-01-08,6620,-32000,0,0,-32000,TPEX
2026-01-08,6624,6000,0,-2000,4000,TPEX
2026-01-08,6629,-4000,0,86,-3914,TPEX
2026-01-08,6637,-11000,0,0,-11000,TPEX
2026-01-08,6640,185000,-18000,36737,203737,TPEX
2026-01-08,6642,-8000,0,0,-8000,TPEX
2026-01-08,6643,-116598,0,-32733,-149331,TPEX
2026-01-08,6649,-24000,0,0,-24000,TPEX
2026-01-08,6651,-84890,0,0,-84890,TPEX
2026-01-08,6664,81036,0,-10533,70503,TPEX
2026-01-08,6667,-173683,0,-6286,-179969,TPEX
2026-01-08,6679,-24000,0,2049,-21951,TPEX
2026-01-08,6680,0,0,1000,1000,TPEX
2026-01-08,6683,8075,0,-17811,-9736,TPEX
2026-01-08,6684,-2000,0,0,-2000,TPEX
2026-01-08,6690,14054,0,0,14054,TPEX
2026-01-08,6692,-2000,0,0,-2000,TPEX
2026-01-08,6693,118000,0,4000,122000,TPEX
2026-01-08,6697,-1000,0,0,-1000,TPEX
2026-01-08,6703,5000,0,0,5000,TPEX
2026-01-08,6712,6000,0,-12009,-6009,TPEX
2026-01-08,6716,4000,0,0,4000,TPEX
2026-01-08,6720,-11000,0,0,-11000,TPEX
2026-01-08,6725,46000,0,10388,56388,TPEX
2026-01-08,6727,-25000,0,4000,-21000,TPEX
2026-01-08,6728,-2000,0,0,-2000,TPEX
2026-01-08,6732,-28000,0,-2763,-30763,TPEX
2026-01-08,6733,4000,0,-275,3725,TPEX
2026-01-08,6735,-20000,0,0,-20000,TPEX
2026-01-08,6739,-3015,0,-13059,-16074,TPEX
2026-01-08,6741,3000,0,0,3000,TPEX
2026-01-08,6751,13000,0,0,13000,TPEX
2026-01-08,6752,-25000,0,-3539,-28539,TPEX
2026-01-08,6761,-248000,0,-15604,-263604,TPEX
2026-01-08,6762,0,0,-60,-60,TPEX
2026-01-08,6763,149000,0,-7974,141026,TPEX
2026-01-08,6767,1000,0,0,1000,TPEX
2026-01-08,6785,-7000,0,-2068,-9068,TPEX
2026-01-08,6788,128000,0,-28185,99815,TPEX
2026-01-08,6791,-1000,0,0,-1000,TPEX
2026-01-08,6803,-7000,0,20000,13000,TPEX
2026-01-08,6804,-1000,0,0,-1000,TPEX
2026-01-08,6811,-38000,0,1302,-36698,TPEX
2026-01-08,6821,-1000,0,0,-1000,TPEX
2026-01-08,6823,-41000,0,0,-41000,TPEX
2026-01-08,6829,63000,0,1362,64362,TPEX
2026-01-08,6840,3000,0,0,3000,TPEX
2026-01-08,6841,52000,0,-427,51573,TPEX
2026-01-08,6846,8000,0,0,8000,TPEX
2026-01-08,6859,3000,0,-230,2770,TPEX
2026-01-08,6865,-1000,0,-2000,-3000,TPEX
2026-01-08,6870,-8990,0,4,-8986,TPEX
2026-01-08,6874,0,0,0,0,TPEX
2026-01-08,6875,-1000,0,557,-443,TPEX
2026-01-08,6877,90100,0,2134,92234,TPEX
2026-01-08,6894,-11000,0,10,-10990,TPEX
2026-01-08,6895,43000,0,-6600,36400,TPEX
2026-01-08,6903,-36000,0,-3953,-39953,TPEX
2026-01-08,6910,-26000,0,0,-26000,TPEX
2026-01-08,6913,33000,-10000,-2058,20942,TPEX
2026-01-08,6922,-15000,0,-1388,-16388,TPEX
2026-01-08,6925,-14000,0,0,-14000,TPEX
2026-01-08,6953,2000,0,2000,4000,TPEX
2026-01-08,6967,-30000,0,0,-30000,TPEX
2026-01-08,6968,1000,0,0,1000,TPEX
2026-01-08,6971,7000,0,0,7000,TPEX
2026-01-08,6982,4000,0,0,4000,TPEX
2026-01-08,6996,79000,0,0,79000,TPEX
2026-01-08,7402,22008,120000,-60639,81369,TPEX
2026-01-08,7547,14000,0,0,14000,TPEX
2026-01-08,7556,-3000,0,0,-3000,TPEX
2026-01-08,7642,16000,0,0,16000,TPEX
2026-01-08,7703,15000,0,-1463,13537,TPEX
2026-01-08,7704,-1000,0,0,-1000,TPEX
2026-01-08,7708,-1000,0,0,-1000,TPEX
2026-01-08,7712,-142000,0,0,-142000,TPEX
2026-01-08,7713,-1000,0,0,-1000,TPEX
2026-01-08,7714,-20000,0,33,-19967,TPEX
2026-01-08,7715,2000,0,0,2000,TPEX
2026-01-08,7716,1000,0,0,1000,TPEX
2026-01-08,7717,-1000,0,0,-1000,TPEX
2026-01-08,7718,-1000,0,0,-1000,TPEX
2026-01-08,7723,-22000,0,0,-22000,TPEX
2026-01-08,7728,1000,0,0,1000,TPEX
2026-01-08,7734,-1000,0,-511,-1511,TPEX
2026-01-08,7738,46000,0,0,46000,TPEX
2026-01-08,7743,-1000,0,0,-1000,TPEX
2026-01-08,7744,-6000,0,-293,-6293,TPEX
2026-01-08,7751,63000,0,-961,62039,TPEX
2026-01-08,7753,-1000,0,0,-1000,TPEX
2026-01-08,7757,2000,0,0,2000,TPEX
2026-01-08,7770,-1000,0,0,-1000,TPEX
2026-01-08,7777,130000,0,-1989,128011,TPEX
2026-01-08,7805,-7000,0,0,-7000,TPEX
2026-01-08,7810,50503,0,0,50503,TPEX
2026-01-08,8027,-206045,0,71461,-134584,TPEX
2026-01-08,8032,-3000,0,-6084,-9084,TPEX
2026-01-08,8034,-450975,0,-17000,-467975,TPEX
2026-01-08,8038,66037,0,-376,65661,TPEX
2026-01-08,8040,16000,0,0,16000,TPEX
2026-01-08,8042,-203200,0,-53656,-256856,TPEX
2026-01-08,8043,207500,0,-4909,202591,TPEX
2026-01-08,8044,115000,0,-733,114267,TPEX
2026-01-08,8047,-3000,0,0,-3000,TPEX
2026-01-08,8048,67000,0,0,67000,TPEX
2026-01-08,8049,-50000,0,-3,-50003,TPEX
2026-01-08,8050,-78000,0,-1,-78001,TPEX
2026-01-08,8054,-92990,2000,26613,-64377,TPEX
2026-01-08,8059,-748000,0,-2984,-750984,TPEX
2026-01-08,8064,949000,0,10206,959206,TPEX
2026-01-08,8066,-3000,0,-48,-3048,TPEX
2026-01-08,8068,-30000,0,4000,-26000,TPEX
2026-01-08,8069,-2051790,-4452,43970,-2012272,TPEX
2026-01-08,8071,-55507,0,-419,-55926,TPEX
2026-01-08,8074,550000,0,97012,647012,TPEX
2026-01-08,8076,-67000,0,-4091,-71091,TPEX
2026-01-08,8083,24000,0,0,24000,TPEX
2026-01-08,8084,-17000,0,0,-17000,TPEX
2026-01-08,8085,-6000,0,-1,-6001,TPEX
2026-01-08,8086,395000,0,57822,452822,TPEX
2026-01-08,8087,3000,0,0,3000,TPEX
2026-01-08,8088,3896760,0,5105,3901865,TPEX
2026-01-08,8089,-32000,0,0,-32000,TPEX
2026-01-08,8091,28000,0,-2,27998,TPEX
2026-01-08,8092,0,0,0,0,TPEX
2026-01-08,8096,-1242867,0,-322543,-1565410,TPEX
2026-01-08,8097,-16000,0,3,-15997,TPEX
2026-01-08,8099,-27000,0,0,-27000,TPEX
2026-01-08,8107,1000,0,-1,999,TPEX
2026-01-08,8109,30000,0,0,30000,TPEX
2026-01-08,8111,-60090,0,-29666,-89756,TPEX
2026-01-08,8121,-63000,0,1309,-61691,TPEX
2026-01-08,8147,-14000,0,-16019,-30019,TPEX
2026-01-08,8155,-386000,0,75594,-310406,TPEX
2026-01-08,8171,97000,0,0,97000,TPEX
2026-01-08,8176,0,0,-29,-29,TPEX
2026-01-08,8182,0,0,0,0,TPEX
2026-01-08,8183,-207000,0,-1617,-208617,TPEX
2026-01-08,8227,-99000,-5000,-8570,-112570,TPEX
2026-01-08,8234,-279000,0,-1981,-280981,TPEX
2026-01-08,8240,105000,0,1907,106907,TPEX
2026-01-08,8255,26000,0,-1616,24384,TPEX
2026-01-08,8277,1000,0,-580,420,TPEX
2026-01-08,8279,-4000,0,0,-4000,TPEX
2026-01-08,8289,0,0,0,0,TPEX
2026-01-08,8299,37801,14000,63419,115220,TPEX
2026-01-08,8342,0,0,0,0,TPEX
2026-01-08,8349,-34000,0,0,-34000,TPEX
2026-01-08,8354,5000,0,0,5000,TPEX
2026-01-08,8358,-2479718,350000,-1317014,-3446732,TPEX
2026-01-08,8383,32000,0,-431,31569,TPEX
2026-01-08,8390,-149000,0,-27171,-176171,TPEX
2026-01-08,8401,0,0,0,0,TPEX
2026-01-08,8403,12000,0,0,12000,TPEX
2026-01-08,8409,0,0,0,0,TPEX
2026-01-08,8410,-11000,0,0,-11000,TPEX
2026-01-08,8415,-40000,0,-17170,-57170,TPEX
2026-01-08,8421,-7000,0,0,-7000,TPEX
2026-01-08,8423,-1000,0,-9,-1009,TPEX
2026-01-08,8426,-4000,0,0,-4000,TPEX
2026-01-08,8431,900000,0,13611,913611,TPEX
2026-01-08,8432,14000,0,0,14000,TPEX
2026-01-08,8433,-1000,0,0,-1000,TPEX
2026-01-08,8435,-2000,0,0,-2000,TPEX
2026-01-08,8436,34000,73326,30924,138250,TPEX
2026-01-08,8437,3000,0,0,3000,TPEX
2026-01-08,8440,1000,0,28,1028,TPEX
2026-01-08,8444,1000,0,0,1000,TPEX
2026-01-08,8446,33000,0,0,33000,TPEX
2026-01-08,8450,1000,0,0,1000,TPEX
2026-01-08,8472,0,0,105,105,TPEX
2026-01-08,8489,-16000,0,113,-15887,TPEX
2026-01-08,8905,1000,0,0,1000,TPEX
2026-01-08,8906,-5000,0,0,-5000,TPEX
2026-01-08,8908,1000,0,0,1000,TPEX
2026-01-08,8916,25000,0,-18000,7000,TPEX
2026-01-08,8924,5000,0,8,5008,TPEX
2026-01-08,8927,146000,0,0,146000,TPEX
2026-01-08,8928,-5000,0,0,-5000,TPEX
2026-01-08,8929,0,0,0,0,TPEX
2026-01-08,8930,3000,0,51,3051,TPEX
2026-01-08,8931,-2000,0,0,-2000,TPEX
2026-01-08,8932,160015,0,-20357,139658,TPEX
2026-01-08,8933,5000,0,475,5475,TPEX
2026-01-08,8935,-76000,0,-64,-76064,TPEX
2026-01-08,8936,-154000,0,-12317,-166317,TPEX
2026-01-08,8937,24000,0,-3000,21000,TPEX
2026-01-08,8938,102000,0,-503,101497,TPEX
2026-01-08,8941,0,0,0,0,TPEX
2026-01-08,8942,-11000,0,0,-11000,TPEX
2026-01-08,9949,8000,0,0,8000,TPEX
2026-01-08,9950,0,0,0,0,TPEX
2026-01-08,9951,8000,0,-3,7997,TPEX
2026-01-08,9960,15000,0,112,15112,TPEX
2026-01-08,9962,-3000,0,-3000,-6000,TPEX
2026-01-09,1240,1000,0,17,1017,TPEX
2026-01-09,1259,4000,0,0,4000,TPEX
2026-01-09,1264,5000,0,0,5000,TPEX
2026-01-09,1268,-2000,0,0,-2000,TPEX
2026-01-09,1294,11000,0,0,11000,TPEX
2026-01-09,1295,54000,0,190,54190,TPEX
2026-01-09,1336,-8000,0,0,-8000,TPEX
2026-01-09,1565,40000,0,-54065,-14065,TPEX
2026-01-09,1569,31000,0,1593,32593,TPEX
2026-01-09,1570,-33000,0,-297,-33297,TPEX
2026-01-09,1580,4000,0,0,4000,TPEX
2026-01-09,1584,-95000,0,182363,87363,TPEX
2026-01-09,1586,-631000,0,-3973,-634973,TPEX
2026-01-09,1591,-2001,0,0,-2001,TPEX
2026-01-09,1593,-2000,0,0,-2000,TPEX
2026-01-09,1595,21000,0,-198,20802,TPEX
2026-01-09,1599,3000,0,0,3000,TPEX
2026-01-09,1742,0,0,0,0,TPEX
2026-01-09,1777,-6000,0,0,-6000,TPEX
2026-01-09,1781,-1000,0,0,-1000,TPEX
2026-01-09,1784,-37000,0,-10029,-47029,TPEX
2026-01-09,1785,1009150,8000,-156146,861004,TPEX
2026-01-09,1788,1000,0,0,1000,TPEX
2026-01-09,1796,5000,0,0,5000,TPEX
2026-01-09,1799,-2000,0,0,-2000,TPEX
2026-01-09,1813,0,0,247,247,TPEX
2026-01-09,1815,-6274320,0,-130183,-6404503,TPEX
2026-01-09,2061,-4000,0,0,-4000,TPEX
2026-01-09,2064,-1000,0,0,-1000,TPEX
2026-01-09,2065,-3400,0,-535,-3935,TPEX
2026-01-09,2066,2000,0,0,2000,TPEX
2026-01-09,2067,48000,0,0,48000,TPEX
2026-01-09,2070,10000,0,6000,16000,TPEX
2026-01-09,2221,-1000,0,0,-1000,TPEX
2026-01-09,2230,-13000,0,15457,2457,TPEX
2026-01-09,2596,10000,0,0,10000,TPEX
2026-01-09,2640,-23000,0,0,-23000,TPEX
2026-01-09,2641,853000,0,-28930,824070,TPEX
2026-01-09,2643,-1000,0,0,-1000,TPEX
2026-01-09,2718,-5000,0,-289,-5289,TPEX
2026-01-09,2719,5000,0,0,5000,TPEX
2026-01-09,2726,8000,0,0,8000,TPEX
2026-01-09,2729,4000,0,0,4000,TPEX
2026-01-09,2732,-5000,0,-1000,-6000,TPEX
2026-01-09,2734,21000,0,0,21000,TPEX
2026-01-09,2736,2000,0,0,2000,TPEX
2026-01-09,2743,44000,0,1354,45354,TPEX
2026-01-09,2745,18000,0,5000,23000,TPEX
2026-01-09,2751,-1000,0,0,-1000,TPEX
2026-01-09,2752,4000,0,0,4000,TPEX
2026-01-09,2754,-4000,0,0,-4000,TPEX
2026-01-09,2755,0,0,0,0,TPEX
2026-01-09,2756,12000,0,-38,11962,TPEX
2026-01-09,2916,-1000,0,0,-1000,TPEX
2026-01-09,2926,4000,0,0,4000,TPEX
2026-01-09,3064,0,0,925,925,TPEX
2026-01-09,3066,-10000,0,-507,-10507,TPEX
2026-01-09,3071,13000,0,-108,12892,TPEX
2026-01-09,3073,9200,0,0,9200,TPEX
2026-01-09,3078,-364000,7000,13361,-343639,TPEX
2026-01-09,3081,-224025,-100000,46000,-278025,TPEX
2026-01-09,3083,-5000,0,0,-5000,TPEX
2026-01-09,3086,5000,0,449,5449,TPEX
2026-01-09,3088,-207000,0,35626,-171374,TPEX
2026-01-09,3093,-18000,0,217,-17783,TPEX
2026-01-09,3095,-1000,0,0,-1000,TPEX
2026-01-09,3105,-559310,8000,505163,-46147,TPEX
2026-01-09,3114,65000,0,0,65000,TPEX
2026-01-09,3118,-1000,0,0,-1000,TPEX
2026-01-09,3122,-7000,0,-18,-7018,TPEX
2026-01-09,3128,24000,0,0,24000,TPEX
2026-01-09,3131,175986,-57000,-10300,108686,TPEX
2026-01-09,3141,-144000,0,-4171,-148171,TPEX
2026-01-09,3147,2000,0,-123,1877,TPEX
2026-01-09,3152,-184000,0,-29379,-213379,TPEX
2026-01-09,3162,378000,0,-6069,371931,TPEX
2026-01-09,3163,971200,-40000,-7629,923571,TPEX
2026-01-09,3169,-2000,5000,222,3222,TPEX
2026-01-09,3171,-13000,0,-1000,-14000,TPEX
2026-01-09,3176,10000,0,0,10000,TPEX
2026-01-09,3178,-1000,0,0,-1000,TPEX
2026-01-09,3188,-12000,0,0,-12000,TPEX
2026-01-09,3191,1000,0,7,1007,TPEX
2026-01-09,3205,23000,0,0,23000,TPEX
2026-01-09,3206,-10000,0,0,-10000,TPEX
2026-01-09,3207,56500,0,128186,184686,TPEX
2026-01-09,3211,-1090895,-516000,24247,-1582648,TPEX
2026-01-09,3213,24000,0,-117,23883,TPEX
2026-01-09,3217,51198,0,15588,66786,TPEX
2026-01-09,3218,437,0,-149,288,TPEX
2026-01-09,3219,44000,0,-8243,35757,TPEX
2026-01-09,3221,398000,0,28,398028,TPEX
2026-01-09,3224,58000,0,0,58000,TPEX
2026-01-09,3227,-14000,12000,-15484,-17484,TPEX
2026-01-09,3228,-5000,0,-1082,-6082,TPEX
2026-01-09,3230,-349000,0,-2699,-351699,TPEX
2026-01-09,3232,7000,0,0,7000,TPEX
2026-01-09,3234,74000,0,30,74030,TPEX
2026-01-09,3236,943600,0,-3000,940600,TPEX
2026-01-09,3252,-1000,0,0,-1000,TPEX
2026-01-09,3259,-4000,0,0,-4000,TPEX
2026-01-09,3260,785472,-90300,-1000361,-305189,TPEX
2026-01-09,3264,529004,96000,-191401,433603,TPEX
2026-01-09,3265,-53992,11000,65905,22913,TPEX
2026-01-09,3268,5000,0,-13,4987,TPEX
2026-01-09,3272,0,0,0,0,TPEX
2026-01-09,3276,-24000,0,0,-24000,TPEX
2026-01-09,3284,-3000,0,0,-3000,TPEX
2026-01-09,3285,2000,0,0,2000,TPEX
2026-01-09,3287,12000,0,0,12000,TPEX
2026-01-09,3288,0,0,-535,-535,TPEX
2026-01-09,3289,-79111,0,20977,-58134,TPEX
2026-01-09,3290,49000,0,-9992,39008,TPEX
2026-01-09,3293,71308,-32000,-13560,25748,TPEX
2026-01-09,3294,115250,0,9523,124773,TPEX
2026-01-09,3297,58000,0,-274,57726,TPEX
2026-01-09,3303,-43000,0,0,-43000,TPEX
2026-01-09,3306,19000,0,-507,18493,TPEX
2026-01-09,3310,0,0,-13000,-13000,TPEX
2026-01-09,3313,29000,0,0,29000,TPEX
2026-01-09,3317,35000,0,-1058,33942,TPEX
2026-01-09,3322,175000,0,0,175000,TPEX
2026-01-09,3323,-238000,0,-1086,-239086,TPEX
2026-01-09,3324,-156422,0,93999,-62423,TPEX
2026-01-09,3325,-23000,0,0,-23000,TPEX
2026-01-09,3332,5000,0,-1000,4000,TPEX
2026-01-09,3339,26000,0,0,26000,TPEX
2026-01-09,3349,194000,0,0,194000,TPEX
2026-01-09,3354,-17000,0,29000,12000,TPEX
2026-01-09,3357,-91000,0,55876,-35124,TPEX
2026-01-09,3360,0,0,5994,5994,TPEX
2026-01-09,3362,210000,0,1303,211303,TPEX
2026-01-09,3363,41000,0,9868,50868,TPEX
2026-01-09,3372,-141000,0,33638,-107362,TPEX
2026-01-09,3373,-13000,0,0,-13000,TPEX
2026-01-09,3374,-1325950,0,424905,-901045,TPEX
2026-01-09,3379,10000,0,514,10514,TPEX
2026-01-09,3388,4000,0,0,4000,TPEX
2026-01-09,3390,60000,0,-1,59999,TPEX
2026-01-09,3402,-218000,0,-27648,-245648,TPEX
2026-01-09,3430,-132000,0,-18067,-150067,TPEX
2026-01-09,3434,54000,0,0,54000,TPEX
2026-01-09,3438,15000,0,0,15000,TPEX
2026-01-09,3441,2000,0,6,2006,TPEX
2026-01-09,3444,2000,0,-2000,0,TPEX
2026-01-09,3455,-108000,0,748,-107252,TPEX
2026-01-09,3466,17000,0,251,17251,TPEX
2026-01-09,3467,3000,0,0,3000,TPEX
2026-01-09,3479,-17000,0,-17362,-34362,TPEX
2026-01-09,3483,102000,0,-31169,70831,TPEX
2026-01-09,3484,-4000,0,974,-3026,TPEX
2026-01-09,3489,-1000,0,0,-1000,TPEX
2026-01-09,3490,-59000,0,0,-59000,TPEX
2026-01-09,3491,-473000,-54000,-39042,-566042,TPEX
2026-01-09,3492,12000,0,1268,13268,TPEX
2026-01-09,3498,-1484000,0,-118274,-1602274,TPEX
2026-01-09,3499,-24000,0,410,-23590,TPEX
2026-01-09,3508,0,0,-118,-118,TPEX
2026-01-09,3511,16000,0,0,16000,TPEX
2026-01-09,3512,-4000,0,0,-4000,TPEX
2026-01-09,3516,-1000,0,0,-1000,TPEX
2026-01-09,3520,8000,0,0,8000,TPEX
2026-01-09,3521,5000,0,401,5401,TPEX
2026-01-09,3522,-24000,0,29,-23971,TPEX
2026-01-09,3523,3000,0,0,3000,TPEX
2026-01-09,3526,19000,0,-11734,7266,TPEX
2026-01-09,3527,1000,0,0,1000,TPEX
2026-01-09,3529,40002,-55000,9873,-5125,TPEX
2026-01-09,3537,140000,0,0,140000,TPEX
2026-01-09,3540,-3000,0,0,-3000,TPEX
2026-01-09,3541,2994,0,0,2994,TPEX
2026-01-09,3546,40225,0,9531,49756,TPEX
2026-01-09,3548,1025,0,-796,229,TPEX
2026-01-09,3551,105000,0,35804,140804,TPEX
2026-01-09,3552,38384,0,-100119,-61735,TPEX
2026-01-09,3555,-193000,0,0,-193000,TPEX
2026-01-09,3556,0,0,1,1,TPEX
2026-01-09,3558,12560,6000,1310,19870,TPEX
2026-01-09,3564,-24000,0,-342,-24342,TPEX
2026-01-09,3567,4000,0,0,4000,TPEX
2026-01-09,3570,1000,0,0,1000,TPEX
2026-01-09,3577,-9000,0,-217,-9217,TPEX
2026-01-09,3580,164000,0,387,164387,TPEX
2026-01-09,3581,-60000,0,-552,-60552,TPEX
2026-01-09,3587,50000,0,1662,51662,TPEX
2026-01-09,3594,26000,0,-1199,24801,TPEX
2026-01-09,3597,0,0,0,0,TPEX
2026-01-09,3609,3000,0,0,3000,TPEX
2026-01-09,3611,-6000,0,0,-6000,TPEX
2026-01-09,3615,127000,0,0,127000,TPEX
2026-01-09,3623,82000,0,2857,84857,TPEX
2026-01-09,3624,-486891,0,124304,-362587,TPEX
2026-01-09,3625,70000,0,-629,69371,TPEX
2026-01-09,3628,63000,0,-660,62340,TPEX
2026-01-09,3630,-39000,0,-1318,-40318,TPEX
2026-01-09,3631,4000,0,0,4000,TPEX
2026-01-09,3646,-23000,0,0,-23000,TPEX
2026-01-09,3663,88000,0,-10898,77102,TPEX
2026-01-09,3664,-62583,0,0,-62583,TPEX
2026-01-09,3666,-10000,0,0,-10000,TPEX
2026-01-09,3672,-2000,0,0,-2000,TPEX
2026-01-09,3675,23000,0,542,23542,TPEX
2026-01-09,3680,287770,0,-43185,244585,TPEX
2026-01-09,3684,-12000,0,587,-11413,TPEX
2026-01-09,3685,-14000,0,0,-14000,TPEX
2026-01-09,3687,51000,0,-1000,50000,TPEX
2026-01-09,3689,409005,0,-73032,335973,TPEX
2026-01-09,3691,135966,0,-18386,117580,TPEX
2026-01-09,3693,-25500,10000,25125,9625,TPEX
2026-01-09,3707,-1193000,0,-23317,-1216317,TPEX
2026-01-09,3709,160000,0,179379,339379,TPEX
2026-01-09,3710,-41000,0,0,-41000,TPEX
2026-01-09,3713,5000,0,0,5000,TPEX
2026-01-09,4102,1000,0,0,1000,TPEX
2026-01-09,4105,110000,0,-1000,109000,TPEX
2026-01-09,4107,-28000,0,0,-28000,TPEX
2026-01-09,4109,35000,0,0,35000,TPEX
2026-01-09,4111,38000,0,0,38000,TPEX
2026-01-09,4113,-12000,0,-2199,-14199,TPEX
2026-01-09,4114,3000,0,0,3000,TPEX
2026-01-09,4116,-4000,0,0,-4000,TPEX
2026-01-09,4120,-6000,0,0,-6000,TPEX
2026-01-09,4121,10000,0,0,10000,TPEX
2026-01-09,4123,380000,0,5972,385972,TPEX
2026-01-09,4126,0,0,0,0,TPEX
2026-01-09,4127,34000,0,0,34000,TPEX
2026-01-09,4128,-218000,0,51510,-166490,TPEX
2026-01-09,4129,23000,0,-22317,683,TPEX
2026-01-09,4130,-380720,0,-3912,-384632,TPEX
2026-01-09,4131,-1000,0,0,-1000,TPEX
2026-01-09,4138,6000,0,-1,5999,TPEX
2026-01-09,4147,-138000,0,1515,-136485,TPEX
2026-01-09,4153,-1000,0,73,-927,TPEX
2026-01-09,4157,-1192000,0,6224,-1185776,TPEX
2026-01-09,4160,-3000,0,0,-3000,TPEX
2026-01-09,4161,-9000,0,0,-9000,TPEX
2026-01-09,4162,264256,0,-16071,248185,TPEX
2026-01-09,4163,-9000,0,175,-8825,TPEX
2026-01-09,4166,17000,0,0,17000,TPEX
2026-01-09,4167,692000,0,-1068,690932,TPEX
2026-01-09,4168,43782,0,0,43782,TPEX
2026-01-09,4171,52000,0,7370,59370,TPEX
2026-01-09,4173,-10000,0,-2000,-12000,TPEX
2026-01-09,4174,-21032,0,-428,-21460,TPEX
2026-01-09,4175,0,0,0,0,TPEX
2026-01-09,4205,1000,0,0,1000,TPEX
2026-01-09,4207,-21000,0,0,-21000,TPEX
2026-01-09,4303,17850,0,-34778,-16928,TPEX
2026-01-09,4304,1000,0,0,1000,TPEX
2026-01-09,4401,1000,0,0,1000,TPEX
2026-01-09,4402,4000,0,129,4129,TPEX
2026-01-09,4413,3000,0,0,3000,TPEX
2026-01-09,4416,24000,0,0,24000,TPEX
2026-01-09,4417,-197000,0,-17454,-214454,TPEX
2026-01-09,4419,0,0,-208,-208,TPEX
2026-01-09,4420,-2000,0,0,-2000,TPEX
2026-01-09,4430,0,0,0,0,TPEX
2026-01-09,4432,1000,0,-1000,0,TPEX
2026-01-09,4433,-13000,0,0,-13000,TPEX
2026-01-09,4442,-2000,0,-4000,-6000,TPEX
2026-01-09,4503,23000,0,-2113,20887,TPEX
2026-01-09,4506,21000,0,0,21000,TPEX
2026-01-09,4510,1000,0,-497,503,TPEX
2026-01-09,4513,22000,0,0,22000,TPEX
2026-01-09,4523,5000,0,368,5368,TPEX
2026-01-09,4527,1000,0,0,1000,TPEX
2026-01-09,4528,-1000,0,0,-1000,TPEX
2026-01-09,4533,-36000,0,6626,-29374,TPEX
2026-01-09,4534,-1000,0,407,-593,TPEX
2026-01-09,4535,2000,0,5000,7000,TPEX
2026-01-09,4538,8000,0,-81,7919,TPEX
2026-01-09,4541,365000,0,40983,405983,TPEX
2026-01-09,4542,252000,0,12199,264199,TPEX
2026-01-09,4543,-11900,0,-417,-12317,TPEX
2026-01-09,4549,9940,0,999,10939,TPEX
2026-01-09,4550,0,0,0,0,TPEX
2026-01-09,4554,-4000,0,0,-4000,TPEX
2026-01-09,4556,0,0,0,0,TPEX
2026-01-09,4558,2000,0,-35,1965,TPEX
2026-01-09,4561,1000,0,-5,995,TPEX
2026-01-09,4563,14000,0,226,14226,TPEX
2026-01-09,4568,-1000,0,0,-1000,TPEX
2026-01-09,4577,22000,0,-497,21503,TPEX
2026-01-09,4580,0,0,0,0,TPEX
2026-01-09,4702,-4000,0,-49,-4049,TPEX
2026-01-09,4707,44000,0,0,44000,TPEX
2026-01-09,4711,-1000,0,0,-1000,TPEX
2026-01-09,4714,120000,0,-5029,114971,TPEX
2026-01-09,4716,21000,0,0,21000,TPEX
2026-01-09,4721,-24000,0,897,-23103,TPEX
2026-01-09,4726,-145940,0,-14,-145954,TPEX
2026-01-09,4728,0,0,0,0,TPEX
2026-01-09,4729,123000,0,0,123000,TPEX
2026-01-09,4741,1000,0,0,1000,TPEX
2026-01-09,4743,4491000,0,67895,4558895,TPEX
2026-01-09,4744,-41000,0,0,-41000,TPEX
2026-01-09,4745,26000,0,1000,27000,TPEX
2026-01-09,4747,1000,0,0,1000,TPEX
2026-01-09,4749,78700,0,16284,94984,TPEX
2026-01-09,4754,-1000,0,0,-1000,TPEX
2026-01-09,4760,-60000,0,-6292,-66292,TPEX
2026-01-09,4768,-190336,0,-14624,-204960,TPEX
2026-01-09,4772,-277600,46000,170420,-61180,TPEX
2026-01-09,4903,-169000,0,-19407,-188407,TPEX
2026-01-09,4907,-3000,0,0,-3000,TPEX
2026-01-09,4908,8000,0,-3574,4426,TPEX
2026-01-09,4909,-58000,0,6891,-51109,TPEX
2026-01-09,4911,0,0,0,0,TPEX
2026-01-09,4923,7000,0,0,7000,TPEX
2026-01-09,4931,-1680870,-60000,-152791,-1893661,TPEX
2026-01-09,4933,-32000,0,384,-31616,TPEX
2026-01-09,4939,-18000,0,88,-17912,TPEX
2026-01-09,4946,-3000,0,0,-3000,TPEX
2026-01-09,4951,-16000,0,-271,-16271,TPEX
2026-01-09,4953,412000,0,51441,463441,TPEX
2026-01-09,4966,-77947,40000,-14629,-52576,TPEX
2026-01-09,4971,225100,0,36475,261575,TPEX
2026-01-09,4972,0,0,0,0,TPEX
2026-01-09,4973,-1341000,0,-73189,-1414189,TPEX
2026-01-09,4974,-21000,0,-766,-21766,TPEX
2026-01-09,4979,-3907975,-860000,-326095,-5094070,TPEX
2026-01-09,4987,-5000,0,9,-4991,TPEX
2026-01-09,4991,-271000,0,2021,-268979,TPEX
2026-01-09,4995,5000,0,-158,4842,TPEX
2026-01-09,5009,-235000,0,-63374,-298374,TPEX
2026-01-09,5011,20000,0,-1,19999,TPEX
2026-01-09,5013,7000,0,0,7000,TPEX
2026-01-09,5014,52000,0,0,52000,TPEX
2026-01-09,5015,1000,0,0,1000,TPEX
2026-01-09,5201,-31000,0,23,-30977,TPEX
2026-01-09,5202,8000,0,-535,7465,TPEX
2026-01-09,5206,11000,0,0,11000,TPEX
2026-01-09,5209,64000,0,-1663,62337,TPEX
2026-01-09,5210,1000,0,0,1000,TPEX
2026-01-09,5212,6000,0,0,6000,TPEX
2026-01-09,5213,486074,0,-3115,482959,TPEX
2026-01-09,5220,3000,0,0,3000,TPEX
2026-01-09,5223,-32000,0,1000,-31000,TPEX
2026-01-09,5227,-138000,0,-2238,-140238,TPEX
2026-01-09,5228,31000,0,43,31043,TPEX
2026-01-09,5230,24000,0,-327,23673,TPEX
2026-01-09,5236,-57000,0,-421,-57421,TPEX
2026-01-09,5245,-1000,0,177,-823,TPEX
2026-01-09,5251,35000,0,719,35719,TPEX
2026-01-09,5263,-230000,0,2916,-227084,TPEX
2026-01-09,5272,-9000,0,0,-9000,TPEX
2026-01-09,5274,-32153,39970,-1190,6627,TPEX
2026-01-09,5278,58000,0,-85,57915,TPEX
2026-01-09,5287,-27092,0,0,-27092,TPEX
2026-01-09,5289,688559,6000,-213518,481041,TPEX
2026-01-09,5291,107000,0,6781,113781,TPEX
2026-01-09,5299,4000,0,0,4000,TPEX
2026-01-09,5301,2000,0,0,2000,TPEX
2026-01-09,5302,13000,0,-720,12280,TPEX
2026-01-09,5309,-197990,-2000,-390,-200380,TPEX
2026-01-09,5312,2000,0,-10000,-8000,TPEX
2026-01-09,5314,-2182520,0,-89170,-2271690,TPEX
2026-01-09,5315,-139000,0,2000,-137000,TPEX
2026-01-09,5321,-4000,0,0,-4000,TPEX
2026-01-09,5324,-5000,0,0,-5000,TPEX
2026-01-09,5328,2251000,0,208,2251208,TPEX
2026-01-09,5340,213000,0,41579,254579,TPEX
2026-01-09,5344,0,0,-10,-10,TPEX
2026-01-09,5345,0,0,240,240,TPEX
2026-01-09,5347,-284193,4179263,393811,4288881,TPEX
2026-01-09,5351,1104214,0,-1000,1103214,TPEX
2026-01-09,5353,-15000,0,-1969,-16969,TPEX
2026-01-09,5355,3000,0,0,3000,TPEX
2026-01-09,5356,-22000,0,0,-22000,TPEX
2026-01-09,5371,-4038938,0,-514472,-4553410,TPEX
2026-01-09,5381,873000,0,0,873000,TPEX
2026-01-09,5386,-105980,0,-918,-106898,TPEX
2026-01-09,5392,-73000,0,-12707,-85707,TPEX
2026-01-09,5398,-11000,0,0,-11000,TPEX
2026-01-09,5403,2000,0,0,2000,TPEX
2026-01-09,5410,-12000,0,217,-11783,TPEX
2026-01-09,5425,-437000,0,263194,-173806,TPEX
2026-01-09,5426,-74000,0,-478,-74478,TPEX
2026-01-09,5432,49000,0,562,49562,TPEX
2026-01-09,5438,135000,0,138,135138,TPEX
2026-01-09,5439,-384000,-10000,-4983,-398983,TPEX
2026-01-09,5443,128940,0,4377,133317,TPEX
2026-01-09,5450,1000,0,-1000,0,TPEX
2026-01-09,5452,105050,0,-903,104147,TPEX
2026-01-09,5457,-31000,-3000,-75551,-109551,TPEX
2026-01-09,5460,-2000,0,631,-1369,TPEX
2026-01-09,5464,-2000,0,0,-2000,TPEX
2026-01-09,5465,-183000,0,-18578,-201578,TPEX
2026-01-09,5468,83000,0,15,83015,TPEX
2026-01-09,5474,-42000,0,-1302,-43302,TPEX
2026-01-09,5475,414023,0,578,414601,TPEX
2026-01-09,5478,-19000,0,125,-18875,TPEX
2026-01-09,5481,-174000,0,0,-174000,TPEX
2026-01-09,5483,1775971,-52660,-53393,1669918,TPEX
2026-01-09,5487,8000,0,0,8000,TPEX
2026-01-09,5488,-1184,0,0,-1184,TPEX
2026-01-09,5489,9000,0,0,9000,TPEX
2026-01-09,5490,-159000,0,-1398,-160398,TPEX
2026-01-09,5493,25000,0,7051,32051,TPEX
2026-01-09,5498,-655961,0,53000,-602961,TPEX
2026-01-09,5508,-252000,0,3043,-248957,TPEX
2026-01-09,5511,43000,0,0,43000,TPEX
2026-01-09,5512,-29000,0,0,-29000,TPEX
2026-01-09,5514,-3000,0,0,-3000,TPEX
2026-01-09,5516,0,0,0,0,TPEX
2026-01-09,5520,-2000,0,0,-2000,TPEX
2026-01-09,5529,0,0,0,0,TPEX
2026-01-09,5530,-75000,0,997,-74003,TPEX
2026-01-09,5536,-282776,-74000,-136943,-493719,TPEX
2026-01-09,5543,0,0,1347,1347,TPEX
2026-01-09,5548,-7000,0,0,-7000,TPEX
2026-01-09,5603,-12000,0,0,-12000,TPEX
2026-01-09,5609,25000,0,0,25000,TPEX
2026-01-09,5701,0,0,-6,-6,TPEX
2026-01-09,5704,-1000,0,0,-1000,TPEX
2026-01-09,5864,821000,0,0,821000,TPEX
2026-01-09,5878,0,0,17,17,TPEX
2026-01-09,5902,7000,0,0,7000,TPEX
2026-01-09,5903,-11000,-53000,13000,-51000,TPEX
2026-01-09,5904,-91164,-6000,848,-96316,TPEX
2026-01-09,5905,-16318,0,-299,-16617,TPEX
2026-01-09,6015,-450000,0,0,-450000,TPEX
2026-01-09,6016,790700,0,0,790700,TPEX
2026-01-09,6020,1000,0,0,1000,TPEX
2026-01-09,6021,26000,0,0,26000,TPEX
2026-01-09,6023,22000,1000,0,23000,TPEX
2026-01-09,6026,16000,0,0,16000,TPEX
2026-01-09,6104,1309000,0,47312,1356312,TPEX
2026-01-09,6109,-4000,0,-253,-4253,TPEX
2026-01-09,6111,29000,0,4624,33624,TPEX
2026-01-09,6113,64000,0,12122,76122,TPEX
2026-01-09,6114,2000,0,0,2000,TPEX
2026-01-09,6118,25000,0,-1,24999,TPEX
2026-01-09,6121,-98500,83823,6293,-8384,TPEX
2026-01-09,6122,87000,0,31000,118000,TPEX
2026-01-09,6123,-4000,0,-134,-4134,TPEX
2026-01-09,6124,0,0,0,0,TPEX
2026-01-09,6125,-200000,0,-29745,-229745,TPEX
2026-01-09,6126,-100000,0,-55131,-155131,TPEX
2026-01-09,6127,-231000,0,591,-230409,TPEX
2026-01-09,6129,313000,0,-771,312229,TPEX
2026-01-09,6130,52000,0,0,52000,TPEX
2026-01-09,6134,235000,0,374,235374,TPEX
2026-01-09,6138,60000,18000,-5174,72826,TPEX
2026-01-09,6140,56000,0,18,56018,TPEX
2026-01-09,6143,317000,0,11792,328792,TPEX
2026-01-09,6146,513056,0,-397,512659,TPEX
2026-01-09,6147,-343900,52599,-31885,-323186,TPEX
2026-01-09,6148,30000,0,468,30468,TPEX
2026-01-09,6150,51000,0,-4094,46906,TPEX
2026-01-09,6151,-1000,0,0,-1000,TPEX
2026-01-09,6154,-1000,0,0,-1000,TPEX
2026-01-09,6156,107000,0,0,107000,TPEX
2026-01-09,6158,-2000,0,0,-2000,TPEX
2026-01-09,6160,-11000,0,792,-10208,TPEX
2026-01-09,6161,24000,0,253,24253,TPEX
2026-01-09,6163,935000,0,13011,948011,TPEX
2026-01-09,6167,81308,0,-820,80488,TPEX
2026-01-09,6169,0,0,-4,-4,TPEX
2026-01-09,6170,18000,0,0,18000,TPEX
2026-01-09,6173,-48980,0,-24378,-73358,TPEX
2026-01-09,6174,0,0,0,0,TPEX
2026-01-09,6175,112000,0,-24954,87046,TPEX
2026-01-09,6179,343000,0,-1173,341827,TPEX
2026-01-09,6180,-89000,-306633,425,-395208,TPEX
2026-01-09,6182,774000,0,-468556,305444,TPEX
2026-01-09,6185,-71000,0,108,-70892,TPEX
2026-01-09,6186,-73229,0,-1511,-74740,TPEX
2026-01-09,6187,-852395,0,-93009,-945404,TPEX
2026-01-09,6188,388300,0,-117455,270845,TPEX
2026-01-09,6190,1019045,0,363357,1382402,TPEX
2026-01-09,6194,31000,0,0,31000,TPEX
2026-01-09,6195,7000,0,0,7000,TPEX
2026-01-09,6199,164000,0,12639,176639,TPEX
2026-01-09,6203,91000,0,1499,92499,TPEX
2026-01-09,6204,59000,0,-1000,58000,TPEX
2026-01-09,6207,-108000,0,6556,-101444,TPEX
2026-01-09,6208,-1000,0,-49,-1049,TPEX
2026-01-09,6217,25000,0,-8118,16882,TPEX
2026-01-09,6218,145015,0,8,145023,TPEX
2026-01-09,6219,31000,0,0,31000,TPEX
2026-01-09,6220,6000,0,0,6000,TPEX
2026-01-09,6221,-33000,0,0,-33000,TPEX
2026-01-09,6222,-1000,0,0,-1000,TPEX
2026-01-09,6223,-8692,-282000,36921,-253771,TPEX
2026-01-09,6227,24000,0,1752,25752,TPEX
2026-01-09,6228,-1000,0,0,-1000,TPEX
2026-01-09,6229,23000,0,-244,22756,TPEX
2026-01-09,6231,-110000,0,-16725,-126725,TPEX
2026-01-09,6233,12000,0,0,12000,TPEX
2026-01-09,6234,-122000,0,0,-122000,TPEX
2026-01-09,6237,75000,0,-1353,73647,TPEX
2026-01-09,6241,-3000,0,-2,-3002,TPEX
2026-01-09,6244,382500,0,-56192,326308,TPEX
2026-01-09,6245,52000,0,-32071,19929,TPEX
2026-01-09,6246,0,0,117,117,TPEX
2026-01-09,6248,-21000,0,0,-21000,TPEX
2026-01-09,6259,3000,0,0,3000,TPEX
2026-01-09,6261,276000,0,0,276000,TPEX
2026-01-09,6263,10000,0,2,10002,TPEX
2026-01-09,6264,-1000,0,0,-1000,TPEX
2026-01-09,6265,-120000,0,92919,-27081,TPEX
2026-01-09,6266,109000,0,-509,108491,TPEX
2026-01-09,6270,15000,0,-16000,-1000,TPEX
2026-01-09,6274,-757754,-250000,34179,-973575,TPEX
2026-01-09,6275,88000,0,226,88226,TPEX
2026-01-09,6276,-4000,0,-711,-4711,TPEX
2026-01-09,6279,-100000,-6000,5264,-100736,TPEX
2026-01-09,6284,190000,0,-136,189864,TPEX
2026-01-09,6290,-23696,-578000,-66263,-667959,TPEX
2026-01-09,6291,-14000,0,-1993,-15993,TPEX
2026-01-09,6292,3000,0,0,3000,TPEX
2026-01-09,6294,-5000,0,0,-5000,TPEX
2026-01-09,6411,-5896,0,-169,-6065,TPEX
2026-01-09,6417,-13000,0,17000,4000,TPEX
2026-01-09,6418,23000,0,0,23000,TPEX
2026-01-09,6419,9000,0,1494,10494,TPEX
2026-01-09,6425,-6000,0,460,-5540,TPEX
2026-01-09,6432,137000,0,0,137000,TPEX
2026-01-09,6435,5000,0,-4108,892,TPEX
2026-01-09,6441,-10000,0,-179,-10179,TPEX
2026-01-09,6461,80000,0,365,80365,TPEX
2026-01-09,6462,-169000,0,-38882,-207882,TPEX
2026-01-09,6465,-33000,0,-1131,-34131,TPEX
2026-01-09,6469,-68000,0,632,-67368,TPEX
2026-01-09,6470,-38000,0,0,-38000,TPEX
2026-01-09,6474,3000,0,-13000,-10000,TPEX
2026-01-09,6485,220914,0,-9652,211262,TPEX
2026-01-09,6486,12000,0,0,12000,TPEX
2026-01-09,6488,286620,580180,-295164,571636,TPEX
2026-01-09,6492,12000,0,0,12000,TPEX
2026-01-09,6494,2000,0,0,2000,TPEX
2026-01-09,6496,3000,0,0,3000,TPEX
2026-01-09,6498,8000,0,0,8000,TPEX
2026-01-09,6499,112000,0,-190,111810,TPEX
2026-01-09,6508,-1000,0,0,-1000,TPEX
2026-01-09,6509,36000,0,0,36000,TPEX
2026-01-09,6510,81167,-83300,-6194,-8327,TPEX
2026-01-09,6516,1000,0,0,1000,TPEX
2026-01-09,6517,15000,0,-101,14899,TPEX
2026-01-09,6523,0,0,0,0,TPEX
2026-01-09,6527,3000,0,187,3187,TPEX
2026-01-09,6530,-23000,0,634,-22366,TPEX
2026-01-09,6532,5000,0,0,5000,TPEX
2026-01-09,6535,85000,0,-167,84833,TPEX
2026-01-09,6538,2000,-466,-53,1481,TPEX
2026-01-09,6542,-1000,0,0,-1000,TPEX
2026-01-09,6546,-32000,0,5104,-26896,TPEX
2026-01-09,6547,-60000,0,-8573,-68573,TPEX
2026-01-09,6548,1510500,7000,647,1518147,TPEX
2026-01-09,6556,3000,0,0,3000,TPEX
2026-01-09,6560,5000,0,107,5107,TPEX
2026-01-09,6561,-30000,0,-619,-30619,TPEX
2026-01-09,6568,10000,0,254,10254,TPEX
2026-01-09,6569,1000,0,0,1000,TPEX
2026-01-09,6570,3000,0,0,3000,TPEX
2026-01-09,6576,-59000,0,0,-59000,TPEX
2026-01-09,6577,0,0,0,0,TPEX
2026-01-09,6578,-4000,0,0,-4000,TPEX
2026-01-09,6584,150000,-483000,2526,-330474,TPEX
2026-01-09,6588,55000,0,0,55000,TPEX
2026-01-09,6593,-3000,0,0,-3000,TPEX
2026-01-09,6596,-247000,0,12129,-234871,TPEX
2026-01-09,6597,-1000,0,0,-1000,TPEX
2026-01-09,6603,1070500,0,131052,1201552,TPEX
2026-01-09,6609,66000,0,762,66762,TPEX
2026-01-09,6612,-300,0,5,-295,TPEX
2026-01-09,6613,-104750,-1683,-5855,-112288,TPEX
2026-01-09,6615,-8000,0,0,-8000,TPEX
2026-01-09,6616,-4000,0,2000,-2000,TPEX
2026-01-09,6617,-74000,0,0,-74000,TPEX
2026-01-09,6620,173000,0,0,173000,TPEX
2026-01-09,6624,4000,0,2000,6000,TPEX
2026-01-09,6629,-3000,0,755,-2245,TPEX
2026-01-09,6637,0,0,0,0,TPEX
2026-01-09,6640,65000,30000,-6685,88315,TPEX
2026-01-09,6642,25000,0,0,25000,TPEX
2026-01-09,6643,-12950,2000,-30147,-41097,TPEX
2026-01-09,6649,-7000,0,0,-7000,TPEX
2026-01-09,6651,36070,0,92,36162,TPEX
2026-01-09,6654,-4000,0,0,-4000,TPEX
2026-01-09,6664,114000,0,-3738,110262,TPEX
2026-01-09,6667,-35990,0,-559,-36549,TPEX
2026-01-09,6679,-6000,0,-606,-6606,TPEX
2026-01-09,6683,-42000,0,8851,-33149,TPEX
2026-01-09,6684,49000,0,295,49295,TPEX
2026-01-09,6690,3000,0,0,3000,TPEX
2026-01-09,6692,13000,0,-4954,8046,TPEX
2026-01-09,6693,96000,0,2000,98000,TPEX
2026-01-09,6697,-3000,0,0,-3000,TPEX
2026-01-09,6703,-1000,0,-2368,-3368,TPEX
2026-01-09,6708,-1000,0,0,-1000,TPEX
2026-01-09,6712,-67000,0,-41,-67041,TPEX
2026-01-09,6716,-2000,0,0,-2000,TPEX
2026-01-09,6720,-2000,0,0,-2000,TPEX
2026-01-09,6725,-111000,0,-27193,-138193,TPEX
2026-01-09,6727,-25000,0,-9000,-34000,TPEX
2026-01-09,6728,2000,0,32,2032,TPEX
2026-01-09,6732,-25000,0,648,-24352,TPEX
2026-01-09,6733,-167000,0,122,-166878,TPEX
2026-01-09,6735,-3000,0,0,-3000,TPEX
2026-01-09,6739,-21988,-16000,623,-37365,TPEX
2026-01-09,6741,3000,0,0,3000,TPEX
2026-01-09,6751,-3000,0,0,-3000,TPEX
2026-01-09,6752,3000,0,600,3600,TPEX
2026-01-09,6761,40000,0,-2972,37028,TPEX
2026-01-09,6763,122000,0,12336,134336,TPEX
2026-01-09,6767,3000,0,0,3000,TPEX
2026-01-09,6785,15000,0,-5080,9920,TPEX
2026-01-09,6788,-262910,45000,24869,-193041,TPEX
2026-01-09,6791,-7000,0,0,-7000,TPEX
2026-01-09,6803,-20000,0,3000,-17000,TPEX
2026-01-09,6811,-10000,0,351,-9649,TPEX
2026-01-09,6823,62000,0,-7000,55000,TPEX
2026-01-09,6829,16000,0,3159,19159,TPEX
2026-01-09,6840,1000,0,0,1000,TPEX
2026-01-09,6841,-20000,0,190,-19810,TPEX
2026-01-09,6843,1000,0,0,1000,TPEX
2026-01-09,6859,8000,0,938,8938,TPEX
2026-01-09,6865,0,0,0,0,TPEX
2026-01-09,6870,-5970,0,1018,-4952,TPEX
2026-01-09,6872,1000,0,0,1000,TPEX
2026-01-09,6874,3000,0,0,3000,TPEX
2026-01-09,6875,-40000,0,151,-39849,TPEX
2026-01-09,6877,-18000,0,-2140,-20140,TPEX
2026-01-09,6894,4000,0,0,4000,TPEX
2026-01-09,6895,24000,0,1259,25259,TPEX
2026-01-09,6903,113000,0,11585,124585,TPEX
2026-01-09,6904,-1000,0,0,-1000,TPEX
2026-01-09,6910,7000,0,-776,6224,TPEX
2026-01-09,6913,46005,7000,1740,54745,TPEX
2026-01-09,6922,-18000,0,4970,-13030,TPEX
2026-01-09,6925,-5000,0,-37,-5037,TPEX
2026-01-09,6929,1000,0,0,1000,TPEX
2026-01-09,6953,34900,0,8000,42900,TPEX
2026-01-09,6967,45000,0,1484,46484,TPEX
2026-01-09,6968,2000,0,0,2000,TPEX
2026-01-09,6971,8000,0,1000,9000,TPEX
2026-01-09,6982,2000,0,0,2000,TPEX
2026-01-09,6996,30000,0,0,30000,TPEX
2026-01-09,7402,-29000,0,15030,-13970,TPEX
2026-01-09,7547,0,0,0,0,TPEX
2026-01-09,7556,-4000,0,0,-4000,TPEX
2026-01-09,7584,-2000,0,0,-2000,TPEX
2026-01-09,7642,-3000,0,-27,-3027,TPEX
2026-01-09,7703,106000,0,-538,105462,TPEX
2026-01-09,7704,-1000,0,0,-1000,TPEX
2026-01-09,7712,1000,0,0,1000,TPEX
2026-01-09,7714,-72000,0,-22,-72022,TPEX
2026-01-09,7715,6000,0,0,6000,TPEX
2026-01-09,7716,-1000,0,0,-1000,TPEX
2026-01-09,7717,-1000,0,0,-1000,TPEX
2026-01-09,7723,33000,0,0,33000,TPEX
2026-01-09,7728,4500,0,-1000,3500,TPEX
2026-01-09,7734,-4000,0,-433,-4433,TPEX
2026-01-09,7738,-8000,0,0,-8000,TPEX
2026-01-09,7743,-6000,0,0,-6000,TPEX
2026-01-09,7744,32000,0,-1137,30863,TPEX
2026-01-09,7751,41350,0,2526,43876,TPEX
2026-01-09,7757,-9000,0,0,-9000,TPEX
2026-01-09,7767,1000,0,0,1000,TPEX
2026-01-09,7770,-2000,0,-243,-2243,TPEX
2026-01-09,7777,-91000,0,-11,-91011,TPEX
2026-01-09,7805,-1000,0,0,-1000,TPEX
2026-01-09,7810,19106,0,-14,19092,TPEX
2026-01-09,8024,1000,0,0,1000,TPEX
2026-01-09,8027,160000,0,8124,168124,TPEX
2026-01-09,8032,2000,0,5045,7045,TPEX
2026-01-09,8034,147000,0,10000,157000,TPEX
2026-01-09,8038,197963,0,-1750,196213,TPEX
2026-01-09,8040,7000,0,0,7000,TPEX
2026-01-09,8042,3076026,0,248808,3324834,TPEX
2026-01-09,8043,1346000,0,75908,1421908,TPEX
2026-01-09,8044,175000,0,246,175246,TPEX
2026-01-09,8047,-17000,0,126,-16874,TPEX
2026-01-09,8048,29000,0,919,29919,TPEX
2026-01-09,8049,124000,0,-75,123925,TPEX
2026-01-09,8050,37000,0,-688,36312,TPEX
2026-01-09,8054,-342000,0,-71623,-413623,TPEX
2026-01-09,8059,-178000,0,-1242,-179242,TPEX
2026-01-09,8064,448000,0,-151881,296119,TPEX
2026-01-09,8068,-6000,0,42000,36000,TPEX
2026-01-09,8069,-2184759,-12800,123870,-2073689,TPEX
2026-01-09,8071,45000,0,917,45917,TPEX
2026-01-09,8074,-944100,0,-12816,-956916,TPEX
2026-01-09,8076,45000,0,-1,44999,TPEX
2026-01-09,8077,0,0,-11,-11,TPEX
2026-01-09,8080,-2000,0,-553,-2553,TPEX
2026-01-09,8083,25000,0,0,25000,TPEX
2026-01-09,8084,0,0,14,14,TPEX
2026-01-09,8085,-44000,0,-494,-44494,TPEX
2026-01-09,8086,-51000,0,-27741,-78741,TPEX
2026-01-09,8088,-3519900,0,-42396,-3562296,TPEX
2026-01-09,8089,124000,0,-44,123956,TPEX
2026-01-09,8091,68000,0,1150,69150,TPEX
2026-01-09,8092,-40000,0,0,-40000,TPEX
2026-01-09,8096,1455000,0,296181,1751181,TPEX
2026-01-09,8097,3000,0,0,3000,TPEX
2026-01-09,8099,-44000,0,-497,-44497,TPEX
2026-01-09,8107,3000,0,-5,2995,TPEX
2026-01-09,8109,116000,0,24020,140020,TPEX
2026-01-09,8111,121000,0,25100,146100,TPEX
2026-01-09,8121,1595,0,-20093,-18498,TPEX
2026-01-09,8147,-2000,0,18,-1982,TPEX
2026-01-09,8155,937800,0,242910,1180710,TPEX
2026-01-09,8171,23000,0,0,23000,TPEX
2026-01-09,8176,0,0,-293,-293,TPEX
2026-01-09,8182,2000,0,0,2000,TPEX
2026-01-09,8183,16000,0,-15988,12,TPEX
2026-01-09,8227,-50000,0,-2045,-52045,TPEX
2026-01-09,8234,-17600,7000,-3715,-14315,TPEX
2026-01-09,8240,-538000,0,-144,-538144,TPEX
2026-01-09,8255,-16000,0,4634,-11366,TPEX
2026-01-09,8277,85000,0,-348,84652,TPEX
2026-01-09,8279,-1000,0,0,-1000,TPEX
2026-01-09,8289,0,0,0,0,TPEX
2026-01-09,8299,110077,-96000,43441,57518,TPEX
2026-01-09,8349,-4000,0,0,-4000,TPEX
2026-01-09,8354,1000,0,0,1000,TPEX
2026-01-09,8358,273475,0,71611,345086,TPEX
2026-01-09,8383,8000,0,6590,14590,TPEX
2026-01-09,8390,175000,0,13459,188459,TPEX
2026-01-09,8401,1000,0,0,1000,TPEX
2026-01-09,8403,50000,0,0,50000,TPEX
2026-01-09,8410,-23000,0,0,-23000,TPEX
2026-01-09,8415,-247000,4000,0,-243000,TPEX
2026-01-09,8421,5000,0,0,5000,TPEX
2026-01-09,8423,-1000,0,0,-1000,TPEX
2026-01-09,8426,-1000,0,0,-1000,TPEX
2026-01-09,8431,-210935,0,-63405,-274340,TPEX
2026-01-09,8432,0,0,0,0,TPEX
2026-01-09,8433,5000,0,0,5000,TPEX
2026-01-09,8435,1000,0,0,1000,TPEX
2026-01-09,8436,234000,94850,4170,333020,TPEX
2026-01-09,8437,2000,0,370,2370,TPEX
2026-01-09,8440,-4900,0,0,-4900,TPEX
2026-01-09,8444,2000,0,0,2000,TPEX
2026-01-09,8446,-4000,0,0,-4000,TPEX
2026-01-09,8450,-1000,0,0,-1000,TPEX
2026-01-09,8472,-1000,0,0,-1000,TPEX
2026-01-09,8489,-23000,0,-1,-23001,TPEX
2026-01-09,8905,1000,0,0,1000,TPEX
2026-01-09,8906,18000,0,0,18000,TPEX
2026-01-09,8908,10000,0,0,10000,TPEX
2026-01-09,8916,7000,0,-9000,-2000,TPEX
2026-01-09,8924,7000,0,0,7000,TPEX
2026-01-09,8927,248999,0,0,248999,TPEX
2026-01-09,8928,3000,0,0,3000,TPEX
2026-01-09,8929,1000,0,0,1000,TPEX
2026-01-09,8930,22000,0,0,22000,TPEX
2026-01-09,8931,-1000,0,0,-1000,TPEX
2026-01-09,8932,-270064,0,-29108,-299172,TPEX
2026-01-09,8933,-4000,0,-123,-4123,TPEX
2026-01-09,8935,51000,0,53,51053,TPEX
2026-01-09,8936,-75000,0,-54446,-129446,TPEX
2026-01-09,8937,-10000,0,6962,-3038,TPEX
2026-01-09,8938,29780,0,1047,30827,TPEX
2026-01-09,8941,0,0,0,0,TPEX
2026-01-09,8942,6000,0,-34000,-28000,TPEX
2026-01-09,9949,-7000,0,0,-7000,TPEX
2026-01-09,9951,-16000,0,0,-16000,TPEX
2026-01-09,9962,-6000,0,-201,-6201,TPEX
